age,gender,bmi,smoker,diabetes,hypertension,heart_disease,asthma,physical_activity_level,daily_steps,sleep_hours,stress_level,doctor_visits_per_year,hospital_admissions,medication_count,insurance_type,insurance_coverage_pct,city_type,previous_year_cost,annual_medical_cost
69,Male,29.4,No,1,0,0,0,Medium,14825,4.4,8,1,0,4,Private,80.0,Semi-Urban,10885,13228.0
32,Female,22.9,No,1,0,0,0,Medium,3620,6.0,7,4,3,0,Government,64.0,Semi-Urban,18722,30444.0
89,Male,25.7,No,0,0,0,0,High,10578,4.5,7,2,0,3,,0.0,Urban,4196,8410.0
78,Male,31.9,Yes,0,1,0,0,Low,6226,8.6,9,6,1,7,Government,70.0,Urban,11128,26655.0
38,Male,27.7,No,0,0,0,0,High,6253,5.7,3,6,0,6,Private,77.0,Urban,15110,13924.0
41,Male,25.7,No,0,0,0,0,Medium,14720,7.7,10,5,2,6,Private,89.0,Urban,18459,27929.0
20,Female,23.0,Yes,0,0,0,0,High,14762,4.4,8,5,0,4,Government,71.0,Rural,10047,13904.0
39,Female,22.8,No,0,0,0,0,Low,9726,4.6,6,3,1,2,Government,66.0,Rural,13775,15597.0
70,Male,21.7,Yes,0,0,0,0,Low,10800,7.4,8,8,0,2,Government,54.0,Rural,8289,13938.0
19,Male,23.3,No,0,0,0,0,Medium,3398,8.2,4,5,1,4,Government,50.0,Urban,16291,17966.0
47,Female,29.8,No,0,0,0,0,Low,8195,5.0,1,5,0,3,Private,82.0,Rural,4138,7675.0
55,Female,24.9,Yes,0,0,0,1,High,5632,6.1,3,4,1,6,Government,64.0,Semi-Urban,7829,21696.0
19,Female,19.3,No,0,1,0,0,Low,12106,7.1,10,0,2,1,,0.0,Rural,9162,20508.0
81,Male,34.8,No,0,0,0,0,Low,8232,8.0,3,3,0,1,Government,63.0,Urban,18397,10783.0
77,Female,27.6,Yes,0,0,1,0,Low,14505,7.1,1,2,2,3,,0.0,Semi-Urban,8749,28393.0
38,Male,19.0,No,0,1,0,0,Low,14351,4.5,5,5,3,4,Government,52.0,Semi-Urban,1728,28048.0
50,Male,23.8,No,0,0,0,0,Medium,9655,6.7,6,2,0,0,Government,51.0,Semi-Urban,11758,7241.0
75,Female,26.6,No,0,1,0,0,Medium,1022,8.4,9,7,1,1,Government,72.0,Urban,3058,16615.0
39,Male,34.5,Yes,0,0,1,0,Low,9880,8.3,8,2,3,2,Private,70.0,Urban,3883,32980.0
66,Female,20.5,Yes,0,0,0,0,Low,13258,6.9,4,2,1,0,Private,83.0,Semi-Urban,4438,13866.0
76,Male,30.9,Yes,0,0,0,0,Low,13415,9.0,6,5,2,2,Government,53.0,Rural,6775,24279.0
59,Female,33.0,No,0,1,0,0,Low,2286,4.5,3,5,1,6,Government,78.0,Semi-Urban,9400,20390.0
77,Male,22.9,No,0,0,1,0,Medium,4860,6.4,1,5,0,3,Private,72.0,Rural,4290,13114.0
32,Male,24.6,No,0,1,1,0,Medium,11274,7.9,9,5,0,0,Government,62.0,Semi-Urban,16444,17111.0
79,Female,20.8,No,0,0,0,1,Medium,11726,4.7,8,0,2,5,,0.0,Semi-Urban,14561,25672.0
79,Female,25.0,Yes,0,0,0,0,High,13388,8.9,6,7,0,5,Private,72.0,Rural,2085,13955.0
64,Female,25.8,No,0,1,0,0,High,1736,5.8,3,8,1,5,Government,69.0,Rural,17979,23248.0
79,Female,29.3,No,0,0,0,0,Medium,7884,5.8,5,4,0,3,Private,87.0,Semi-Urban,19389,13276.0
68,Male,31.5,No,0,1,0,0,Medium,13898,5.1,9,4,1,7,Private,93.0,Urban,11339,22707.0
72,Female,22.3,No,0,0,1,0,High,14393,5.4,7,4,1,1,,0.0,Urban,19467,22749.0
81,Female,16.2,No,0,1,0,0,Medium,10532,6.9,2,4,3,3,Government,61.0,Semi-Urban,17980,31900.0
20,Male,25.9,No,0,0,0,0,Low,3377,6.1,6,1,1,5,Government,67.0,Urban,2185,13432.0
68,Female,27.5,Yes,1,0,0,0,Medium,9387,5.0,9,4,0,1,Private,89.0,Rural,12778,15718.0
24,Female,27.2,No,0,1,0,0,High,11653,8.0,10,8,0,6,Private,73.0,Semi-Urban,7189,15453.0
38,Male,24.4,Yes,0,0,0,1,High,6628,4.3,1,3,0,1,,0.0,Urban,9123,10929.0
56,Female,26.6,No,0,0,0,0,Low,10696,8.2,5,2,2,4,Government,79.0,Urban,14788,23354.0
35,Female,33.6,Yes,0,0,0,0,High,3115,5.4,9,5,2,3,,0.0,Urban,9316,25703.0
21,Female,27.9,Yes,0,0,0,0,High,14704,6.5,3,3,0,0,,0.0,Urban,9010,8760.0
77,Female,24.1,No,0,1,0,0,Low,6392,5.9,3,4,0,5,Government,52.0,Semi-Urban,3568,11533.0
31,Female,23.5,No,0,0,0,1,High,6418,6.9,10,7,2,5,Government,68.0,Urban,15761,28353.0
26,Female,25.2,No,0,0,1,0,High,3918,8.0,9,3,1,0,Government,70.0,Urban,13140,19218.0
70,Male,34.2,No,1,0,0,0,Low,9023,8.9,3,2,2,4,Government,54.0,Semi-Urban,19191,27283.0
19,Female,25.1,No,0,1,0,0,Medium,13216,5.5,9,2,3,3,Government,59.0,Urban,1558,26600.0
77,Male,25.9,No,0,0,0,0,Low,10062,6.8,10,4,1,4,Private,77.0,Rural,11686,18623.0
88,Male,23.6,Yes,0,0,0,0,Medium,9376,6.3,3,6,1,1,Private,71.0,Urban,7275,17451.0
61,Male,31.5,No,0,0,0,0,High,10881,9.0,8,2,2,7,,0.0,Semi-Urban,4197,23424.0
25,Male,35.8,No,0,0,0,0,Medium,2212,8.0,10,3,2,3,Government,51.0,Rural,15287,23760.0
64,Female,28.3,No,0,1,0,0,Medium,12837,6.0,9,6,0,0,Private,88.0,Urban,18261,13807.0
52,Female,26.4,Yes,0,0,0,0,High,14330,6.4,3,4,1,5,Government,54.0,Urban,18497,22581.0
53,Female,26.2,No,0,0,0,0,High,7224,5.2,1,8,1,7,,0.0,Urban,6990,18943.0
67,Male,14.1,Yes,0,0,0,0,Low,9689,7.8,9,5,1,5,Government,56.0,Urban,3947,19747.0
21,Female,29.7,No,0,1,0,0,High,2565,8.2,7,5,0,5,Private,90.0,Semi-Urban,3794,11849.0
19,Female,26.7,No,0,0,0,0,Low,10854,8.8,6,5,1,1,Government,56.0,Semi-Urban,1940,11763.0
23,Female,28.1,No,0,0,0,0,Low,9409,6.8,4,1,1,4,,0.0,Urban,14798,16142.0
71,Male,22.4,No,0,0,0,1,Medium,5620,7.4,5,7,0,6,Government,69.0,Semi-Urban,4267,13472.0
21,Male,24.1,No,0,1,0,0,Medium,10553,6.2,7,1,3,7,,0.0,Urban,8977,31236.0
71,Female,23.9,No,0,0,0,1,Medium,13408,7.0,9,2,0,7,Government,61.0,Urban,12760,15665.0
80,Male,31.1,No,0,0,0,0,Low,7612,5.7,6,6,1,7,,0.0,Urban,7317,19928.0
35,Male,24.1,No,1,0,0,0,Low,8539,7.7,4,7,0,6,Government,65.0,Urban,8815,14967.0
61,Female,36.4,Yes,0,0,0,1,High,2505,4.1,4,4,0,7,Private,87.0,Semi-Urban,3879,15976.0
51,Male,28.2,No,0,1,0,0,Low,7322,4.1,10,8,2,6,Private,82.0,Urban,19892,31834.0
79,Male,19.6,Yes,0,0,0,0,Low,11350,7.6,3,2,1,4,Private,71.0,Urban,4860,17226.0
31,Female,25.4,No,1,1,0,0,High,11248,8.7,2,4,1,4,Private,79.0,Urban,569,17253.0
65,Male,22.7,No,0,0,1,0,Medium,13509,7.2,4,8,2,5,Government,72.0,Urban,7526,29239.0
32,Male,15.0,No,0,0,0,0,Low,9988,7.6,6,3,1,3,Government,55.0,Urban,1510,12343.0
89,Male,34.0,No,1,0,0,0,Low,5956,8.1,1,2,0,7,Government,66.0,Urban,13168,15850.0
79,Male,29.5,No,1,1,0,0,High,7765,5.8,2,4,3,7,Government,58.0,Rural,7270,34746.0
57,Male,28.7,Yes,0,0,0,0,High,13242,4.5,8,3,2,6,Private,83.0,Urban,8205,27063.0
70,Male,26.8,No,1,1,0,1,Low,12911,8.7,3,5,1,4,Private,72.0,Urban,5517,21659.0
41,Male,19.1,Yes,0,0,0,0,Medium,3251,8.7,1,2,2,1,Government,78.0,Rural,4710,19606.0
43,Male,23.6,No,0,0,0,1,Low,7670,6.2,2,4,0,5,Government,57.0,Urban,16661,14066.0
77,Female,30.2,Yes,0,1,0,0,High,11692,5.1,3,4,0,5,,0.0,Semi-Urban,3304,14637.0
58,Female,20.7,No,1,1,0,1,Low,14985,8.5,2,3,1,3,Private,82.0,Rural,4731,19200.0
46,Female,13.3,Yes,0,0,0,0,Medium,8089,7.5,4,5,0,3,Government,55.0,Urban,8181,11973.0
32,Female,24.9,No,0,0,0,0,Medium,11500,4.0,4,1,0,5,Private,73.0,Rural,12101,10217.0
62,Male,25.3,No,1,0,0,0,Medium,5961,4.5,10,5,1,1,Government,66.0,Semi-Urban,10191,18356.0
82,Female,26.7,No,0,0,0,1,High,10224,8.9,2,1,1,5,Private,76.0,Rural,18107,20173.0
88,Female,29.6,Yes,0,0,0,0,Medium,14527,4.2,1,7,1,0,Government,56.0,Urban,17842,20001.0
26,Male,29.2,No,0,0,0,0,High,13036,5.4,3,4,0,3,Private,92.0,Urban,6917,8071.0
18,Male,27.3,Yes,0,0,0,0,Low,14210,6.7,4,1,2,1,,0.0,Urban,12230,21848.0
25,Male,32.0,No,0,0,0,0,Low,4184,4.9,6,3,2,3,,0.0,Rural,5907,20032.0
80,Male,18.4,No,1,1,0,0,Medium,6748,5.2,5,1,0,0,Government,58.0,Rural,3954,9238.0
28,Male,28.5,No,0,0,0,0,Medium,9531,5.8,2,3,0,0,Private,90.0,Semi-Urban,14611,7398.0
25,Female,29.1,No,0,0,1,0,Medium,11286,5.3,4,2,1,2,Private,83.0,Semi-Urban,605,15755.0
52,Male,19.8,No,0,1,0,1,High,5925,8.0,6,3,3,6,Government,70.0,Urban,10979,33628.0
52,Female,18.5,No,0,0,0,0,Medium,14100,6.5,4,6,1,3,,0.0,Urban,840,13447.0
50,Female,22.3,No,0,0,0,0,High,1488,5.4,7,7,0,3,Private,87.0,Urban,14264,12548.0
22,Male,22.7,No,0,0,0,0,Medium,10537,5.6,6,3,0,7,,0.0,Semi-Urban,8903,11792.0
58,Female,29.8,No,0,0,0,1,Low,9982,4.2,6,6,2,1,Government,68.0,Semi-Urban,5620,21640.0
45,Female,22.9,No,1,1,0,0,Low,8265,4.2,10,12,2,7,Government,67.0,Semi-Urban,9088,33213.0
24,Male,21.7,Yes,0,0,0,0,High,12708,7.6,2,2,1,7,Private,79.0,Rural,17108,22063.0
89,Female,22.9,No,0,0,0,0,Low,13380,4.6,7,1,0,1,Private,81.0,Urban,13530,9126.0
29,Female,31.6,No,1,0,0,0,Low,11026,6.4,9,4,0,2,,0.0,Urban,15225,13596.0
51,Female,26.1,Yes,0,1,0,0,Low,6371,8.2,6,2,2,1,Private,74.0,Rural,3200,22563.0
50,Male,25.1,Yes,0,0,0,0,Medium,2186,5.8,8,8,1,0,Government,53.0,Urban,18921,21229.0
65,Male,25.4,No,1,0,0,0,Medium,6277,5.7,6,4,2,4,Private,79.0,Semi-Urban,8001,24962.0
40,Male,32.5,No,0,0,0,0,Low,7722,8.4,6,3,1,3,Private,74.0,Urban,16059,17393.0
79,Female,22.3,No,0,0,0,1,Medium,13425,8.3,4,4,2,7,Private,71.0,Urban,12184,27404.0
54,Male,32.6,No,0,0,0,0,Low,12647,8.4,6,0,1,7,Government,75.0,Urban,18147,20302.0
61,Female,27.1,No,0,0,1,0,Medium,5407,6.9,10,3,1,5,Private,76.0,Semi-Urban,11455,23670.0
52,Male,25.2,No,0,0,0,0,High,7433,8.8,4,4,2,2,Government,71.0,Urban,18555,23363.0
82,Female,38.5,No,0,0,0,0,Medium,8941,8.1,10,5,0,5,Private,84.0,Urban,3792,11933.0
64,Male,20.7,No,0,0,1,0,Medium,4269,6.1,6,3,1,3,Government,55.0,Urban,4615,19085.0
20,Male,24.2,Yes,0,0,0,1,Low,2706,7.1,1,6,2,2,Private,87.0,Urban,3978,23019.0
18,Female,19.8,No,0,1,1,0,High,4599,4.6,7,4,1,4,Private,88.0,Rural,3767,21284.0
22,Male,30.8,No,0,0,0,0,Low,1702,6.8,2,2,0,2,Government,76.0,Rural,7282,6349.0
31,Female,34.4,No,0,0,0,0,Low,14248,5.3,6,6,1,2,Private,93.0,Urban,18861,18510.0
44,Male,34.3,No,0,0,0,0,High,6656,5.4,9,3,3,5,Private,70.0,Rural,908,27181.0
26,Male,32.1,Yes,0,0,0,0,High,2273,4.6,10,4,1,6,Private,78.0,Rural,1848,19437.0
32,Female,25.0,No,0,0,1,0,High,1538,5.8,3,3,2,6,Government,59.0,Semi-Urban,18301,30480.0
59,Female,24.2,No,0,1,0,0,High,12945,6.4,4,0,0,4,,0.0,Urban,19858,13863.0
68,Female,17.6,No,0,0,0,0,High,5212,7.0,5,3,2,6,Government,79.0,Urban,887,21154.0
80,Male,36.2,No,0,1,0,1,Medium,3939,5.5,8,4,2,1,Private,76.0,Semi-Urban,7084,24311.0
69,Female,28.3,No,1,1,0,0,Low,11806,8.0,10,7,0,0,Private,94.0,Urban,12986,15425.0
21,Male,23.5,No,0,0,0,0,High,1485,6.6,6,2,2,2,Private,90.0,Urban,17173,21877.0
40,Female,32.6,No,0,1,0,1,High,2386,7.2,8,1,2,7,Private,90.0,Rural,5768,26608.0
32,Female,21.1,No,0,0,0,0,Low,2049,5.4,3,3,2,6,,0.0,Rural,18042,25286.0
60,Female,28.0,No,0,0,0,0,Medium,1783,8.1,3,6,0,0,Government,60.0,Urban,11733,8560.0
46,Female,25.1,No,0,0,0,0,Low,12251,7.1,9,5,2,2,Government,63.0,Urban,17004,24174.0
53,Female,29.2,Yes,0,0,0,0,High,3924,8.3,6,9,0,4,Private,70.0,Rural,7837,15287.0
30,Female,25.7,No,1,1,0,0,Medium,9811,4.8,8,1,0,0,,0.0,Urban,876,8134.0
49,Male,18.7,No,0,1,1,0,Low,9177,5.9,4,2,0,5,Private,92.0,Urban,19626,20029.0
88,Female,26.4,No,0,1,0,0,Low,8769,4.6,5,4,3,6,Private,88.0,Urban,11173,33304.0
76,Male,31.2,No,1,0,0,0,High,6612,5.1,9,5,0,3,Private,87.0,Semi-Urban,13892,15324.0
45,Female,25.9,No,0,0,0,0,Medium,14668,6.0,7,5,0,0,Private,83.0,Rural,16964,10166.0
83,Female,29.9,Yes,0,0,1,0,Medium,14787,8.5,5,4,0,4,,0.0,Semi-Urban,9474,19199.0
59,Female,20.8,No,1,0,0,0,Medium,13701,6.8,7,4,0,1,Private,80.0,Urban,5243,9677.0
62,Male,25.9,No,0,0,0,0,Low,9061,5.7,9,4,2,5,Private,80.0,Urban,4132,22657.0
79,Male,22.9,No,0,0,1,0,Low,8289,7.7,3,1,0,1,Government,59.0,Urban,7720,11383.0
74,Female,29.7,No,1,0,0,0,Medium,4532,4.1,3,0,0,0,Private,93.0,Urban,2150,6116.0
23,Male,26.2,No,0,0,0,0,Medium,9024,5.9,4,2,2,7,Private,72.0,Urban,9240,23218.0
45,Female,29.5,No,1,0,0,0,Low,5524,7.0,10,5,1,4,Government,53.0,Urban,18246,22959.0
45,Female,31.4,Yes,0,0,0,0,Medium,13530,6.9,7,4,0,5,Government,76.0,Rural,5460,13480.0
61,Male,29.5,No,0,1,0,0,Low,12666,7.0,5,1,0,1,Government,52.0,Semi-Urban,12147,9949.0
47,Male,27.4,Yes,0,0,0,0,High,2804,5.1,5,3,0,1,,0.0,Urban,12282,11447.0
79,Male,21.0,No,0,0,0,0,Low,7395,5.7,4,6,1,1,,0.0,Rural,4310,13503.0
79,Male,26.0,No,0,1,0,0,Low,10290,8.7,8,5,1,0,Government,68.0,Urban,4539,15322.0
18,Female,23.3,No,0,1,1,0,Low,9303,8.9,3,2,1,1,Government,79.0,Rural,12026,19867.0
44,Male,24.3,No,0,1,0,0,Low,8830,5.6,2,3,1,7,Private,83.0,Urban,17036,21920.0
79,Male,24.1,No,0,0,0,1,Low,14069,7.2,4,4,1,7,Government,79.0,Semi-Urban,6326,19701.0
20,Female,21.1,No,0,0,1,0,Medium,1969,5.2,8,2,0,4,Private,89.0,Urban,19475,17475.0
87,Male,16.2,No,0,1,0,1,Medium,2633,5.8,4,2,1,5,Private,88.0,Urban,18851,22981.0
89,Male,22.7,No,0,1,0,0,Low,9551,8.0,8,5,0,6,Private,94.0,Semi-Urban,7368,15071.0
44,Male,27.0,No,0,0,0,0,Medium,5862,6.5,5,3,0,6,Government,50.0,Semi-Urban,3466,9730.0
26,Male,19.3,Yes,1,0,0,0,High,1918,8.2,9,5,0,4,Private,90.0,Rural,14496,17948.0
79,Female,26.1,No,0,0,0,0,Low,1167,7.1,2,3,2,5,Private,80.0,Urban,7745,22287.0
54,Female,35.5,No,0,0,0,0,Medium,4321,7.1,8,1,1,3,Private,85.0,Semi-Urban,7722,14862.0
68,Male,31.1,No,1,0,0,0,Low,13095,4.2,7,4,0,1,Private,91.0,Rural,3247,9567.0
61,Male,34.2,No,0,0,0,0,Low,11997,7.7,2,3,1,3,Government,56.0,Urban,714,12460.0
41,Female,28.0,Yes,0,1,0,0,Medium,11452,8.9,5,2,0,7,Government,73.0,Urban,16582,19035.0
76,Male,31.8,Yes,0,0,0,0,Low,14075,6.4,6,2,2,7,Government,51.0,Urban,16650,30069.0
49,Male,22.4,No,1,1,0,0,High,11061,4.8,9,1,3,3,Government,75.0,Rural,6295,30640.0
69,Male,22.8,No,0,0,0,0,Low,12031,8.9,8,4,3,7,Government,56.0,Semi-Urban,16605,33846.0
79,Male,12.3,No,1,0,0,1,Medium,7189,5.5,7,3,1,7,Government,78.0,Rural,8317,22644.0
75,Male,31.9,No,1,0,1,0,Medium,6137,6.0,1,4,0,7,Private,93.0,Urban,17865,22716.0
69,Male,33.7,No,0,1,1,0,Low,5974,4.4,10,4,2,1,Private,82.0,Rural,1090,26118.0
29,Male,23.2,No,0,0,0,0,Medium,9949,4.6,3,4,0,3,Private,89.0,Urban,18215,11341.0
56,Male,24.7,No,0,0,1,0,Medium,14661,5.1,1,4,0,1,Private,75.0,Urban,13548,13525.0
19,Male,22.2,Yes,0,1,1,0,Medium,5783,6.7,10,7,2,2,Private,86.0,Semi-Urban,8790,32083.0
20,Female,27.9,Yes,0,0,0,0,High,5493,6.8,6,7,4,4,Government,59.0,Rural,10788,38673.0
73,Female,31.6,No,1,1,0,0,Low,13009,7.0,3,3,1,2,Private,94.0,Urban,7199,18468.0
76,Female,17.3,No,0,1,1,0,Medium,2973,6.9,2,2,2,6,Private,84.0,Urban,4984,28534.0
19,Male,28.0,No,0,1,0,0,Low,11900,6.5,10,6,1,5,Private,75.0,Rural,11599,21100.0
19,Male,24.6,No,0,0,0,0,Low,1097,8.0,2,9,1,0,Private,76.0,Urban,13281,15102.0
71,Female,26.6,No,0,0,0,0,Low,4076,8.7,8,6,2,0,Private,70.0,Urban,18638,23809.0
18,Male,28.3,Yes,0,1,0,0,High,11111,5.3,1,1,1,3,Government,78.0,Urban,6353,17115.0
36,Female,25.1,No,0,0,0,0,Medium,3206,4.7,9,1,3,2,,0.0,Urban,10107,26305.0
19,Male,25.5,Yes,0,0,0,0,Low,9130,6.1,7,3,1,2,Private,82.0,Urban,2730,15164.0
70,Female,24.9,Yes,0,1,0,0,Low,1086,4.1,1,6,2,1,,0.0,Rural,19556,28414.0
61,Female,30.9,No,1,0,0,0,Low,10958,8.4,5,3,3,3,Private,85.0,Urban,13676,31350.0
49,Female,28.1,Yes,0,1,1,0,Low,12383,5.2,5,4,0,4,Private,92.0,Semi-Urban,12039,21235.0
87,Male,27.1,No,0,1,0,0,Low,13730,6.7,2,1,2,2,Private,73.0,Urban,12409,22676.0
49,Female,19.6,Yes,0,1,0,0,Low,7315,4.6,1,4,0,2,Private,85.0,Urban,19444,15801.0
85,Male,24.1,Yes,0,0,0,0,Low,4647,6.8,7,4,1,6,Private,86.0,Rural,11630,22712.0
72,Male,30.5,No,0,0,0,0,Medium,4677,4.2,9,6,2,1,Private,85.0,Urban,13029,23264.0
73,Male,26.2,No,0,0,1,0,High,9873,7.8,8,5,2,1,Private,72.0,Semi-Urban,10404,26767.0
34,Male,29.3,Yes,1,0,0,0,Medium,8645,8.8,7,4,0,4,Government,78.0,Semi-Urban,7255,15436.0
55,Male,34.8,Yes,0,0,0,0,High,13408,5.5,4,6,0,3,,0.0,Semi-Urban,6861,12802.0
41,Male,31.2,No,0,0,0,0,Low,13784,5.3,10,11,1,1,,0.0,Urban,9749,17881.0
86,Male,26.5,No,0,0,0,0,Medium,13899,6.2,7,3,1,0,Private,93.0,Semi-Urban,3500,12165.0
87,Female,23.4,No,1,0,0,0,Low,11661,7.1,8,4,1,2,,0.0,Urban,8708,18354.0
28,Female,13.2,No,0,1,0,0,High,9326,4.9,9,8,0,0,Government,71.0,Urban,16716,12971.0
33,Female,25.2,No,0,0,0,0,High,13602,8.0,9,7,1,0,Government,63.0,Urban,9394,14834.0
76,Male,24.4,No,0,0,0,0,Medium,7212,5.0,5,7,2,2,,0.0,Semi-Urban,12592,23430.0
87,Male,28.0,No,1,0,1,0,High,11437,4.0,5,8,0,2,Private,85.0,Semi-Urban,19791,21817.0
20,Male,25.2,No,1,1,0,1,Medium,7960,6.6,6,5,1,1,Private,80.0,Semi-Urban,11330,20555.0
37,Male,24.4,Yes,0,0,0,1,Low,4789,4.6,8,5,2,6,Government,54.0,Semi-Urban,16247,31246.0
76,Female,17.1,No,0,0,0,1,Medium,13298,7.5,3,4,1,6,Private,89.0,Rural,14484,20878.0
53,Male,21.3,Yes,0,0,0,0,Medium,14156,4.8,3,4,3,3,Government,58.0,Semi-Urban,12679,31103.0
36,Female,28.4,Yes,1,0,0,0,Low,12393,8.1,5,3,2,2,Private,88.0,Urban,10120,25908.0
84,Male,34.6,Yes,1,1,1,0,Medium,9926,6.4,1,3,0,3,Private,83.0,Urban,4827,20466.0
36,Female,25.5,Yes,1,1,0,0,Medium,2133,6.8,5,5,2,2,,0.0,Urban,5916,27360.0
37,Male,27.6,No,1,0,0,0,Low,4098,4.9,9,3,2,5,Private,70.0,Urban,7967,25458.0
88,Female,30.8,No,1,1,0,0,Medium,4471,4.7,5,6,1,6,Private,88.0,Urban,2739,22206.0
69,Male,21.9,Yes,0,1,0,0,Medium,6439,7.2,7,3,0,0,Government,77.0,Urban,7064,11756.0
50,Female,27.8,No,1,1,0,1,Low,4265,5.3,10,2,0,0,Government,66.0,Semi-Urban,6384,12549.0
57,Male,22.3,No,0,0,0,0,Medium,2968,5.9,9,1,2,6,,0.0,Urban,13069,24730.0
56,Female,30.3,No,1,0,0,0,High,8513,6.4,8,5,1,4,Private,94.0,Semi-Urban,1929,17908.0
18,Female,26.8,No,0,0,0,0,High,13303,5.1,5,5,0,1,Private,91.0,Urban,2597,5743.0
28,Male,27.5,Yes,0,0,0,0,Medium,4144,8.0,2,3,3,6,Private,76.0,Urban,11968,32375.0
74,Female,22.1,No,0,0,0,1,Low,8091,8.7,5,7,0,6,Private,79.0,Urban,12755,16069.0
67,Male,29.5,No,0,1,0,0,Low,14939,6.2,10,3,0,1,Government,55.0,Rural,6204,10086.0
40,Male,36.4,No,0,1,0,0,Low,2224,8.6,8,5,2,2,,0.0,Urban,10227,24160.0
48,Male,21.0,No,0,1,0,1,Low,8812,8.4,1,4,1,2,Private,90.0,Rural,7834,16840.0
59,Female,24.3,No,0,0,0,0,High,2187,4.8,10,5,1,7,Government,55.0,Semi-Urban,15619,22195.0
24,Female,27.2,No,0,0,0,0,High,1006,4.9,4,3,0,1,Private,70.0,Urban,893,4364.0
33,Male,29.9,No,0,0,0,0,High,3108,6.4,1,2,1,4,Government,72.0,Rural,1357,12164.0
77,Male,23.2,No,0,0,0,0,Low,6020,6.6,5,1,2,6,,0.0,Semi-Urban,18837,26087.0
19,Female,11.8,Yes,1,1,0,0,Low,11724,5.7,2,4,0,2,Private,78.0,Urban,17368,17044.0
18,Female,32.8,No,0,0,0,0,Medium,13919,5.6,2,1,0,3,Private,78.0,Urban,14160,8792.0
65,Female,29.8,No,0,1,0,1,Medium,12714,6.2,7,4,2,2,,0.0,Urban,6348,24198.0
29,Male,17.3,No,0,0,1,0,Medium,10629,7.5,4,3,0,3,,0.0,Semi-Urban,11490,13946.0
86,Male,23.0,No,0,0,0,0,Medium,1935,4.4,2,6,2,7,Private,86.0,Rural,6738,24831.0
54,Male,33.8,No,0,0,1,0,Medium,8198,7.6,3,3,0,3,,0.0,Urban,16524,16251.0
49,Male,33.2,No,0,0,0,0,Medium,9751,8.6,3,7,2,7,Private,83.0,Urban,12690,26783.0
26,Male,30.7,No,0,0,0,1,Medium,13378,7.8,2,3,0,0,,0.0,Semi-Urban,16458,9478.0
36,Female,25.1,No,0,0,0,0,Medium,6637,5.0,7,6,1,5,,0.0,Urban,3240,16245.0
65,Male,26.4,No,0,0,0,0,Low,9637,4.4,1,4,1,5,,0.0,Urban,5572,15564.0
20,Female,25.3,No,0,1,0,0,Medium,2308,6.5,9,5,0,6,Private,86.0,Semi-Urban,9781,14693.0
37,Female,31.6,No,0,1,0,0,Low,2416,8.8,5,4,1,5,Private,80.0,Urban,9225,19056.0
41,Male,21.6,No,1,1,0,0,Low,6045,8.1,4,2,0,7,,0.0,Semi-Urban,7108,15300.0
71,Female,22.0,No,0,1,0,0,Low,2905,6.8,3,2,2,7,,0.0,Semi-Urban,13224,27047.0
50,Male,31.1,Yes,0,1,1,0,Low,12402,4.7,3,6,3,0,Private,73.0,Urban,15085,37459.0
41,Female,25.8,No,0,0,0,0,High,9521,7.6,3,6,2,4,Government,67.0,Urban,15216,24359.0
89,Male,32.9,No,0,0,0,0,Medium,8300,8.1,1,3,0,6,Private,75.0,Urban,18176,14420.0
53,Male,22.6,No,0,0,1,0,High,8782,8.7,2,3,1,5,,0.0,Urban,2334,19038.0
55,Female,25.7,No,0,1,0,0,Low,7102,7.1,7,4,0,0,,0.0,Urban,5063,8390.0
42,Male,21.4,Yes,0,0,0,1,Low,4397,6.6,3,4,2,7,Government,79.0,Urban,2175,26434.0
35,Female,26.0,No,0,0,0,0,Medium,4678,7.1,6,3,0,3,Government,63.0,Urban,876,6543.0
83,Male,18.6,No,0,1,0,0,Low,10745,8.7,4,5,1,4,Government,78.0,Rural,14635,20609.0
71,Male,23.6,No,0,0,0,0,Medium,14332,7.1,10,2,0,0,Private,72.0,Urban,9400,7748.0
52,Male,18.8,Yes,0,1,0,0,Medium,7030,5.3,5,4,0,0,Private,79.0,Semi-Urban,17168,14354.0
78,Female,29.5,No,1,1,0,0,High,4002,7.2,8,4,1,5,Government,53.0,Semi-Urban,8716,22760.0
58,Female,29.6,No,0,0,1,0,Medium,7622,8.4,2,5,0,3,,0.0,Semi-Urban,17278,17031.0
50,Male,17.3,Yes,0,0,0,0,Medium,12721,6.8,10,7,2,2,Government,54.0,Semi-Urban,7763,25248.0
85,Female,32.7,Yes,0,1,0,0,Low,3565,6.5,5,5,0,5,Government,66.0,Urban,14105,18912.0
50,Male,38.5,No,0,0,0,0,Medium,3583,7.7,2,4,2,6,Government,51.0,Semi-Urban,13928,25133.0
31,Female,26.2,No,0,1,0,0,Medium,11464,7.3,9,2,2,4,,0.0,Semi-Urban,18501,26756.0
38,Female,22.8,No,0,1,0,0,Low,11811,4.3,2,5,0,0,Government,71.0,Rural,689,6051.0
65,Male,40.1,Yes,1,0,0,0,Low,6851,7.6,1,5,0,3,Private,84.0,Rural,5613,14287.0
37,Male,19.4,No,0,0,0,0,Medium,8497,6.0,4,4,0,7,Government,60.0,Urban,8258,11799.0
25,Male,26.1,No,0,0,0,0,High,2814,8.7,7,6,1,0,Private,72.0,Rural,18372,16595.0
24,Male,26.9,No,0,0,1,0,Low,4918,8.9,2,4,3,2,Private,71.0,Semi-Urban,5638,29578.0
84,Male,32.7,No,1,0,0,0,Medium,14869,6.2,10,3,3,1,Private,84.0,Rural,16664,32160.0
34,Female,27.8,No,0,1,0,0,Medium,7511,8.8,9,2,2,4,Government,64.0,Urban,2680,22118.0
50,Female,23.5,No,0,0,1,0,Medium,4213,5.6,1,6,1,6,Government,53.0,Semi-Urban,16602,25086.0
65,Male,21.2,Yes,0,1,0,0,High,4887,7.4,1,7,0,4,Government,56.0,Urban,3572,14208.0
76,Male,24.3,No,0,0,0,0,Medium,8757,4.4,8,2,1,3,Government,66.0,Urban,11729,16568.0
39,Male,21.0,Yes,0,0,0,0,High,2222,4.7,5,3,0,6,Government,77.0,Urban,6302,13301.0
47,Female,26.2,No,1,0,0,0,Medium,14310,8.3,9,5,1,5,Government,76.0,Urban,19031,23735.0
55,Male,23.2,No,0,1,0,1,Low,6746,8.5,8,5,0,3,Government,71.0,Urban,7569,13567.0
68,Male,18.5,No,0,0,0,0,Medium,4107,6.7,6,2,0,0,Private,71.0,Semi-Urban,11230,7284.0
71,Female,32.3,No,1,0,0,0,High,3513,5.7,4,3,2,4,Government,55.0,Urban,8645,24682.0
25,Female,23.5,Yes,0,1,0,0,High,13859,6.3,6,5,1,5,,0.0,Rural,4119,20641.0
44,Female,19.7,Yes,0,0,0,0,Low,13725,8.3,2,5,3,0,Government,72.0,Semi-Urban,8692,27479.0
44,Female,25.2,No,0,0,0,0,Low,5852,5.1,5,7,3,1,Private,92.0,Semi-Urban,18872,29898.0
38,Male,26.3,No,0,0,0,0,Medium,13878,5.5,10,5,0,5,Private,71.0,Urban,6763,11578.0
47,Female,17.3,No,0,1,0,1,Medium,5976,7.9,3,6,0,4,,0.0,Urban,1221,11525.0
45,Female,27.7,No,0,0,0,0,Low,11743,8.7,3,1,1,6,Private,70.0,Semi-Urban,16144,18374.0
81,Male,20.8,Yes,1,0,1,0,Low,12630,4.5,1,2,0,1,Government,61.0,Urban,821,14790.0
86,Male,34.6,No,1,0,0,0,Medium,5983,8.0,8,6,0,0,Government,75.0,Rural,19991,15255.0
78,Male,28.6,Yes,0,1,0,0,Medium,11389,7.2,10,2,1,5,,0.0,Semi-Urban,12337,23919.0
65,Female,24.0,No,0,0,0,0,High,5138,5.2,3,5,1,7,Private,74.0,Rural,18502,21771.0
36,Male,22.3,No,0,0,0,0,High,2320,7.8,1,4,2,6,Private,87.0,Urban,18729,25608.0
21,Female,25.5,No,0,0,0,0,Low,14200,7.6,4,9,0,2,Government,64.0,Urban,14405,11506.0
52,Female,29.1,No,0,0,0,0,High,3366,4.7,1,5,0,1,Private,72.0,Urban,15710,9626.0
81,Female,25.9,Yes,0,1,0,0,Medium,5313,6.5,1,4,0,6,Government,55.0,Semi-Urban,10112,17031.0
66,Male,24.9,No,0,0,0,0,High,12982,7.8,1,3,2,5,Government,51.0,Semi-Urban,8226,21935.0
34,Female,26.3,No,1,1,1,0,Low,3535,5.0,2,3,1,7,Government,54.0,Semi-Urban,4308,25461.0
61,Male,23.0,Yes,0,1,0,1,Low,7289,6.3,1,5,2,2,Private,84.0,Semi-Urban,1892,24778.0
47,Male,24.3,No,0,1,0,0,Medium,3375,4.6,6,8,1,4,Government,72.0,Urban,9258,20046.0
63,Male,15.6,No,0,0,0,0,High,11498,5.5,7,5,1,2,Private,72.0,Rural,9181,15482.0
23,Female,30.9,No,0,1,0,0,High,3613,5.1,1,5,1,2,Government,64.0,Rural,4383,14502.0
54,Female,27.5,No,1,0,0,0,Medium,13406,6.5,10,4,0,5,,0.0,Semi-Urban,3080,12929.0
41,Female,22.1,No,1,1,0,1,Low,14453,4.7,1,6,0,0,Government,53.0,Urban,16593,15061.0
63,Male,35.5,Yes,0,0,0,0,Medium,5385,5.9,10,5,1,0,Government,60.0,Rural,4392,16643.0
70,Female,26.4,No,0,1,0,0,High,10854,5.4,9,1,2,6,Private,83.0,Rural,17058,28309.0
77,Female,20.8,No,0,0,0,0,Medium,1224,7.7,9,4,1,0,Private,74.0,Semi-Urban,8815,14208.0
80,Female,30.3,Yes,0,1,0,0,Medium,14181,7.5,1,2,1,0,Government,51.0,Semi-Urban,5075,16032.0
49,Female,28.0,No,0,1,0,0,Low,8396,4.5,8,5,1,6,Private,87.0,Rural,11372,21632.0
50,Female,28.0,Yes,0,1,0,0,Medium,3800,8.8,3,2,0,4,,0.0,Semi-Urban,11082,14765.0
84,Male,23.9,Yes,0,1,1,0,Medium,2280,7.7,7,5,0,6,,0.0,Urban,10380,23711.0
35,Male,28.3,Yes,0,0,0,1,High,13532,7.1,1,7,1,7,Private,78.0,Urban,19027,26357.0
42,Male,24.7,No,0,0,0,0,Medium,1521,6.4,7,2,1,0,Private,93.0,Semi-Urban,5778,11514.0
71,Male,28.8,No,0,1,0,0,Medium,2618,4.9,1,4,1,4,Government,66.0,Urban,12800,19124.0
75,Female,16.5,No,0,0,0,0,High,14450,8.8,3,2,1,4,,0.0,Semi-Urban,2041,13207.0
84,Male,23.8,No,0,0,0,0,Low,13406,4.0,7,6,2,5,Government,57.0,Urban,9259,24972.0
63,Female,34.6,No,0,0,0,0,Low,8806,7.5,1,2,3,7,Government,78.0,Urban,2488,27644.0
41,Male,22.2,No,0,0,0,0,Medium,12874,6.5,9,5,0,2,Private,70.0,Urban,4560,8254.0
49,Male,23.0,No,0,0,0,0,Low,2601,8.5,5,5,0,4,Private,80.0,Urban,13705,11982.0
64,Male,23.8,No,1,0,1,0,Low,3306,5.9,2,3,0,0,Private,76.0,Urban,19972,17086.0
40,Female,19.9,No,1,0,0,0,High,8822,6.6,4,3,1,6,Government,59.0,Urban,12677,20500.0
83,Female,15.0,Yes,1,0,0,0,Medium,13858,7.7,8,2,0,3,Government,71.0,Urban,19232,18180.0
44,Male,24.8,No,0,0,0,0,Low,13019,4.2,4,4,1,7,,0.0,Semi-Urban,14121,19860.0
19,Female,26.7,No,0,0,0,0,Low,10407,4.3,10,5,0,2,,0.0,Semi-Urban,14132,11021.0
34,Male,25.7,No,0,0,0,0,Low,1942,5.1,5,1,1,6,Government,53.0,Semi-Urban,11723,17168.0
50,Male,25.3,No,0,0,0,0,Medium,4931,4.7,2,5,1,4,,0.0,Semi-Urban,13481,17403.0
26,Male,26.2,No,0,1,0,0,Low,10345,4.0,5,1,1,2,Government,60.0,Urban,18659,17904.0
60,Female,31.1,No,0,0,0,0,High,11397,7.1,7,8,2,5,Private,79.0,Urban,10509,25886.0
65,Male,25.0,Yes,0,1,0,0,Medium,4749,8.0,9,4,1,4,Private,89.0,Urban,5992,21448.0
56,Male,23.1,Yes,0,1,0,0,Low,9452,8.8,8,3,1,4,Private,70.0,Rural,2540,19575.0
59,Male,24.6,No,1,0,0,0,Low,9581,6.2,10,4,3,2,Private,84.0,Rural,7836,29969.0
43,Female,28.9,No,0,0,0,0,Medium,5740,5.4,6,3,1,2,Private,90.0,Urban,19467,17567.0
67,Male,33.1,No,1,0,0,0,Low,13419,8.3,9,4,1,1,,0.0,Urban,4639,16425.0
42,Female,22.9,No,0,0,0,0,Medium,1407,8.2,7,7,2,1,Government,78.0,Rural,8386,21043.0
41,Male,26.5,No,0,0,0,0,High,3043,7.1,3,3,0,0,Government,54.0,Urban,5386,5031.0
30,Female,27.7,No,0,0,0,0,Low,6272,5.4,1,6,0,4,Private,76.0,Urban,10865,10490.0
77,Male,21.0,Yes,0,0,0,0,Low,9758,8.5,5,3,1,2,Private,79.0,Urban,13216,18935.0
24,Male,26.1,No,0,0,0,1,High,6757,4.9,9,3,0,6,Private,82.0,Rural,4561,11931.0
74,Female,18.7,No,0,1,0,0,Low,13973,4.2,8,2,0,5,Private,90.0,Urban,5418,12066.0
53,Female,17.2,No,0,0,1,0,Low,12562,8.0,6,2,0,5,Private,77.0,Urban,18233,18046.0
62,Male,27.8,No,0,1,0,0,Low,2979,6.8,8,4,0,7,Government,76.0,Rural,13665,16974.0
37,Female,24.1,No,0,0,0,0,High,11144,5.2,8,6,1,3,Government,50.0,Semi-Urban,7782,16198.0
82,Male,27.0,No,0,0,0,1,High,7164,7.4,3,3,3,5,Private,83.0,Semi-Urban,19683,33655.0
25,Male,25.9,No,0,0,0,0,Low,11198,7.8,6,4,2,6,Private,84.0,Rural,12000,24477.0
33,Male,21.1,No,1,1,0,0,Medium,4838,8.2,7,4,1,5,Private,83.0,Urban,4147,20037.0
31,Female,25.8,No,0,0,0,0,Low,8140,5.4,2,2,0,2,Private,77.0,Urban,17025,9301.0
32,Male,19.8,No,0,0,0,0,Medium,14476,4.1,7,6,1,6,,0.0,Urban,19985,21830.0
83,Female,33.0,No,0,1,0,0,Low,3315,6.6,10,5,0,1,Government,76.0,Semi-Urban,12281,13134.0
49,Male,19.2,No,1,0,0,0,Low,9292,8.3,6,2,1,6,Government,69.0,Urban,8730,19475.0
80,Female,25.0,Yes,0,0,1,0,High,5756,5.0,2,4,0,6,Government,65.0,Semi-Urban,9818,20095.0
68,Female,20.8,No,0,1,0,0,Low,7796,6.1,2,6,1,2,,0.0,Semi-Urban,6122,16221.0
42,Male,28.9,Yes,0,1,0,0,Low,12636,5.3,6,5,2,5,Private,81.0,Urban,10700,29117.0
75,Female,24.3,No,0,0,0,0,High,1032,4.1,3,6,1,3,Private,80.0,Semi-Urban,9260,16407.0
80,Male,23.4,No,0,0,1,0,Medium,5331,8.5,6,9,2,2,,0.0,Semi-Urban,13998,29901.0
79,Male,30.3,No,0,1,0,0,Medium,13794,4.7,9,5,1,2,,0.0,Rural,19760,21817.0
39,Male,26.1,No,1,1,0,0,High,7890,7.8,10,3,1,7,Private,83.0,Rural,5764,22592.0
75,Male,28.6,Yes,0,0,0,0,Medium,9523,5.7,1,3,0,3,Private,72.0,Urban,4633,10548.0
75,Male,21.1,No,1,1,0,0,Low,4516,5.4,3,6,1,1,,0.0,Semi-Urban,18116,21868.0
66,Female,19.0,No,1,0,0,0,Low,5581,8.7,2,6,1,7,Government,57.0,Urban,7756,21117.0
69,Male,26.5,No,0,0,0,0,Low,5215,7.3,3,4,1,2,Government,78.0,Urban,18788,17611.0
59,Female,24.4,Yes,0,0,0,0,Low,1157,7.4,2,5,2,5,,0.0,Urban,12312,27006.0
87,Female,29.1,No,0,0,0,0,Medium,12300,7.8,3,7,0,1,Private,70.0,Rural,17998,12212.0
32,Male,25.6,No,1,0,0,0,Low,5945,5.7,4,3,1,3,Private,87.0,Urban,14866,18768.0
71,Female,27.0,Yes,0,0,0,0,Medium,11383,6.8,7,5,1,2,Private,90.0,Rural,12545,19994.0
77,Male,17.9,No,0,0,0,0,Low,4628,5.4,2,5,2,2,Private,71.0,Urban,17131,23216.0
25,Female,35.4,Yes,0,0,0,1,Low,4782,8.2,2,2,3,4,,0.0,Semi-Urban,2331,29161.0
70,Female,25.2,No,1,0,0,0,Medium,4821,7.0,2,3,0,0,Government,70.0,Semi-Urban,10425,9384.0
77,Female,29.5,Yes,0,1,0,0,Low,3688,5.2,6,2,1,6,Government,52.0,Urban,8667,22825.0
22,Male,21.8,No,0,1,0,0,Low,9884,8.5,8,6,1,3,Government,54.0,Rural,3329,16493.0
85,Female,27.5,No,0,0,0,0,High,10243,6.9,4,4,1,5,Government,78.0,Rural,711,15138.0
23,Male,19.5,No,0,1,0,0,Medium,6044,6.5,10,13,1,1,Government,66.0,Urban,12980,20939.0
64,Female,28.3,No,0,0,0,0,Medium,13075,4.2,3,1,1,3,Private,75.0,Semi-Urban,932,11809.0
72,Female,24.2,No,1,0,1,0,Medium,14890,8.5,9,3,0,7,,0.0,Urban,12310,21959.0
57,Female,26.1,Yes,0,1,0,0,Medium,12114,8.8,1,5,0,4,Government,77.0,Urban,1191,12680.0
69,Female,29.5,No,0,0,0,0,Low,8846,6.8,10,5,0,5,,0.0,Urban,5839,12017.0
33,Male,19.8,No,0,0,0,0,Low,6385,6.2,2,4,1,3,Government,72.0,Urban,11408,15076.0
30,Male,22.6,No,0,0,0,0,Medium,3098,5.8,7,4,0,0,Government,77.0,Urban,14171,8529.0
47,Female,28.3,Yes,0,0,0,0,Low,3156,5.3,3,7,1,5,Government,64.0,Semi-Urban,11579,21663.0
36,Female,36.5,Yes,0,0,0,0,Low,6454,6.9,9,3,2,6,Government,78.0,Semi-Urban,15301,29205.0
34,Male,25.3,No,0,1,0,0,Low,9325,4.6,1,4,0,3,Private,80.0,Urban,2578,8412.0
80,Male,29.0,No,0,0,0,0,Low,4750,8.6,9,2,2,1,Government,50.0,Semi-Urban,14600,22250.0
36,Male,25.5,No,0,1,0,0,High,3127,4.9,6,5,0,5,Private,90.0,Semi-Urban,10105,13717.0
75,Male,35.7,No,0,1,0,0,Low,14294,7.7,1,7,2,1,,0.0,Urban,14332,24671.0
72,Female,17.3,No,0,0,0,0,Low,3385,5.5,9,2,1,0,,0.0,Semi-Urban,7441,12791.0
79,Female,26.5,No,0,0,0,0,Medium,13719,5.1,9,2,3,4,Private,75.0,Semi-Urban,9055,28892.0
40,Male,17.9,No,0,0,0,0,Medium,6600,6.8,10,1,1,5,Government,60.0,Rural,13895,17906.0
26,Male,13.5,No,0,0,0,0,Medium,8031,7.8,5,8,1,6,Government,56.0,Urban,12591,19702.0
29,Male,27.5,Yes,0,0,0,0,Medium,8456,7.6,7,2,2,2,Government,70.0,Rural,12970,24096.0
18,Male,26.7,Yes,0,1,0,0,Medium,8762,5.2,3,3,3,2,Government,76.0,Semi-Urban,7165,29711.0
75,Male,24.6,Yes,0,1,1,0,Medium,5197,5.7,8,2,0,7,,0.0,Urban,9600,23118.0
18,Male,25.5,No,1,0,0,0,Low,5426,8.3,3,6,0,0,Private,74.0,Rural,7413,8849.0
51,Female,41.5,No,0,0,0,0,Low,13663,7.6,10,6,0,6,Government,57.0,Urban,9976,14458.0
65,Female,24.7,Yes,0,0,0,0,High,3278,7.6,7,5,1,0,Government,70.0,Urban,19348,20245.0
18,Female,28.6,No,0,0,0,0,Low,2474,5.3,4,4,1,1,Private,74.0,Urban,3508,11470.0
33,Male,22.8,Yes,0,1,0,1,Low,14051,8.0,5,5,1,0,Government,58.0,Semi-Urban,4376,18157.0
78,Male,27.5,Yes,0,1,0,0,Low,6989,5.8,7,2,0,7,Private,84.0,Urban,14128,19423.0
81,Male,24.8,Yes,0,0,0,0,Low,8488,6.0,2,9,0,6,Private,85.0,Rural,3839,15316.0
80,Female,23.9,Yes,0,0,0,0,Low,13711,5.4,4,3,1,1,Private,72.0,Urban,15900,18887.0
86,Male,35.1,No,0,0,0,0,Low,10240,4.6,7,3,0,3,Government,55.0,Rural,12303,11464.0
39,Male,31.9,No,0,0,0,0,Low,1415,6.1,3,3,2,1,,0.0,Semi-Urban,2839,17189.0
84,Female,26.7,No,0,0,0,0,Low,13589,4.1,4,2,3,1,,0.0,Rural,12713,26695.0
43,Male,14.5,No,0,0,0,0,Low,14411,6.3,10,1,3,3,Private,85.0,Urban,15688,28801.0
33,Female,24.2,No,1,0,0,0,Medium,6507,7.6,8,8,0,1,,0.0,Urban,12090,13113.0
68,Female,39.5,No,0,0,0,0,Medium,3166,8.8,3,2,1,7,Government,79.0,Urban,1709,16058.0
74,Male,24.8,Yes,0,0,0,0,Medium,6782,4.4,9,5,0,2,Private,86.0,Semi-Urban,15830,15373.0
46,Female,31.5,Yes,0,0,1,0,High,14903,5.4,5,1,0,1,Private,74.0,Urban,11842,15618.0
86,Male,33.2,No,0,0,0,1,Medium,3378,6.5,2,4,0,7,Government,52.0,Rural,6524,13773.0
64,Female,27.1,Yes,0,0,0,1,Medium,9853,4.9,8,3,1,0,,0.0,Urban,10986,18689.0
79,Male,21.8,Yes,0,0,0,0,Low,13646,4.6,10,3,0,1,,0.0,Urban,5222,10801.0
86,Female,13.8,No,0,0,0,0,High,8293,6.3,8,5,0,3,Government,75.0,Urban,14847,12588.0
33,Male,29.4,No,0,1,0,0,High,1288,6.9,1,5,1,0,Private,81.0,Urban,10510,14895.0
65,Female,21.9,Yes,0,0,1,0,Low,3600,8.1,9,6,2,5,,0.0,Rural,6337,32058.0
56,Female,26.9,Yes,0,0,1,0,Medium,2725,9.0,2,3,0,3,Private,71.0,Urban,2668,14727.0
50,Female,19.8,No,1,1,0,0,Medium,7053,7.9,4,1,2,3,,0.0,Semi-Urban,18240,27166.0
40,Male,24.7,No,0,0,0,0,Low,9766,5.1,6,2,1,2,Government,68.0,Urban,2417,11866.0
27,Male,26.2,Yes,1,1,0,0,Medium,1716,7.7,9,2,0,5,,0.0,Semi-Urban,8808,18068.0
86,Female,27.3,No,0,0,0,0,Low,4412,6.7,1,2,1,4,Government,50.0,Urban,6503,14690.0
51,Male,20.4,No,1,0,0,0,Low,6323,6.3,9,5,0,2,,0.0,Semi-Urban,15836,14283.0
69,Female,32.0,No,0,0,0,0,Low,13214,8.7,8,7,0,6,,0.0,Semi-Urban,11084,14865.0
27,Male,23.0,No,0,0,0,0,Medium,14490,7.5,7,2,0,3,Private,73.0,Urban,10789,9067.0
36,Female,17.6,Yes,0,0,1,0,Medium,3393,7.4,2,5,0,6,,0.0,Urban,5880,18212.0
75,Male,25.5,No,0,0,0,1,High,5080,4.1,7,6,1,3,,0.0,Urban,9054,18681.0
18,Female,26.2,No,0,1,0,0,Medium,12254,8.3,2,5,3,6,Government,66.0,Rural,12770,32177.0
86,Female,26.8,Yes,0,0,0,0,Low,2012,8.0,9,7,2,3,Private,94.0,Semi-Urban,15749,29249.0
21,Female,32.8,No,1,0,0,0,Low,7248,5.5,4,4,1,3,Government,74.0,Urban,12650,18499.0
33,Female,24.8,Yes,0,0,0,0,High,3360,5.5,2,4,2,3,Government,63.0,Rural,15424,25431.0
41,Male,25.4,Yes,0,1,0,0,Medium,11325,4.3,5,4,0,7,Government,58.0,Urban,18690,20389.0
19,Female,20.5,No,0,1,0,0,Medium,2946,4.3,9,5,2,2,Government,59.0,Urban,7893,22763.0
49,Male,30.1,No,0,1,0,0,Low,4512,7.3,4,6,1,4,Government,72.0,Rural,7605,18564.0
41,Male,26.9,No,0,0,0,0,Medium,9118,4.9,5,0,2,3,Private,89.0,Urban,11082,20352.0
29,Female,23.9,No,0,0,0,0,Low,6599,8.6,8,10,2,5,Government,55.0,Urban,8483,25442.0
67,Male,16.5,No,1,0,0,0,Low,2351,8.2,3,4,1,4,Government,77.0,Urban,6004,17536.0
52,Male,33.2,No,0,0,0,0,Medium,12089,5.7,6,2,0,0,Private,70.0,Semi-Urban,15792,8774.0
50,Male,19.9,No,0,1,0,0,Medium,4075,5.9,1,3,0,1,Government,62.0,Semi-Urban,680,6001.0
50,Female,23.0,Yes,0,1,0,0,Low,4904,5.6,3,3,2,5,Government,62.0,Urban,13906,28662.0
78,Male,27.8,No,1,0,1,0,High,12447,4.5,8,6,2,3,Government,63.0,Urban,790,28531.0
68,Male,20.0,No,0,0,0,0,Medium,8860,4.2,10,4,2,5,Private,71.0,Urban,17928,26938.0
60,Female,18.5,Yes,1,0,0,0,Low,11539,6.3,10,2,1,6,Private,70.0,Semi-Urban,19119,26591.0
29,Female,15.4,Yes,0,0,0,0,High,1527,8.7,6,4,1,6,Private,90.0,Rural,5695,19351.0
84,Male,29.6,Yes,0,0,0,0,Low,11845,8.6,10,4,2,7,Government,54.0,Urban,3832,27918.0
82,Female,23.3,No,0,0,0,0,High,12166,8.0,4,3,2,7,Government,56.0,Semi-Urban,13375,25952.0
50,Male,40.6,No,0,1,0,0,High,14467,7.1,8,6,1,6,Private,76.0,Rural,5228,20586.0
57,Male,21.0,No,0,0,0,0,Low,14668,8.3,3,2,1,6,,0.0,Urban,11261,17348.0
60,Male,21.4,No,0,1,0,0,Medium,6647,6.6,2,2,2,5,Private,81.0,Urban,17585,26317.0
61,Female,23.2,No,0,0,0,1,Low,6160,4.9,10,3,1,3,Private,70.0,Urban,1710,15529.0
46,Male,27.2,No,1,0,0,0,Low,11888,7.4,8,4,0,5,Government,69.0,Rural,6353,13342.0
30,Female,23.6,No,1,0,0,0,Medium,10473,8.6,4,2,0,3,Private,91.0,Urban,14251,12083.0
29,Female,29.1,No,1,0,0,0,Low,6485,4.1,9,3,2,5,,0.0,Urban,13855,27110.0
63,Male,21.1,No,1,0,1,0,Low,13842,5.3,3,1,1,6,Private,92.0,Urban,14470,25534.0
19,Female,19.1,No,0,0,0,0,Medium,14377,5.3,9,1,2,1,Government,78.0,Semi-Urban,18447,21487.0
52,Female,17.0,No,0,0,0,0,Medium,4279,4.5,10,3,0,7,Private,84.0,Rural,9508,13202.0
25,Female,14.9,No,1,1,0,0,Medium,8410,5.1,6,2,2,4,,0.0,Urban,746,22871.0
43,Female,23.4,No,0,0,0,0,Medium,7732,5.9,5,7,0,5,Government,51.0,Urban,12872,13224.0
51,Female,24.5,No,0,1,0,0,Medium,5016,8.7,2,4,1,2,,0.0,Semi-Urban,12577,17128.0
24,Male,22.8,No,0,0,0,0,High,14018,8.3,6,3,0,3,Government,73.0,Semi-Urban,557,6131.0
85,Female,32.2,No,0,0,0,0,Low,12486,8.7,4,5,0,1,Private,82.0,Semi-Urban,6403,8187.0
75,Male,32.1,No,0,0,0,0,Medium,4936,4.6,5,4,0,0,Government,65.0,Urban,9377,7876.0
46,Male,24.3,No,0,1,0,0,Low,2044,4.1,6,1,1,1,Private,78.0,Urban,4499,13399.0
53,Male,17.0,Yes,0,0,0,0,High,4439,4.5,7,6,0,3,Private,94.0,Urban,14593,15148.0
38,Male,23.2,Yes,1,0,0,0,Medium,1312,8.6,4,3,2,6,Government,79.0,Semi-Urban,3201,26716.0
53,Male,23.0,No,0,0,0,0,High,9507,4.8,8,4,0,7,Government,56.0,Urban,11846,14104.0
27,Male,22.7,No,0,0,1,0,Medium,11642,6.9,5,5,5,6,Private,73.0,Rural,14772,48453.0
41,Female,22.5,No,0,1,0,0,Medium,2890,5.1,7,2,4,4,,0.0,Semi-Urban,13668,36995.0
81,Female,22.7,No,1,0,0,0,Medium,14759,4.1,6,5,1,4,,0.0,Urban,736,17422.0
66,Female,24.1,No,0,0,0,0,Medium,12810,4.4,5,5,0,6,Private,92.0,Urban,7530,12102.0
53,Male,22.8,Yes,0,1,0,0,Medium,5221,7.5,7,4,1,0,Private,93.0,Urban,11951,19329.0
41,Female,27.0,Yes,1,0,0,1,Low,13192,4.9,4,4,1,3,Private,92.0,Semi-Urban,8391,21947.0
40,Female,27.8,No,0,0,1,0,High,7978,5.1,7,4,1,0,Private,71.0,Rural,2103,16265.0
79,Female,21.4,Yes,1,0,0,0,Medium,9687,5.9,3,6,1,5,Private,93.0,Urban,5148,22266.0
54,Male,32.4,No,0,1,0,0,High,10172,7.3,8,2,1,7,Private,79.0,Rural,18681,23656.0
29,Female,21.1,No,0,1,0,1,Medium,5839,6.3,10,8,0,0,,0.0,Semi-Urban,7791,12250.0
72,Male,17.9,No,0,0,0,0,Low,14910,8.7,4,4,0,3,Private,74.0,Urban,15203,11338.0
30,Female,27.9,No,0,1,0,0,Medium,5795,6.2,4,6,1,6,Government,58.0,Semi-Urban,10958,20724.0
40,Male,21.9,No,0,0,0,0,Low,3028,5.0,1,1,2,4,Private,89.0,Semi-Urban,4105,18488.0
47,Male,27.6,No,1,0,1,0,High,11284,6.7,8,4,1,4,,0.0,Urban,9360,24476.0
34,Male,14.0,No,1,0,0,0,Medium,14123,6.3,5,1,2,4,Government,69.0,Rural,17717,25515.0
79,Female,33.0,No,1,0,0,1,Low,14251,7.9,9,2,1,4,,0.0,Semi-Urban,14952,22856.0
30,Female,29.4,Yes,0,0,0,0,Medium,14198,8.7,3,8,1,4,Private,73.0,Urban,15050,21997.0
76,Male,18.5,Yes,1,1,0,0,Medium,3907,8.2,5,4,1,7,Private,81.0,Semi-Urban,19718,29690.0
36,Female,18.6,Yes,0,0,0,0,Medium,4143,5.9,4,7,0,0,Private,85.0,Semi-Urban,9091,10605.0
66,Male,34.4,No,1,1,0,0,Medium,9919,5.1,7,7,1,6,Private,91.0,Semi-Urban,10418,24977.0
29,Male,22.3,No,0,0,1,0,Low,13385,8.6,10,7,2,5,,0.0,Semi-Urban,702,27260.0
78,Female,21.8,No,0,0,0,0,Low,6390,5.9,5,4,0,2,Government,68.0,Urban,8833,9064.0
36,Female,14.7,No,1,0,0,1,Medium,8574,7.9,2,4,0,3,Private,70.0,Urban,19976,15554.0
26,Female,24.2,No,1,0,0,0,Low,10659,8.9,6,5,1,7,Government,65.0,Urban,12967,22436.0
88,Male,24.9,No,0,1,1,0,Medium,10306,6.9,4,4,0,5,Private,77.0,Urban,16985,21003.0
45,Male,29.6,No,0,0,0,0,Medium,2677,6.4,6,2,0,5,Government,71.0,Semi-Urban,2504,8539.0
69,Female,19.0,No,0,1,0,0,High,3043,7.5,1,8,0,2,Government,65.0,Urban,2243,9623.0
33,Male,18.4,No,0,1,0,0,High,11356,5.0,1,4,0,0,Government,70.0,Urban,18544,10575.0
86,Female,28.3,No,0,0,0,0,Medium,8681,6.4,4,3,1,7,Private,82.0,Semi-Urban,19774,22101.0
29,Male,31.0,No,0,0,0,0,Medium,13156,5.6,7,7,1,6,Government,77.0,Urban,14695,20918.0
42,Female,18.1,No,0,0,0,0,Medium,4114,4.8,7,7,2,7,Government,51.0,Semi-Urban,2504,23934.0
69,Female,31.4,Yes,0,0,0,0,Low,5166,7.1,1,5,1,3,,0.0,Rural,1397,16341.0
70,Male,26.2,No,0,0,0,0,Low,14653,6.9,5,1,2,0,,0.0,Urban,4277,16869.0
40,Female,31.5,No,0,0,0,0,Medium,5853,7.8,6,7,1,5,Government,51.0,Urban,6636,17736.0
33,Female,25.6,No,0,0,0,0,High,12035,8.4,5,3,1,7,Private,85.0,Urban,19576,21101.0
74,Male,13.4,No,0,1,0,0,Low,9095,5.1,7,4,0,3,Private,90.0,Urban,17275,14465.0
56,Female,25.2,No,0,0,0,0,Medium,12078,7.9,6,2,1,5,Government,63.0,Urban,3132,14816.0
70,Male,31.3,Yes,0,0,0,1,Medium,14013,5.8,5,3,0,1,Private,82.0,Semi-Urban,9924,12816.0
59,Female,21.5,No,0,0,0,0,High,9298,7.1,5,4,0,0,Private,85.0,Urban,14790,8862.0
75,Male,24.1,Yes,0,1,0,0,Low,7599,8.3,9,5,1,0,Private,89.0,Rural,12899,20893.0
56,Female,25.1,No,0,0,0,0,Low,14062,5.3,3,7,1,1,Government,59.0,Rural,6797,14112.0
31,Female,11.5,Yes,0,0,0,0,High,3341,7.0,9,3,2,5,Private,81.0,Rural,18898,28634.0
22,Female,34.4,No,1,1,0,0,Low,7319,6.4,2,4,0,6,Private,85.0,Urban,12373,16484.0
52,Female,21.5,No,0,1,1,0,Medium,13244,8.0,10,2,0,4,,0.0,Urban,12093,18313.0
35,Male,28.5,Yes,0,1,1,0,Medium,10322,7.5,7,2,2,1,Government,72.0,Rural,18558,32122.0
26,Male,25.6,Yes,0,0,0,0,Low,2109,7.8,6,4,0,1,Private,78.0,Rural,17902,13259.0
75,Male,32.3,No,0,1,0,0,Medium,12773,5.4,8,4,1,2,Government,60.0,Urban,596,15448.0
34,Male,28.0,No,1,0,0,0,High,2250,7.5,9,3,0,2,,0.0,Semi-Urban,2185,9276.0
24,Male,24.8,No,0,1,0,0,Low,11833,7.0,6,4,2,7,Government,50.0,Urban,8233,26094.0
63,Male,21.5,No,0,0,0,0,Low,7472,6.3,2,7,1,4,Government,71.0,Rural,14928,18783.0
30,Male,30.0,No,0,1,0,0,Medium,8408,5.9,10,5,2,2,Government,70.0,Urban,3199,22060.0
57,Female,16.6,Yes,0,1,0,0,Medium,4073,5.7,4,4,0,4,Government,67.0,Semi-Urban,19486,18084.0
59,Female,29.2,No,0,0,0,0,Medium,6370,4.0,3,4,3,5,,0.0,Urban,3946,27440.0
26,Female,20.5,Yes,1,1,0,0,High,11281,4.8,3,3,1,1,Private,78.0,Urban,596,17414.0
67,Female,32.3,No,1,0,0,0,High,6545,4.3,5,4,2,5,Government,77.0,Semi-Urban,5579,25083.0
44,Male,26.8,No,0,0,0,1,Low,9272,8.2,10,2,0,2,Government,79.0,Urban,3577,8657.0
83,Male,29.2,No,1,0,0,0,Low,11727,8.3,1,2,1,5,,0.0,Semi-Urban,5473,17678.0
22,Male,26.4,Yes,0,1,0,0,Low,1915,8.2,9,3,0,4,,0.0,Semi-Urban,18645,18026.0
46,Female,17.2,No,1,0,0,0,High,1261,8.1,4,2,0,5,,0.0,Urban,1030,9845.0
54,Male,21.7,Yes,1,0,0,0,Low,6514,5.1,7,7,2,4,Government,75.0,Semi-Urban,6922,28708.0
55,Female,29.4,Yes,0,0,0,0,Medium,4319,6.5,7,6,3,6,Private,78.0,Urban,9740,34504.0
25,Male,26.8,Yes,0,1,0,0,High,14641,8.5,7,6,1,2,Government,64.0,Urban,18256,23181.0
82,Male,31.9,No,0,1,0,0,Medium,9150,7.8,5,5,2,3,Private,71.0,Rural,6901,24067.0
34,Male,28.0,No,0,0,1,0,Low,4040,4.0,4,5,1,2,Government,65.0,Urban,1616,17405.0
88,Male,21.2,No,0,0,0,0,Medium,5903,6.3,4,2,0,6,Private,74.0,Rural,4141,10038.0
62,Female,22.0,Yes,1,0,0,0,Medium,13835,4.1,5,4,0,6,Private,73.0,Semi-Urban,18940,20482.0
21,Female,26.5,No,1,0,0,0,Medium,3662,5.4,6,3,1,4,Private,85.0,Urban,10741,18537.0
53,Male,14.4,No,0,0,0,0,Medium,12186,6.2,10,9,1,3,Private,89.0,Semi-Urban,8824,18139.0
87,Female,34.4,Yes,1,0,0,0,Low,7958,8.5,7,2,0,2,,0.0,Rural,12528,15830.0
48,Male,28.2,Yes,1,1,0,0,Low,7241,7.3,5,3,3,1,Government,66.0,Urban,4871,31767.0
36,Male,32.1,No,0,0,0,0,Medium,6264,5.8,9,8,3,5,,0.0,Urban,18551,34248.0
78,Male,18.1,No,0,0,0,1,High,7937,6.5,9,7,2,0,Government,61.0,Urban,18040,25615.0
71,Male,32.2,No,0,0,0,0,Low,2972,8.1,1,6,2,2,Government,68.0,Rural,12804,22427.0
56,Female,37.2,No,0,0,0,0,Low,3174,5.5,5,6,1,6,Private,94.0,Semi-Urban,8184,18891.0
36,Male,19.4,Yes,0,0,0,0,Medium,2327,7.1,2,1,0,6,Government,73.0,Urban,6693,11910.0
56,Male,29.9,Yes,0,0,0,0,Medium,5890,5.3,4,4,1,2,Government,62.0,Semi-Urban,6331,16916.0
84,Female,26.0,No,1,1,0,0,Low,13077,6.4,7,2,2,0,Private,94.0,Urban,15059,25678.0
62,Male,18.3,No,1,0,0,0,Medium,7722,4.1,10,4,2,3,,0.0,Urban,16499,27239.0
30,Female,28.5,No,0,0,0,0,High,14690,8.3,6,4,1,7,Private,88.0,Urban,3561,16923.0
75,Male,30.2,No,1,1,0,0,Medium,8314,4.2,7,2,1,0,,0.0,Urban,14749,19531.0
37,Male,23.0,No,0,1,0,0,Medium,10031,5.1,3,5,1,6,Government,64.0,Urban,11154,20176.0
89,Male,31.8,Yes,1,1,0,0,High,8248,5.7,5,4,0,3,Private,70.0,Semi-Urban,19434,21064.0
78,Male,17.7,No,0,1,0,0,Low,13028,7.1,6,1,0,4,Government,50.0,Urban,17858,14248.0
56,Male,18.5,No,0,1,0,0,Medium,12505,7.6,6,2,2,6,Private,91.0,Rural,10718,25690.0
18,Male,26.7,Yes,1,0,0,0,Medium,12840,4.4,6,4,0,6,Government,54.0,Urban,12582,18036.0
20,Female,26.1,No,0,1,0,0,Medium,7726,4.2,9,2,0,3,Private,70.0,Rural,8234,10653.0
79,Male,22.4,No,0,0,0,0,High,1547,8.0,6,2,2,1,Private,87.0,Urban,2074,17674.0
80,Female,30.0,Yes,0,0,0,1,Low,13354,7.6,2,6,1,0,Private,85.0,Rural,18497,21349.0
42,Female,28.7,No,0,0,0,0,Low,12858,8.2,9,1,1,7,,0.0,Rural,896,15770.0
73,Male,30.3,No,1,0,1,0,High,13969,7.4,4,2,1,1,,0.0,Semi-Urban,9683,21174.0
50,Female,25.4,Yes,0,0,0,1,Low,14786,7.8,7,5,3,1,Government,79.0,Rural,15839,33214.0
55,Male,29.0,No,1,0,0,0,Low,11818,5.9,6,4,0,0,Private,72.0,Rural,8355,9776.0
23,Female,23.8,No,0,0,0,0,Medium,6729,7.0,9,5,3,3,Government,71.0,Rural,15839,30126.0
75,Male,36.3,No,0,1,0,0,High,14124,8.0,10,10,2,1,Government,77.0,Urban,14047,27603.0
61,Female,21.9,No,0,1,0,0,Medium,6552,4.9,3,1,0,1,Private,77.0,Semi-Urban,19354,11483.0
62,Female,36.5,Yes,0,0,0,0,Medium,4876,6.1,8,1,1,5,Private,75.0,Urban,14963,21824.0
49,Male,26.2,Yes,0,1,0,0,Medium,6881,7.7,5,6,1,6,Private,85.0,Urban,1144,21309.0
62,Female,19.1,No,0,0,0,0,High,10517,6.7,6,5,0,3,,0.0,Semi-Urban,6203,9274.0
78,Male,32.8,Yes,0,1,1,0,High,4791,7.4,3,5,1,1,Government,78.0,Semi-Urban,16373,26856.0
64,Male,26.6,Yes,0,0,0,1,Low,3871,5.5,3,6,1,2,Government,55.0,Rural,3666,18278.0
38,Male,30.3,Yes,0,0,0,0,High,8542,4.2,7,6,0,0,Private,83.0,Urban,10892,11737.0
53,Male,32.1,No,0,0,0,0,High,1574,4.1,6,5,2,7,Government,54.0,Semi-Urban,6468,24763.0
36,Male,27.7,No,0,0,0,1,Medium,2101,8.7,2,5,1,3,Government,76.0,Rural,18787,19487.0
37,Female,23.0,No,0,0,0,0,Medium,9221,8.7,10,4,3,2,Government,52.0,Urban,18964,30319.0
74,Female,30.9,Yes,0,0,0,0,Medium,2375,5.1,8,8,2,6,Government,72.0,Urban,18873,32669.0
35,Female,26.0,No,0,0,0,0,Medium,12002,4.7,5,2,0,2,Private,91.0,Urban,7365,7089.0
64,Male,29.4,Yes,0,0,0,0,Medium,14118,4.1,7,4,2,5,Private,80.0,Urban,17809,29505.0
66,Female,15.2,No,0,0,0,0,Low,6234,5.2,3,4,0,3,,0.0,Urban,17970,11767.0
31,Female,28.2,Yes,0,1,1,0,Low,4948,5.7,10,4,1,4,Government,50.0,Urban,18161,29714.0
32,Female,22.8,No,0,0,0,0,Low,14816,5.2,5,2,0,1,Private,84.0,Rural,14847,8378.0
48,Female,34.3,No,1,0,0,0,High,7874,8.0,3,2,0,5,Government,55.0,Urban,1405,10310.0
18,Female,29.1,No,0,0,0,0,Medium,4804,7.7,3,4,0,6,Government,75.0,Urban,3377,9246.0
71,Male,27.2,Yes,0,1,0,0,Medium,13822,4.4,1,3,1,1,Private,77.0,Rural,15597,20115.0
20,Male,28.4,No,0,0,0,0,High,5464,7.5,3,2,2,6,Government,72.0,Urban,8626,22040.0
33,Female,21.0,No,0,1,0,0,Medium,6845,6.6,7,6,1,4,Private,76.0,Urban,6571,18261.0
74,Male,34.1,Yes,1,0,0,0,High,4731,4.7,9,4,3,7,,0.0,Semi-Urban,19602,40884.0
29,Male,36.0,No,0,0,1,0,Low,8525,7.7,1,3,2,4,Government,75.0,Semi-Urban,3927,24438.0
33,Female,28.0,No,0,0,0,0,Medium,5397,4.4,4,4,2,6,Private,71.0,Urban,9533,23560.0
89,Female,34.0,No,0,0,0,0,Medium,8887,4.9,10,5,0,4,Government,70.0,Urban,14002,14201.0
41,Male,23.2,No,0,0,0,0,Low,6790,4.7,7,5,0,1,,0.0,Urban,13325,9714.0
45,Female,22.0,No,0,0,0,0,Low,12714,8.7,6,4,0,5,,0.0,Semi-Urban,12683,12165.0
25,Male,26.2,No,0,0,0,0,Medium,11546,7.5,4,3,2,6,Government,73.0,Semi-Urban,4619,21472.0
53,Male,28.2,No,0,1,0,0,Medium,4750,6.1,3,4,1,0,,0.0,Urban,11324,15503.0
25,Female,24.0,No,0,0,0,0,Medium,4134,8.1,6,3,1,5,Government,76.0,Urban,17292,18808.0
75,Male,28.7,No,1,0,1,0,Medium,14124,5.1,4,4,2,1,Government,62.0,Semi-Urban,12201,28721.0
77,Male,27.5,No,1,0,0,0,Medium,2299,8.7,5,4,1,0,Government,53.0,Rural,5139,15007.0
67,Male,21.0,No,0,0,0,1,Low,5606,7.5,2,1,0,7,Government,65.0,Semi-Urban,6178,11723.0
45,Female,28.6,Yes,0,0,0,0,High,12257,6.8,9,4,0,1,Government,54.0,Urban,2710,9771.0
58,Female,30.3,No,0,1,0,0,Low,1886,8.0,2,3,1,7,Government,50.0,Rural,13001,21169.0
81,Female,26.9,No,0,1,0,0,Medium,10750,7.2,4,6,1,0,,0.0,Semi-Urban,16908,18699.0
44,Female,31.8,No,1,0,0,0,Low,12999,8.4,8,7,1,5,Private,82.0,Urban,19630,24623.0
80,Male,19.9,Yes,0,1,0,0,Medium,12177,8.1,7,6,2,0,Private,90.0,Urban,11177,26350.0
34,Female,28.3,No,0,0,0,1,High,12976,5.0,4,3,2,2,Private,89.0,Semi-Urban,19707,24541.0
50,Female,20.1,Yes,1,0,1,0,High,3046,5.2,8,3,0,1,,0.0,Rural,10194,18761.0
46,Female,20.4,No,1,0,0,0,Low,5890,4.3,6,2,2,7,Government,65.0,Semi-Urban,13144,27575.0
30,Female,22.8,No,0,0,1,0,Low,8002,5.1,8,3,0,5,Government,55.0,Urban,4850,14539.0
63,Male,21.3,No,0,0,0,0,Low,7601,5.7,4,6,2,0,Government,71.0,Urban,5460,18737.0
52,Male,23.3,No,0,0,0,0,Low,6967,4.1,5,7,0,2,,0.0,Urban,12691,10946.0
23,Male,24.9,No,0,0,0,0,Medium,6527,5.6,4,4,1,1,Private,82.0,Urban,18003,15808.0
86,Female,30.2,No,1,1,0,0,Medium,8894,7.9,7,5,0,0,Private,71.0,Urban,734,10746.0
64,Female,24.4,No,0,0,0,0,Medium,6896,8.2,4,5,0,2,Government,58.0,Semi-Urban,3184,7367.0
42,Male,18.1,No,0,1,0,0,Medium,4457,4.0,5,3,1,4,Private,88.0,Urban,19261,20561.0
83,Female,31.7,No,0,0,0,0,Low,8557,4.0,9,8,2,0,Government,60.0,Rural,12127,23249.0
27,Female,21.8,No,1,0,1,0,Medium,12492,4.7,8,6,1,2,Government,62.0,Semi-Urban,19996,26293.0
73,Male,25.7,No,1,1,0,0,High,4298,8.4,2,3,0,0,Private,73.0,Urban,2973,9223.0
47,Male,28.2,No,1,0,0,0,Medium,12590,6.3,7,1,0,5,Government,75.0,Urban,2860,10944.0
22,Female,27.0,No,0,0,0,0,High,8502,8.9,2,2,0,1,,0.0,Urban,9920,6226.0
50,Female,31.5,Yes,1,0,0,0,Medium,13564,8.4,10,4,0,7,Government,53.0,Semi-Urban,4273,17927.0
82,Female,28.4,No,0,0,0,0,Medium,13517,8.5,3,3,1,2,Private,74.0,Semi-Urban,9532,14752.0
35,Male,21.7,No,0,0,0,0,High,6276,4.6,1,4,0,1,Private,82.0,Urban,8404,6472.0
66,Male,36.9,No,0,0,1,0,Medium,11252,6.4,2,7,1,2,Government,50.0,Urban,14975,22720.0
28,Male,27.0,Yes,1,1,0,0,Medium,2526,9.0,3,4,0,0,Government,60.0,Urban,15403,15691.0
43,Male,25.3,No,1,0,0,0,Low,12886,4.7,5,5,0,6,Government,74.0,Urban,16557,16886.0
80,Female,30.8,No,0,0,1,0,High,13902,6.9,6,7,1,7,Government,51.0,Semi-Urban,16010,27927.0
76,Male,27.2,No,0,0,1,0,Low,3150,5.7,7,3,0,1,,0.0,Urban,2196,11395.0
44,Male,28.0,Yes,1,0,1,0,Medium,14481,5.9,5,4,1,5,Government,56.0,Semi-Urban,13189,28777.0
66,Female,38.5,No,0,0,0,0,Medium,3156,8.5,5,6,1,6,Private,92.0,Semi-Urban,3100,17605.0
50,Female,24.6,Yes,1,0,0,0,Medium,11615,6.9,8,3,2,7,Private,94.0,Rural,13023,31545.0
18,Female,24.4,No,0,0,0,0,Medium,3794,7.8,1,4,3,3,Government,56.0,Semi-Urban,12403,27013.0
38,Male,26.6,Yes,0,1,0,0,Medium,5243,7.4,9,1,2,5,Private,88.0,Semi-Urban,13183,28713.0
72,Female,31.4,No,0,0,0,0,Low,7826,6.6,3,4,0,6,Government,75.0,Urban,12395,13100.0
23,Female,18.5,No,0,1,0,0,High,4042,8.0,6,3,0,3,Government,66.0,Rural,17713,13129.0
86,Male,16.2,No,0,0,0,0,Medium,7695,8.9,4,3,0,7,Government,79.0,Urban,7725,12123.0
22,Male,23.1,No,0,0,0,0,High,7892,8.8,2,4,2,5,Government,78.0,Urban,18391,24650.0
20,Female,17.8,No,0,0,0,0,Low,5091,7.9,6,4,0,3,,0.0,Urban,2039,6746.0
70,Male,23.9,Yes,0,1,0,0,Medium,12270,6.4,10,3,1,3,,0.0,Semi-Urban,11520,22173.0
40,Female,28.5,Yes,1,0,0,0,Medium,4234,4.8,8,2,1,2,Private,94.0,Urban,3090,18082.0
70,Female,21.5,Yes,0,1,1,0,Low,1435,4.2,4,1,2,5,,0.0,Semi-Urban,8969,31936.0
54,Male,18.9,No,0,1,0,0,High,10649,5.2,8,6,0,1,Government,63.0,Urban,19297,14236.0
34,Female,26.3,No,1,1,0,0,Low,3372,5.7,7,4,0,2,Private,84.0,Urban,15448,15203.0
18,Male,30.3,No,0,0,0,0,Medium,11396,4.6,1,3,1,1,Private,83.0,Semi-Urban,3994,10667.0
68,Male,17.5,Yes,0,1,0,0,Medium,1111,5.1,5,3,1,5,,0.0,Rural,13997,23284.0
62,Male,30.1,No,0,1,0,0,Medium,4034,4.4,8,3,1,3,,0.0,Rural,9489,18190.0
21,Female,30.1,Yes,1,0,1,0,Medium,6574,6.6,6,4,1,4,,0.0,Urban,19794,29761.0
79,Male,30.8,Yes,1,1,0,0,Low,6888,4.6,9,1,2,0,,0.0,Urban,3193,25162.0
82,Male,32.1,No,0,1,0,0,Medium,10288,7.7,7,7,1,3,Government,65.0,Urban,1130,17542.0
49,Female,37.0,No,1,0,0,0,Low,9174,5.7,2,2,0,3,Government,61.0,Urban,11840,11742.0
51,Female,24.2,Yes,0,0,0,0,Medium,6049,7.4,1,7,1,4,,0.0,Urban,12837,20797.0
89,Female,26.5,No,0,0,0,0,Low,8360,8.4,9,7,0,2,Government,66.0,Urban,15091,13302.0
56,Female,23.9,No,1,0,0,0,Medium,14786,4.4,5,3,1,2,Government,54.0,Rural,17037,19248.0
43,Male,26.0,No,0,0,0,0,Medium,10488,8.9,2,5,2,1,Private,75.0,Semi-Urban,18458,22377.0
51,Male,33.7,No,1,0,0,0,High,1957,7.2,4,4,3,5,Government,69.0,Urban,12489,32678.0
71,Male,19.3,No,0,0,0,0,Medium,5831,4.3,10,2,0,0,Government,54.0,Rural,19751,10724.0
20,Female,21.7,No,0,0,0,0,Low,5968,5.6,6,6,0,1,Private,77.0,Urban,2198,6110.0
67,Female,32.9,No,1,1,0,0,Medium,13278,8.4,9,4,2,3,Private,93.0,Urban,11919,28203.0
29,Male,31.1,No,0,0,0,0,Medium,9285,7.0,8,3,1,2,Government,50.0,Urban,9071,14634.0
82,Female,24.2,Yes,1,1,0,0,Low,3766,5.4,6,5,1,3,Government,59.0,Rural,5640,23158.0
71,Female,30.3,No,1,0,0,0,Medium,7825,8.7,4,1,1,3,Private,72.0,Urban,17468,19669.0
22,Male,27.7,No,1,1,0,0,Medium,1667,7.9,10,5,0,6,Private,75.0,Urban,682,14776.0
74,Male,33.5,Yes,0,1,0,0,Low,8923,7.7,5,4,2,5,Private,93.0,Urban,10644,29278.0
34,Female,26.4,No,0,0,0,0,Low,1514,8.4,4,9,0,5,Government,78.0,Rural,1051,10187.0
64,Female,31.1,Yes,1,0,0,0,Low,10435,7.8,4,2,0,7,Government,55.0,Urban,13116,18848.0
40,Female,39.2,No,0,0,1,0,Low,12268,5.4,8,3,3,2,Private,89.0,Urban,3860,30534.0
31,Male,29.0,No,0,1,0,0,Low,5289,6.9,4,8,2,5,Government,74.0,Rural,11705,27002.0
83,Male,26.2,No,1,1,0,0,Medium,11293,8.2,3,4,1,6,Government,55.0,Rural,18510,25499.0
68,Male,29.6,Yes,0,0,0,1,Low,14221,4.9,2,6,0,3,Private,77.0,Semi-Urban,16097,16777.0
55,Male,24.2,Yes,1,0,0,0,Low,12215,4.8,10,4,0,3,Government,64.0,Rural,1912,13900.0
81,Male,37.9,No,0,0,0,1,Low,1811,4.8,1,3,2,0,Private,70.0,Semi-Urban,3652,18753.0
55,Female,26.9,No,0,0,0,0,Medium,6707,5.0,5,8,2,6,Private,90.0,Urban,15196,27466.0
67,Female,24.6,Yes,0,1,0,0,High,6849,4.5,4,3,1,6,Government,76.0,Semi-Urban,5306,21470.0
47,Female,21.8,No,0,0,0,0,Medium,7072,8.2,10,4,0,1,,0.0,Semi-Urban,4632,7384.0
68,Male,31.5,No,0,1,0,0,Medium,2520,8.1,9,4,4,0,Private,72.0,Semi-Urban,15975,36497.0
80,Male,30.3,Yes,0,1,0,0,Medium,6749,4.8,9,5,2,6,Government,65.0,Semi-Urban,8592,30687.0
69,Male,23.5,No,1,1,0,0,Low,2478,7.5,5,4,1,4,Government,55.0,Semi-Urban,5988,20181.0
55,Female,28.9,No,0,0,0,0,Low,13055,7.1,5,7,0,0,Government,62.0,Rural,7914,8141.0
47,Male,18.5,No,0,0,0,0,Low,3001,5.4,6,6,0,1,Private,89.0,Semi-Urban,11802,9436.0
68,Male,26.9,No,0,0,0,0,Low,6818,5.1,4,6,1,7,Private,81.0,Semi-Urban,11683,20472.0
22,Female,28.3,No,0,1,0,0,Low,10223,5.3,6,7,0,6,Government,78.0,Urban,13206,16051.0
46,Male,34.5,No,0,0,0,0,Medium,3138,7.7,8,4,2,0,Government,52.0,Rural,19633,23045.0
21,Female,22.1,No,0,0,0,0,Low,13633,5.6,5,7,3,4,Private,87.0,Semi-Urban,1159,26431.0
27,Male,19.6,No,0,1,0,0,High,4069,5.4,8,7,4,6,Private,77.0,Urban,4946,37812.0
73,Male,21.5,No,0,0,0,0,High,1350,4.1,8,5,0,6,Private,76.0,Semi-Urban,7905,12877.0
34,Female,19.3,No,0,0,0,0,High,13497,8.5,3,1,2,6,Private,94.0,Semi-Urban,9759,21987.0
34,Female,32.7,No,0,0,1,0,Low,3305,7.8,6,2,0,3,Government,78.0,Rural,17833,16411.0
86,Female,33.7,No,0,0,0,0,High,8208,6.4,1,9,1,3,Private,86.0,Semi-Urban,6762,16960.0
51,Female,27.6,No,0,0,1,0,High,7870,8.7,5,4,2,6,Government,69.0,Rural,18285,31734.0
23,Female,32.1,No,0,0,1,0,High,5791,5.5,7,2,1,0,Government,79.0,Urban,17069,19744.0
70,Female,26.7,No,0,1,0,0,Medium,2264,7.4,5,1,3,7,Private,83.0,Urban,13776,33334.0
83,Male,25.5,No,0,1,0,0,Medium,14929,5.5,3,2,3,4,Government,60.0,Urban,19495,32874.0
60,Male,24.3,No,0,0,0,0,Low,2557,5.6,2,3,3,1,,0.0,Semi-Urban,12705,26140.0
40,Female,24.4,No,1,1,0,0,Low,5960,8.2,2,5,1,6,Government,69.0,Urban,16765,24262.0
72,Male,18.3,Yes,1,0,0,0,Low,7388,7.9,9,4,2,4,,0.0,Semi-Urban,7942,28472.0
33,Female,27.3,No,0,0,0,0,High,9977,5.5,2,3,3,0,Private,73.0,Semi-Urban,12910,24952.0
25,Male,25.8,No,1,1,0,0,Low,7734,4.4,7,2,1,2,Private,91.0,Rural,1626,16062.0
21,Female,29.7,No,0,0,0,0,Low,4906,5.8,9,4,1,7,Private,90.0,Urban,16283,21196.0
21,Male,26.5,No,0,0,0,0,High,9057,7.8,3,2,0,2,Private,75.0,Rural,10779,7449.0
73,Male,25.2,No,0,0,0,0,Low,14846,4.5,7,3,0,5,,0.0,Urban,7703,11127.0
42,Male,21.6,No,0,0,0,0,High,13398,7.4,1,1,2,7,,0.0,Semi-Urban,6826,21736.0
84,Male,26.4,No,0,0,1,0,Medium,14441,8.4,6,0,1,4,Private,93.0,Urban,2079,18496.0
84,Male,29.7,Yes,0,1,0,0,Low,4433,4.9,2,2,2,0,Private,84.0,Semi-Urban,18137,26212.0
44,Female,20.3,No,1,0,0,0,Low,11499,8.3,10,2,2,4,Government,57.0,Semi-Urban,7628,24277.0
49,Female,26.4,No,0,1,0,0,Medium,1665,4.3,1,4,1,0,Private,89.0,Semi-Urban,11481,15016.0
67,Female,27.2,No,0,0,1,0,High,9752,7.3,5,4,1,1,Government,57.0,Semi-Urban,1009,16859.0
78,Male,22.4,Yes,0,0,0,0,High,4657,8.0,6,3,2,6,Government,53.0,Urban,5298,26021.0
68,Female,23.1,Yes,1,0,1,0,Low,5148,6.2,2,3,3,6,Government,60.0,Urban,13518,41008.0
36,Male,27.2,No,0,0,0,0,Low,14189,5.0,4,3,1,7,Government,61.0,Rural,4729,16555.0
38,Male,20.3,No,0,1,0,0,Low,14952,8.6,3,1,2,2,Private,70.0,Rural,5334,19569.0
22,Male,27.7,No,0,0,0,0,Medium,14802,4.1,1,1,1,7,,0.0,Semi-Urban,13116,17406.0
59,Female,21.5,No,0,0,0,0,Low,11383,6.8,1,2,2,3,,0.0,Urban,6919,19301.0
78,Male,31.3,No,0,0,0,0,Low,7903,5.9,3,4,1,2,Government,68.0,Urban,14836,16750.0
39,Female,37.7,No,0,0,0,0,Medium,6299,6.3,2,4,1,3,,0.0,Urban,11702,15822.0
38,Female,21.7,No,0,0,0,0,Medium,2542,6.7,2,4,1,0,Private,70.0,Rural,19911,15384.0
87,Male,28.7,No,0,0,0,0,Low,12042,6.7,10,5,1,3,,0.0,Semi-Urban,9389,17818.0
18,Male,22.4,Yes,0,0,0,0,Medium,1717,5.0,5,6,2,1,Private,91.0,Urban,10957,23519.0
22,Female,31.2,No,0,0,0,0,Medium,4139,7.4,5,5,0,6,,0.0,Semi-Urban,12735,12996.0
29,Female,19.7,Yes,0,1,0,0,Medium,3920,4.1,7,2,1,6,Private,94.0,Urban,14521,23527.0
63,Female,28.4,No,0,0,0,0,Medium,1654,4.1,5,5,0,0,,0.0,Urban,15781,9846.0
51,Female,21.6,No,0,1,0,0,Medium,10323,6.4,3,5,1,2,,0.0,Semi-Urban,18684,19473.0
66,Female,25.0,No,1,0,0,1,Medium,7328,6.7,10,2,0,2,Government,67.0,Semi-Urban,2155,11116.0
62,Female,20.8,No,0,0,0,0,High,10967,5.4,6,6,0,4,Government,64.0,Rural,9898,11633.0
44,Male,30.1,No,0,0,0,0,Medium,12414,6.8,3,4,2,5,Government,68.0,Urban,1175,20336.0
43,Female,21.8,No,0,0,0,0,Medium,8890,6.6,8,4,4,3,Private,80.0,Urban,8071,33535.0
64,Female,28.8,No,1,0,1,0,Medium,7733,5.7,6,4,2,0,Private,72.0,Urban,19837,30395.0
73,Female,24.3,Yes,0,0,0,0,Medium,14786,7.3,7,3,0,5,Private,86.0,Urban,12871,15650.0
80,Female,25.4,No,0,0,0,0,Low,4811,8.8,3,6,0,3,Government,60.0,Urban,5536,9423.0
65,Male,26.7,Yes,0,1,0,0,Low,2749,6.5,7,7,0,1,Government,55.0,Rural,11490,15548.0
78,Male,22.2,No,0,1,0,1,Medium,12402,7.9,9,7,1,1,Government,76.0,Urban,1500,17576.0
43,Female,27.1,Yes,0,1,0,0,Medium,6817,5.2,8,2,3,4,,0.0,Urban,12028,33881.0
53,Female,33.7,No,1,0,0,0,Medium,7111,7.8,2,3,0,0,Government,60.0,Semi-Urban,6248,8045.0
18,Female,22.1,No,0,0,0,1,Medium,11919,7.2,10,2,0,7,Private,90.0,Rural,2520,11679.0
25,Male,31.9,No,0,0,0,0,Low,11728,7.2,10,3,3,6,Government,68.0,Rural,1419,27883.0
69,Male,33.5,No,0,0,0,0,Medium,2081,8.5,2,6,3,0,Private,90.0,Semi-Urban,10177,26238.0
64,Male,21.9,No,0,0,0,0,Medium,7774,5.2,7,6,3,3,Private,92.0,Urban,955,26424.0
73,Male,18.7,No,1,0,0,0,Low,13375,5.8,10,1,1,4,,0.0,Urban,11364,19530.0
31,Male,27.5,No,0,0,0,0,Low,14433,4.4,4,6,4,5,Private,72.0,Urban,4430,33974.0
45,Male,23.3,No,1,1,0,0,Low,12233,7.6,9,4,2,6,Private,81.0,Semi-Urban,16752,31325.0
19,Female,35.3,Yes,0,1,0,0,Low,6363,8.2,6,7,1,2,Private,88.0,Semi-Urban,15313,22633.0
43,Male,26.2,Yes,0,0,0,0,Low,14378,6.0,9,2,1,0,,0.0,Urban,3941,14428.0
31,Male,22.0,Yes,0,0,0,0,Medium,11533,5.8,3,3,1,0,Government,68.0,Urban,11739,15602.0
76,Female,20.3,Yes,0,1,0,0,Medium,4201,7.3,6,6,1,0,Private,88.0,Semi-Urban,10541,19891.0
73,Male,31.4,No,0,0,0,0,Medium,7998,4.4,6,5,1,4,Private,79.0,Semi-Urban,9925,17779.0
24,Female,23.1,Yes,0,0,0,0,Medium,11279,5.5,8,4,1,5,Private,80.0,Urban,13583,21448.0
20,Male,26.2,Yes,0,0,0,1,Medium,6331,5.8,7,3,1,6,Government,69.0,Urban,4135,20327.0
40,Female,30.8,Yes,0,0,0,0,Low,10271,6.6,3,4,2,1,Government,51.0,Urban,17125,24862.0
35,Female,23.6,No,0,0,1,1,Low,11951,6.4,1,6,2,6,Private,78.0,Rural,3895,28477.0
55,Female,25.8,No,0,1,0,0,Low,1290,5.0,2,6,1,2,,0.0,Rural,9772,17206.0
32,Female,25.9,No,0,0,0,0,High,7960,6.7,10,7,0,6,Government,76.0,Rural,12534,14777.0
81,Female,29.4,No,1,0,0,0,High,6738,8.6,2,4,0,1,,0.0,Urban,15136,12343.0
45,Male,29.0,Yes,0,0,0,1,Low,13994,4.1,1,6,2,6,,0.0,Rural,1286,26056.0
56,Male,24.9,No,0,1,0,0,Medium,4423,7.4,4,4,1,5,Private,84.0,Urban,15780,21001.0
74,Female,26.3,No,0,0,0,0,High,12358,7.1,6,4,0,6,Private,72.0,Semi-Urban,1148,10213.0
34,Female,24.1,Yes,0,0,0,0,Medium,4499,8.6,4,2,3,5,Private,80.0,Semi-Urban,14281,32287.0
61,Female,18.6,No,0,0,0,0,Medium,9173,7.2,4,2,1,6,Private,94.0,Urban,7917,16553.0
42,Male,27.3,No,1,0,0,1,Low,14086,7.1,9,11,1,5,Government,55.0,Urban,2218,22524.0
34,Female,35.5,No,0,0,0,0,Low,8804,7.8,2,2,0,7,Private,79.0,Urban,17283,13730.0
30,Female,21.6,No,0,0,0,1,Medium,6568,5.3,1,4,1,7,Government,61.0,Semi-Urban,10171,19199.0
42,Female,22.1,Yes,0,1,0,0,Medium,1843,7.0,7,5,1,3,Private,70.0,Rural,14276,22586.0
85,Female,21.6,No,0,1,0,0,Medium,1913,6.6,5,4,0,0,Private,84.0,Semi-Urban,2531,7707.0
27,Male,29.6,Yes,0,0,0,0,Low,5439,6.2,5,3,2,3,,0.0,Semi-Urban,7832,23378.0
84,Female,28.2,Yes,1,0,0,0,High,6667,4.4,2,5,0,7,Government,75.0,Urban,17422,21253.0
35,Female,25.2,Yes,0,0,0,0,High,8896,5.5,6,3,0,7,Private,86.0,Urban,1686,12962.0
51,Male,21.4,No,1,1,0,0,Low,4990,5.4,5,7,1,5,Government,50.0,Urban,19094,25690.0
25,Female,26.5,Yes,0,0,0,0,Low,10168,7.6,5,2,1,3,Government,55.0,Urban,9255,17271.0
57,Female,18.2,No,0,1,0,0,Medium,12518,8.6,6,4,0,0,Government,71.0,Semi-Urban,5982,8281.0
59,Male,26.7,No,0,0,0,0,Low,11284,5.2,2,7,2,5,Private,85.0,Rural,13961,25369.0
58,Male,30.4,No,0,1,1,0,Low,2200,4.4,5,6,1,4,,0.0,Urban,19593,27550.0
23,Male,19.7,No,1,1,0,0,Low,8389,9.0,1,2,1,3,Private,81.0,Semi-Urban,16702,19962.0
69,Female,18.3,No,0,1,0,0,High,2648,7.5,8,5,0,4,Government,59.0,Urban,8967,13419.0
43,Female,33.9,No,1,0,0,0,High,1121,8.4,1,4,0,7,Government,61.0,Rural,12449,15512.0
81,Male,22.9,No,0,0,0,1,Low,5370,4.7,7,7,0,1,Government,70.0,Urban,11846,12361.0
76,Male,31.7,No,0,0,0,0,High,10151,8.0,6,6,2,6,,0.0,Urban,12593,26649.0
73,Male,25.2,No,1,0,0,0,Medium,4815,8.1,8,6,1,2,Private,90.0,Urban,5504,17967.0
76,Female,25.2,Yes,0,0,1,0,Low,5407,4.8,5,4,1,6,,0.0,Urban,8038,26087.0
87,Female,28.2,No,1,0,0,0,High,2352,4.8,6,4,5,2,Government,69.0,Urban,2023,40093.0
50,Male,21.6,No,0,0,0,0,Medium,6222,5.5,4,6,2,2,,0.0,Urban,6223,20315.0
70,Female,26.7,No,1,0,0,0,High,1687,5.1,10,8,1,2,Government,62.0,Semi-Urban,6139,19343.0
39,Male,24.1,No,0,0,0,0,Medium,11521,8.9,10,0,0,5,,0.0,Semi-Urban,1000,7803.0
38,Female,19.4,No,0,0,0,0,Medium,14556,5.8,1,2,1,4,Government,66.0,Urban,3017,12447.0
87,Female,27.7,No,0,0,0,0,Low,14444,7.8,7,4,0,1,,0.0,Urban,16115,11206.0
87,Female,24.7,Yes,0,0,1,0,Low,1855,8.0,2,1,1,4,Government,66.0,Urban,2820,21327.0
21,Female,25.2,No,0,1,0,1,Medium,5436,5.9,1,1,5,3,,0.0,Rural,6683,39681.0
79,Male,19.9,No,0,0,0,1,High,1021,7.4,1,3,0,7,Government,76.0,Semi-Urban,3876,11840.0
79,Female,34.0,No,0,0,0,0,Medium,8317,4.5,1,4,0,0,Government,62.0,Urban,987,4696.0
41,Female,30.4,No,0,0,1,0,Low,3004,6.0,2,1,1,5,Government,63.0,Urban,7217,19697.0
72,Male,30.8,No,0,0,0,0,Low,7712,8.8,1,5,0,3,Government,68.0,Semi-Urban,7430,9193.0
26,Female,24.5,No,0,0,1,0,High,7813,4.8,4,3,0,4,Private,71.0,Rural,5156,13002.0
20,Male,17.4,Yes,0,1,0,0,Low,13144,5.9,10,5,0,3,Private,79.0,Semi-Urban,11088,15648.0
48,Male,35.8,No,0,0,0,0,Low,13078,8.0,10,5,0,3,Government,69.0,Urban,2426,9162.0
57,Female,25.7,No,0,0,0,0,High,1969,7.3,7,5,2,3,Private,84.0,Rural,8599,22291.0
53,Female,22.3,No,0,0,0,0,High,4778,7.2,10,5,0,1,Private,79.0,Urban,11491,9976.0
41,Male,28.1,No,0,0,0,0,Medium,8334,8.3,3,5,0,1,Government,53.0,Urban,19946,11047.0
23,Male,31.8,Yes,1,1,0,1,Low,9536,4.1,9,3,1,6,,0.0,Urban,10267,27294.0
83,Male,25.9,No,0,0,0,0,Low,10921,7.9,2,5,2,0,Government,71.0,Rural,1089,17164.0
21,Female,32.4,No,0,1,0,0,Medium,6580,8.4,2,3,2,2,Private,78.0,Urban,15135,23132.0
23,Male,31.4,Yes,0,0,0,0,High,9077,4.1,7,3,2,5,,0.0,Urban,6837,25053.0
68,Male,20.6,Yes,0,1,1,0,High,4331,6.8,9,3,0,5,Private,78.0,Urban,11169,22329.0
79,Male,22.6,Yes,1,0,0,1,Medium,5295,5.7,6,3,2,4,Government,73.0,Urban,13399,30878.0
74,Female,30.8,No,1,0,0,0,High,7148,4.3,1,5,1,6,,0.0,Rural,19429,23733.0
83,Male,12.4,No,0,1,0,0,Low,7443,6.1,6,5,2,6,Government,68.0,Semi-Urban,4360,25340.0
25,Female,25.3,No,0,0,0,0,Low,12799,7.2,4,3,1,4,Government,52.0,Urban,8429,14988.0
43,Female,18.8,No,0,0,0,0,Low,4307,8.6,5,3,0,1,Private,86.0,Rural,10395,7542.0
68,Male,23.6,No,0,0,0,0,High,6866,7.1,4,3,0,1,,0.0,Semi-Urban,5101,6398.0
62,Female,24.5,Yes,1,0,1,0,Low,1539,8.3,3,4,2,0,,0.0,Urban,1886,27241.0
61,Male,24.2,No,0,0,0,1,Low,6271,4.6,2,5,2,4,Government,73.0,Rural,13263,25025.0
22,Female,23.2,Yes,0,0,0,0,High,11485,5.1,2,5,0,4,,0.0,Urban,18999,15436.0
87,Female,20.5,Yes,0,0,0,0,Low,8172,8.9,10,6,0,6,,0.0,Semi-Urban,18058,19972.0
43,Male,37.5,Yes,0,0,0,0,Low,11252,8.4,4,4,0,0,Private,91.0,Semi-Urban,13540,11447.0
85,Male,35.3,No,0,0,1,0,Medium,14265,5.2,3,2,2,5,Government,62.0,Semi-Urban,17563,30428.0
36,Male,20.2,Yes,1,0,0,0,Medium,12830,7.1,6,6,1,0,Private,80.0,Rural,5936,18207.0
37,Female,33.9,No,0,1,0,1,Medium,2488,5.8,10,5,0,6,Government,66.0,Urban,15687,18763.0
29,Female,24.0,No,1,0,0,0,High,1285,6.3,3,2,0,7,Private,71.0,Semi-Urban,6660,12798.0
64,Male,26.6,No,0,1,0,0,Low,6733,8.3,3,0,1,7,Government,68.0,Semi-Urban,16011,21081.0
18,Male,25.7,No,0,0,0,0,High,7482,7.7,4,6,4,6,Government,56.0,Urban,10211,36194.0
31,Female,22.7,No,0,0,0,0,Medium,2237,5.2,5,2,1,3,,0.0,Semi-Urban,8402,14022.0
81,Female,30.9,No,0,0,0,0,Low,1112,5.6,9,4,4,0,Private,74.0,Semi-Urban,11438,33378.0
55,Female,26.6,No,1,0,1,0,High,5433,5.4,5,3,1,7,Private,78.0,Semi-Urban,2098,23827.0
54,Male,23.6,Yes,0,0,0,0,Low,9281,7.9,1,3,2,7,Government,67.0,Urban,14288,28074.0
28,Female,19.5,Yes,0,0,0,0,Low,7926,6.5,9,4,0,3,Private,86.0,Urban,8250,12420.0
20,Male,21.5,No,0,0,0,0,High,11998,8.8,2,3,1,5,Private,71.0,Rural,6055,14462.0
50,Female,17.8,No,0,1,0,0,Low,10691,8.1,4,5,0,4,Government,66.0,Urban,17193,14692.0
23,Female,26.1,No,0,1,0,0,Low,2053,5.1,10,4,3,7,Private,86.0,Semi-Urban,18144,35886.0
67,Male,20.0,No,0,0,0,0,Low,2563,7.9,6,5,2,3,Private,71.0,Urban,17593,24818.0
27,Male,24.7,No,0,0,0,0,Low,14699,6.5,9,11,1,2,,0.0,Urban,10537,18242.0
22,Male,32.9,No,0,0,0,0,High,14891,5.3,2,2,3,7,,0.0,Urban,14067,30447.0
40,Female,32.0,No,0,0,0,0,High,9548,5.8,9,4,1,1,Government,61.0,Urban,8020,14366.0
27,Female,25.8,No,0,0,0,0,Medium,4726,8.9,9,4,0,6,Government,79.0,Rural,13744,13637.0
61,Female,25.6,No,0,0,1,0,Medium,7689,6.4,1,3,2,3,,0.0,Urban,2335,23488.0
19,Male,35.4,No,0,1,0,0,Medium,5554,7.6,6,6,1,6,,0.0,Rural,11252,21218.0
30,Female,28.6,No,0,0,0,1,Low,9662,6.4,6,5,1,2,Government,78.0,Semi-Urban,19886,19724.0
57,Male,24.4,No,0,0,0,0,Low,3914,5.9,9,2,1,0,,0.0,Urban,17014,15576.0
19,Male,18.9,No,0,1,0,0,Low,3986,8.0,6,6,0,7,Government,58.0,Semi-Urban,2176,12800.0
82,Male,28.0,Yes,0,0,0,0,Medium,3620,8.2,2,7,4,6,,0.0,Rural,17022,42587.0
80,Female,30.1,No,0,0,0,0,Medium,12454,4.4,8,8,0,7,Private,77.0,Semi-Urban,16432,17833.0
34,Female,22.8,Yes,0,1,0,0,High,8169,5.4,1,2,1,0,Private,81.0,Semi-Urban,1279,13748.0
26,Male,27.5,No,0,0,0,0,Medium,10333,6.5,5,4,2,0,Private,86.0,Urban,8643,18538.0
32,Female,24.2,Yes,0,0,0,0,Medium,5403,5.6,10,6,1,0,Private,70.0,Semi-Urban,16924,19843.0
41,Male,25.1,No,0,0,0,0,Low,5659,7.9,3,5,0,6,,0.0,Rural,17655,14270.0
55,Male,13.6,No,1,0,0,0,High,2038,4.6,6,4,1,2,,0.0,Semi-Urban,727,14626.0
52,Female,24.9,No,0,1,0,0,High,7567,8.0,5,7,2,6,Private,85.0,Semi-Urban,14943,28870.0
66,Male,30.8,Yes,1,0,0,0,High,13059,7.1,10,2,3,1,,0.0,Rural,13242,33317.0
86,Male,22.8,No,0,0,0,0,Low,12742,5.4,4,5,3,5,Private,94.0,Urban,13638,31295.0
79,Female,26.3,No,0,0,0,0,Medium,14407,5.7,3,4,0,5,,0.0,Urban,2668,9369.0
77,Male,22.2,No,0,1,1,0,Medium,13897,4.9,1,3,1,3,Government,54.0,Semi-Urban,10041,22018.0
67,Male,27.8,Yes,0,0,0,0,Low,1054,5.3,8,8,1,1,Private,75.0,Urban,3479,17818.0
26,Male,24.9,Yes,0,0,0,0,High,9113,7.6,5,3,0,3,Private,71.0,Urban,10285,11953.0
51,Male,21.3,Yes,0,1,0,0,Low,10493,5.9,8,4,1,1,Government,67.0,Semi-Urban,19353,22465.0
52,Male,32.7,No,1,1,0,0,Low,13700,7.4,9,5,0,2,Private,91.0,Urban,3265,12900.0
18,Male,30.6,No,0,0,0,0,Medium,8412,6.6,8,5,1,6,,0.0,Urban,15864,20437.0
57,Male,23.0,No,1,0,0,0,Low,13103,4.7,6,8,2,7,Private,91.0,Rural,15633,31020.0
81,Female,28.5,Yes,0,0,0,0,High,8125,6.5,10,6,0,2,Government,76.0,Urban,15493,16123.0
39,Female,28.7,No,0,0,0,0,Medium,4467,7.8,8,6,0,0,Private,75.0,Semi-Urban,17292,10829.0
77,Male,29.2,No,0,0,0,0,Medium,2494,5.5,5,4,2,7,Private,83.0,Urban,12655,26413.0
81,Male,17.5,No,0,0,0,0,Medium,5133,7.2,9,3,1,4,Government,59.0,Urban,7503,16596.0
89,Female,31.0,No,0,0,0,0,Low,4703,5.0,6,4,3,2,Private,83.0,Urban,1330,25509.0
28,Female,23.2,No,1,0,0,0,Medium,5865,4.7,2,5,1,7,Government,52.0,Urban,6229,19625.0
31,Female,24.2,Yes,0,1,0,0,Medium,1182,5.8,7,1,1,6,Private,94.0,Urban,17548,24210.0
77,Female,39.2,Yes,0,0,0,0,Medium,2236,5.9,1,4,0,6,Private,78.0,Urban,12980,16210.0
47,Female,27.5,Yes,0,0,0,0,High,13413,7.8,10,2,0,2,Government,68.0,Semi-Urban,14942,13648.0
52,Male,24.1,No,0,1,0,0,Medium,13427,6.3,1,5,0,0,Government,56.0,Rural,5166,7513.0
54,Female,15.0,Yes,0,0,1,0,Medium,9812,4.4,8,5,1,4,Private,88.0,Urban,6453,24266.0
22,Female,32.9,Yes,0,0,0,1,High,10736,7.2,5,3,1,2,Government,71.0,Rural,6322,17624.0
43,Female,19.3,No,0,0,0,1,Medium,14774,6.3,10,7,0,2,,0.0,Rural,12543,13102.0
79,Male,21.0,Yes,0,0,0,0,Medium,5127,5.7,9,3,2,6,Private,83.0,Rural,2207,25672.0
21,Male,24.3,Yes,0,0,0,0,Low,1234,8.0,6,2,0,7,Private,88.0,Semi-Urban,11049,15064.0
59,Male,33.1,No,0,0,0,0,Medium,1072,4.8,1,1,0,1,Private,76.0,Urban,7465,5812.0
35,Male,29.9,Yes,0,0,0,0,High,13759,8.6,6,4,1,3,,0.0,Semi-Urban,2121,16433.0
57,Male,25.2,No,0,0,0,0,Medium,6767,5.7,1,5,1,6,Government,59.0,Urban,18014,20300.0
89,Male,27.5,No,0,0,0,1,Low,2789,6.3,5,1,0,3,Government,63.0,Rural,14226,12173.0
56,Female,23.0,No,1,0,0,0,Medium,9819,8.6,3,4,3,6,Private,79.0,Urban,18755,34936.0
31,Male,26.7,No,1,0,1,1,Medium,9859,7.8,10,4,3,6,Government,53.0,Semi-Urban,10817,40066.0
49,Male,26.4,Yes,0,0,0,0,Low,5023,4.4,10,6,2,5,Government,63.0,Urban,19979,31166.0
68,Female,30.8,No,1,1,0,1,High,9785,6.9,9,1,0,1,,0.0,Semi-Urban,19910,17257.0
55,Male,30.8,No,0,0,0,0,High,11858,5.6,1,6,1,6,Private,90.0,Urban,5737,17145.0
40,Female,28.5,No,0,0,0,0,Medium,13004,6.5,6,6,0,5,,0.0,Rural,6924,11332.0
80,Female,24.2,No,0,0,0,0,Low,11531,7.7,3,4,0,5,Private,84.0,Semi-Urban,9571,11397.0
32,Male,29.7,No,1,0,0,0,Medium,12551,6.5,9,5,0,3,Private,78.0,Urban,4100,11461.0
42,Female,25.5,No,0,1,0,0,Low,3260,4.4,2,8,1,0,Government,74.0,Rural,11095,16534.0
34,Female,20.6,No,1,1,0,0,Medium,5262,6.6,7,5,1,6,Private,76.0,Urban,4149,21243.0
83,Female,24.0,No,1,0,0,0,Low,8388,4.1,9,3,0,4,Private,80.0,Urban,10848,14334.0
70,Female,26.4,No,0,1,0,0,Medium,7545,5.7,3,4,1,2,Private,78.0,Urban,13533,18052.0
68,Male,30.6,No,0,0,0,0,Low,7934,6.4,3,3,2,3,Private,93.0,Urban,17531,23737.0
56,Female,25.1,No,0,1,0,1,High,8456,7.2,3,3,0,2,Private,70.0,Semi-Urban,13553,12839.0
68,Male,20.0,No,0,0,0,0,Medium,10160,6.5,1,6,2,1,Government,72.0,Urban,7448,19594.0
87,Female,26.3,No,0,0,1,0,High,11219,4.8,9,5,2,6,Government,75.0,Rural,11512,31583.0
23,Female,26.6,No,0,1,0,0,Low,9370,8.7,9,4,0,1,Private,87.0,Urban,4769,8889.0
84,Female,26.9,Yes,0,0,0,0,Low,7314,7.3,6,1,0,3,Government,68.0,Urban,14327,13785.0
24,Male,30.6,No,0,1,0,1,Medium,7117,5.6,9,7,1,1,Private,88.0,Semi-Urban,2350,17003.0
68,Male,31.1,Yes,0,0,0,0,Low,3051,8.8,9,0,1,3,Government,52.0,Rural,18683,21098.0
89,Male,23.0,No,0,0,0,0,Low,5431,8.4,1,3,1,0,Government,76.0,Rural,1827,10418.0
59,Female,22.9,No,0,0,0,0,Medium,9386,4.7,3,2,2,3,Government,51.0,Urban,18749,23292.0
81,Female,20.8,Yes,0,0,0,1,Medium,12727,7.3,3,3,1,1,,0.0,Urban,6704,17355.0
32,Female,29.5,No,0,0,0,0,Low,3940,6.8,1,2,0,0,Private,70.0,Rural,7976,4918.0
46,Female,33.2,No,1,0,0,0,Medium,12009,5.0,6,1,0,5,Government,57.0,Urban,9697,12925.0
50,Male,24.4,Yes,0,0,0,0,Medium,4628,5.2,4,5,2,7,Government,50.0,Urban,12931,29011.0
44,Female,24.8,No,0,1,0,0,Low,8634,6.8,8,7,2,0,Private,81.0,Semi-Urban,6335,21924.0
53,Male,33.3,No,1,0,1,0,High,6463,5.6,6,1,1,3,,0.0,Urban,11020,22865.0
46,Female,28.5,Yes,0,1,0,1,Low,10423,8.2,4,2,0,2,Government,66.0,Urban,13250,15450.0
55,Male,28.2,No,0,0,0,0,Low,4698,4.5,5,4,0,2,Government,75.0,Semi-Urban,1985,6742.0
74,Male,20.0,No,0,0,1,0,Low,2959,8.6,2,6,1,1,,0.0,Semi-Urban,19631,22569.0
44,Female,29.4,Yes,1,0,0,0,Low,2526,8.2,10,2,1,6,Private,74.0,Rural,10809,24105.0
72,Female,21.4,Yes,1,1,0,0,High,11369,7.7,1,4,2,6,Government,63.0,Semi-Urban,1846,28736.0
50,Male,20.3,No,0,0,0,0,Low,8839,5.3,7,4,1,6,Government,79.0,Semi-Urban,992,15707.0
85,Female,24.3,No,0,0,1,0,Medium,12264,7.6,10,3,0,5,Private,78.0,Urban,13316,18624.0
83,Female,23.1,No,1,1,0,0,Medium,7929,6.2,3,3,1,3,Government,63.0,Urban,2023,17660.0
27,Male,24.9,Yes,0,0,0,0,Medium,4519,7.2,3,2,3,2,Private,79.0,Urban,15987,30083.0
22,Male,18.8,No,0,1,0,0,High,2695,5.6,6,4,0,6,Private,93.0,Urban,11491,14051.0
55,Male,30.8,No,0,0,0,0,High,6896,8.2,3,3,1,3,,0.0,Rural,13206,16186.0
30,Male,31.6,No,0,0,1,0,Low,8990,4.2,7,1,1,2,,0.0,Urban,12088,19574.0
48,Female,16.3,No,0,0,0,1,High,7466,7.5,7,2,1,0,Private,73.0,Semi-Urban,1201,11509.0
64,Male,30.9,No,0,0,1,0,Medium,13311,8.1,5,1,0,7,Private,73.0,Rural,18373,19719.0
69,Male,21.9,No,0,1,0,0,Low,1376,7.2,1,8,1,7,,0.0,Urban,15303,23628.0
73,Male,30.3,No,0,1,0,0,Medium,1778,5.0,9,6,1,3,,0.0,Rural,12302,20660.0
32,Female,25.7,No,0,0,1,1,High,6275,5.4,2,3,0,6,,0.0,Rural,13983,18506.0
46,Male,26.1,No,0,1,0,0,Low,4343,6.6,4,5,0,2,,0.0,Semi-Urban,9796,11042.0
25,Female,25.1,No,0,0,0,0,Medium,6992,5.6,10,2,1,4,Government,56.0,Semi-Urban,9131,15992.0
22,Male,32.1,No,0,0,0,0,Low,4595,4.0,10,6,5,1,Government,53.0,Urban,18111,42036.0
46,Male,19.8,No,1,0,0,0,Low,3499,4.2,2,3,1,1,Government,67.0,Rural,8352,14920.0
64,Female,29.0,No,0,0,0,0,High,14187,7.8,1,4,2,3,Government,52.0,Semi-Urban,4034,19560.0
85,Male,31.5,No,0,0,1,0,Medium,1586,4.4,1,2,2,4,Government,52.0,Semi-Urban,18842,29498.0
62,Male,29.6,No,0,0,0,0,Low,8489,8.6,1,3,1,0,Private,90.0,Semi-Urban,2955,10415.0
19,Female,37.6,No,0,0,1,0,Medium,10246,6.2,7,6,1,1,Government,74.0,Semi-Urban,18677,22711.0
44,Male,23.4,No,0,1,0,1,Medium,3999,7.8,9,4,1,6,,0.0,Urban,14679,23686.0
53,Male,30.8,No,0,1,0,1,Medium,7744,4.6,1,2,0,3,Government,60.0,Semi-Urban,885,9150.0
53,Male,25.5,Yes,0,0,0,0,Low,9801,8.6,10,5,1,5,Government,64.0,Urban,18225,24292.0
43,Male,32.2,No,1,0,0,0,Medium,11368,4.2,6,4,2,1,Government,54.0,Semi-Urban,2046,20540.0
60,Female,26.0,Yes,0,0,0,0,High,11692,4.2,5,7,2,3,Government,72.0,Semi-Urban,19711,29093.0
44,Male,24.1,No,0,1,0,0,Medium,9998,4.3,3,6,1,5,Government,71.0,Urban,2374,17315.0
86,Female,32.5,No,0,0,0,0,Medium,3483,4.5,2,4,1,7,,0.0,Urban,5959,18083.0
37,Male,23.5,Yes,0,0,0,0,Medium,14918,6.4,2,5,0,4,Government,50.0,Semi-Urban,3371,11056.0
28,Female,18.9,No,0,1,0,0,Low,6795,7.9,2,2,1,2,Private,84.0,Urban,6802,13968.0
55,Male,23.4,No,0,0,0,0,Medium,8909,5.4,7,5,0,6,Private,71.0,Urban,8504,12553.0
23,Female,29.1,No,0,0,0,0,Low,3699,7.7,4,5,2,7,,0.0,Urban,19611,27616.0
89,Male,33.0,No,0,0,0,1,Low,8484,7.9,7,3,1,6,,0.0,Urban,13054,21586.0
40,Female,26.6,Yes,0,0,0,0,Low,10543,8.5,10,2,1,2,Private,91.0,Urban,10407,18120.0
64,Female,32.6,No,0,1,0,0,Medium,1108,4.7,1,5,1,5,Government,57.0,Urban,14347,20762.0
63,Male,19.2,Yes,1,0,0,0,Low,9717,4.7,10,8,0,6,Government,76.0,Semi-Urban,3922,18513.0
29,Female,23.8,No,0,0,0,0,Low,2498,4.6,4,5,3,6,Government,60.0,Urban,3332,27894.0
30,Male,24.6,No,0,0,0,0,Low,7097,5.8,9,4,2,2,Private,94.0,Urban,12591,22115.0
79,Male,25.4,No,0,0,0,0,Low,10141,6.4,7,3,2,2,,0.0,Semi-Urban,11946,22126.0
77,Male,26.4,No,1,0,1,0,Medium,2667,6.3,10,4,0,0,Private,87.0,Semi-Urban,13758,17559.0
60,Male,29.5,No,1,0,0,0,Medium,4184,5.3,6,4,2,3,Government,63.0,Urban,17255,26961.0
85,Male,23.8,No,0,0,1,0,Low,8453,7.1,7,3,1,0,Private,84.0,Rural,2018,16619.0
22,Female,26.7,No,1,0,0,1,Low,5947,5.7,2,1,0,7,Private,88.0,Urban,9421,14467.0
54,Male,25.8,Yes,0,0,0,0,Medium,9797,5.8,1,3,0,2,Private,94.0,Urban,18619,13440.0
89,Male,21.4,No,1,0,0,0,Medium,11586,4.5,10,4,0,6,,0.0,Rural,3123,14259.0
48,Male,25.4,No,0,1,0,0,Medium,10816,7.0,9,4,1,2,Government,52.0,Semi-Urban,862,14981.0
26,Male,25.3,Yes,0,0,1,0,Low,5917,7.3,2,5,2,4,Government,53.0,Semi-Urban,15175,31431.0
68,Male,25.2,No,0,1,1,0,High,8428,7.8,2,2,0,1,,0.0,Rural,11582,14591.0
46,Male,26.2,No,0,0,1,0,Medium,7861,8.5,3,2,2,2,Private,85.0,Semi-Urban,18110,27139.0
57,Female,26.4,No,0,1,1,1,Medium,5402,7.8,3,4,0,0,Private,83.0,Rural,17468,17872.0
58,Female,23.8,No,0,0,0,0,Low,14197,5.2,3,2,0,7,,0.0,Urban,3863,10033.0
28,Male,32.4,No,0,0,0,0,Low,2057,5.2,4,7,4,5,Private,75.0,Semi-Urban,4494,34480.0
40,Female,20.2,No,0,0,0,0,Medium,7312,8.6,1,3,3,0,Government,71.0,Semi-Urban,4729,22225.0
18,Male,22.4,Yes,0,0,0,0,Low,2368,8.0,1,1,0,6,Government,64.0,Urban,10767,12662.0
63,Male,39.9,No,1,1,0,0,Low,9102,7.9,4,2,0,5,Private,78.0,Rural,10592,15735.0
38,Male,20.8,No,1,0,0,0,Medium,6738,7.6,1,5,0,6,,0.0,Rural,19690,16791.0
53,Male,19.2,No,1,0,1,0,Medium,10863,5.3,4,3,4,0,,0.0,Rural,18458,40673.0
71,Male,29.7,No,0,1,0,0,Medium,5633,8.2,2,0,2,4,Government,56.0,Urban,2955,20798.0
74,Female,15.6,No,0,0,0,0,Medium,4738,4.7,7,5,1,0,Private,80.0,Urban,13118,15283.0
18,Female,24.8,No,0,0,0,0,Medium,10119,5.8,6,1,0,5,,0.0,Urban,18509,12257.0
80,Female,36.7,No,0,0,0,0,Medium,4625,5.7,2,7,1,3,Private,70.0,Rural,3107,15233.0
71,Female,18.3,No,0,0,1,0,High,6200,6.8,2,4,2,5,Private,77.0,Semi-Urban,4039,26181.0
72,Male,16.1,No,0,1,0,1,Medium,3736,6.3,1,5,4,3,Private,80.0,Urban,7665,36323.0
57,Female,18.5,No,1,0,1,0,Medium,9896,6.3,4,7,2,7,Government,50.0,Rural,14065,34614.0
32,Male,30.5,Yes,0,0,0,1,Low,9474,6.8,2,3,0,4,Government,68.0,Semi-Urban,18999,16555.0
38,Female,31.6,Yes,1,0,0,0,High,13021,6.1,5,3,1,3,Private,72.0,Semi-Urban,1093,18136.0
64,Female,23.4,No,0,0,1,0,Low,4683,5.2,4,2,1,5,,0.0,Semi-Urban,18286,24068.0
70,Female,29.4,No,0,0,0,0,Medium,1970,7.3,1,1,3,4,Government,62.0,Urban,13935,28262.0
26,Female,33.0,No,0,0,0,0,Low,13264,8.0,5,3,0,4,Private,88.0,Urban,12415,10635.0
69,Male,34.9,Yes,0,0,0,0,Medium,1488,6.4,5,2,1,4,Private,75.0,Rural,17043,21540.0
74,Female,24.8,No,1,1,0,0,Low,12298,7.2,5,3,1,5,,0.0,Rural,15614,23608.0
43,Female,14.5,No,0,0,0,0,Medium,8461,6.7,2,1,0,5,Private,89.0,Urban,8461,8633.0
58,Male,21.9,No,0,0,0,0,Low,12045,4.3,4,5,1,3,Private,81.0,Urban,12316,16712.0
52,Male,23.9,No,0,0,1,0,Medium,11281,6.1,5,1,1,6,Government,63.0,Rural,6319,20853.0
80,Female,24.7,No,0,1,0,0,High,9361,4.0,6,2,2,5,Government,61.0,Rural,7046,24455.0
42,Male,25.1,Yes,0,0,0,0,Low,13208,7.3,7,3,1,2,Government,54.0,Semi-Urban,6307,16685.0
55,Male,31.6,Yes,0,1,1,1,Low,8150,6.5,10,3,2,6,Private,74.0,Urban,2738,34369.0
19,Male,32.4,Yes,0,1,1,0,Medium,10784,4.6,3,2,0,3,Government,60.0,Urban,16381,20066.0
24,Female,25.1,No,0,1,0,0,High,14155,6.7,3,6,1,4,Government,71.0,Semi-Urban,15474,20075.0
51,Male,31.5,Yes,0,0,0,0,Low,9757,8.5,10,5,0,1,Private,89.0,Urban,16294,14653.0
34,Female,27.8,No,1,0,0,0,Low,10609,5.7,2,2,1,7,Private,88.0,Semi-Urban,16901,21884.0
60,Female,26.3,No,0,0,0,0,Medium,8355,8.9,9,1,0,3,Private,94.0,Urban,9811,9532.0
76,Female,30.5,No,0,1,0,0,Low,12559,8.8,1,5,2,1,,0.0,Urban,14231,23704.0
68,Female,26.4,No,0,1,0,0,Medium,9576,7.9,3,6,1,3,Government,56.0,Semi-Urban,5752,17278.0
71,Male,36.3,Yes,0,1,0,0,High,11837,8.1,3,5,0,6,Government,61.0,Urban,17477,20152.0
41,Female,18.8,No,0,0,0,0,Low,4135,6.1,8,6,1,4,Government,73.0,Rural,3441,15616.0
42,Male,23.4,No,0,0,0,0,Medium,5176,6.0,6,4,2,7,Government,79.0,Urban,14838,26393.0
88,Female,25.4,Yes,1,0,0,0,Medium,7923,8.8,3,7,1,3,Government,78.0,Urban,15043,24335.0
69,Male,28.2,No,0,0,0,0,High,4256,5.8,1,3,1,7,,0.0,Urban,13599,19306.0
87,Female,32.3,No,0,0,0,0,High,8512,4.5,3,3,2,7,Private,72.0,Urban,16824,27156.0
50,Male,25.9,No,0,0,0,0,Medium,14849,4.8,4,3,0,0,Government,51.0,Urban,11599,7257.0
66,Female,18.9,No,0,1,0,0,Medium,9429,7.6,1,4,0,0,,0.0,Semi-Urban,3879,6851.0
46,Female,30.2,No,0,0,0,0,Medium,8463,5.9,3,4,0,4,Private,85.0,Rural,10356,10333.0
80,Male,29.8,No,0,1,0,0,Low,12632,5.0,4,4,0,2,Private,89.0,Rural,7663,10793.0
39,Female,16.3,Yes,0,1,0,0,Low,7442,8.1,7,4,0,1,,0.0,Semi-Urban,3704,11180.0
43,Female,26.0,No,0,0,0,0,High,5832,6.4,4,3,1,5,Private,77.0,Semi-Urban,16951,18725.0
45,Female,18.0,Yes,1,0,0,0,Medium,14127,6.8,1,4,2,3,Government,76.0,Semi-Urban,9424,25967.0
66,Male,22.7,No,0,0,1,0,Low,11124,4.8,9,4,0,4,Government,71.0,Urban,18229,19070.0
88,Female,21.5,No,1,0,0,0,High,12353,5.0,6,5,2,7,,0.0,Semi-Urban,13426,29733.0
66,Female,30.0,No,1,0,0,0,Medium,14751,4.6,9,3,0,7,Private,92.0,Urban,10381,16434.0
37,Male,26.6,No,1,0,0,0,Low,3576,6.6,7,4,1,1,Private,75.0,Urban,3969,15029.0
80,Male,19.6,No,0,1,0,1,Low,13375,7.9,4,5,0,6,,0.0,Urban,15388,17904.0
78,Male,30.4,No,1,0,0,0,Low,3071,7.7,1,2,2,3,Government,64.0,Rural,7742,22695.0
66,Male,18.8,No,0,0,0,1,High,9523,5.3,7,2,0,3,Government,52.0,Urban,3005,8886.0
88,Male,27.7,No,0,1,0,0,High,4129,8.3,9,5,0,2,Government,73.0,Semi-Urban,1221,10357.0
18,Female,21.9,No,0,0,0,0,Low,11703,4.5,6,5,0,1,Private,93.0,Urban,12271,8698.0
30,Female,24.2,No,0,0,0,0,High,12241,4.6,1,3,2,7,,0.0,Semi-Urban,12777,24159.0
68,Female,28.5,Yes,1,1,0,0,Medium,5284,8.2,9,6,1,3,Government,73.0,Semi-Urban,4979,23809.0
73,Male,28.6,No,0,0,0,0,Medium,4535,5.2,7,6,1,2,,0.0,Urban,4578,15091.0
79,Female,32.7,No,0,0,0,0,Low,7365,7.5,1,4,2,0,Government,66.0,Semi-Urban,19808,22303.0
49,Male,25.6,Yes,0,1,0,0,Medium,1352,4.0,4,5,0,6,,0.0,Semi-Urban,3732,15468.0
47,Male,27.5,Yes,1,0,0,1,Low,4122,4.5,5,2,0,2,Private,77.0,Semi-Urban,19666,18065.0
46,Female,23.8,Yes,0,0,1,0,Low,6207,7.0,2,3,2,1,,0.0,Semi-Urban,16290,28921.0
66,Male,26.9,No,0,0,0,1,Low,3031,4.9,3,5,1,7,Private,87.0,Urban,17559,23095.0
62,Male,28.2,No,0,0,0,0,Low,10051,4.1,2,2,2,6,,0.0,Semi-Urban,673,20288.0
47,Female,25.5,No,0,1,0,0,High,3926,6.3,4,6,1,2,Government,78.0,Semi-Urban,6755,16532.0
33,Male,17.0,No,0,1,0,0,High,13454,5.7,7,4,0,7,Government,64.0,Semi-Urban,7995,14168.0
57,Male,27.7,No,0,0,0,0,High,6825,8.0,5,5,1,7,Government,61.0,Semi-Urban,18027,21979.0
36,Female,27.8,No,1,1,0,0,Low,5044,8.1,7,3,1,6,,0.0,Rural,12429,23183.0
35,Male,22.6,No,0,1,0,0,Medium,13388,7.1,1,7,0,0,Government,65.0,Rural,2576,7151.0
18,Male,19.6,No,0,0,0,1,Medium,8881,5.5,3,3,0,0,Private,72.0,Urban,1781,4782.0
64,Female,33.4,No,0,0,0,0,Low,8591,6.3,2,2,2,7,Government,79.0,Semi-Urban,7179,23236.0
83,Female,28.5,No,1,0,0,0,Low,5620,7.5,1,2,0,1,,0.0,Urban,2309,7508.0
55,Female,24.9,No,1,0,0,0,Medium,2170,4.3,5,4,0,7,Government,68.0,Urban,14612,16931.0
68,Female,20.3,No,0,0,0,0,Low,13775,5.7,3,4,1,4,Government,70.0,Rural,6473,15311.0
80,Male,21.9,Yes,1,0,0,0,High,6640,8.1,8,1,2,2,Government,64.0,Semi-Urban,13204,27318.0
21,Male,32.5,Yes,0,0,0,0,Medium,11320,6.0,5,4,0,1,Government,77.0,Urban,9371,10606.0
18,Female,26.7,No,0,1,1,0,Low,11819,7.1,5,3,0,3,,0.0,Semi-Urban,8449,15296.0
25,Male,23.2,No,0,1,1,1,Medium,5917,4.5,7,4,0,2,Private,85.0,Rural,5901,16066.0
46,Male,28.5,No,0,0,1,1,Low,6245,7.9,8,5,0,0,Government,74.0,Urban,7310,14068.0
72,Female,21.9,No,0,1,0,0,Low,12825,4.5,1,8,0,2,Government,56.0,Urban,7677,11400.0
20,Female,33.5,Yes,0,0,0,0,Low,10797,8.3,5,1,1,1,Government,79.0,Rural,3416,13630.0
49,Male,32.8,Yes,1,0,0,0,Medium,8306,4.5,9,4,1,7,Private,93.0,Rural,1220,22830.0
27,Female,23.7,Yes,0,0,0,0,Low,12125,8.5,9,3,2,4,Government,78.0,Urban,10782,25686.0
51,Female,22.9,Yes,0,1,0,0,Medium,6801,5.8,7,1,1,4,Private,88.0,Semi-Urban,13268,21687.0
72,Female,12.9,No,0,1,0,0,Low,7745,7.1,4,5,0,5,,0.0,Urban,16771,15658.0
49,Male,18.6,No,0,1,0,0,Low,9263,8.2,2,5,1,3,,0.0,Urban,17506,19590.0
67,Female,19.3,No,1,1,0,0,Low,3292,4.1,5,3,3,1,Government,66.0,Urban,14117,31654.0
24,Male,26.7,No,0,0,0,0,Medium,5674,5.3,4,1,1,7,Private,82.0,Semi-Urban,19778,20014.0
25,Male,24.4,No,1,1,0,0,Medium,10425,8.5,1,7,2,5,Private,82.0,Urban,14769,29163.0
82,Male,19.3,No,0,0,0,0,Medium,1193,5.9,7,7,2,2,Government,67.0,Semi-Urban,16627,25007.0
74,Female,24.6,No,0,0,0,0,Low,13825,7.5,3,5,0,7,,0.0,Semi-Urban,5711,12131.0
84,Female,28.5,No,0,0,0,0,Low,13619,4.7,6,8,1,0,,0.0,Urban,1703,13446.0
76,Female,28.6,Yes,0,0,0,0,Medium,12774,7.4,5,5,0,2,Government,54.0,Rural,16763,15007.0
89,Female,16.5,Yes,0,0,0,0,Low,13580,4.4,4,4,2,6,Private,83.0,Urban,19561,30343.0
71,Female,25.4,Yes,0,0,0,0,Low,9921,7.6,3,6,0,2,Government,71.0,Urban,3196,10741.0
84,Male,19.1,Yes,0,0,0,0,Low,9227,5.6,9,5,1,0,Government,79.0,Semi-Urban,4693,16461.0
68,Male,30.5,No,0,0,0,0,Medium,14839,6.3,5,3,1,3,,0.0,Rural,2821,13721.0
25,Male,29.9,Yes,0,0,0,0,Medium,6197,4.8,10,2,2,5,,0.0,Rural,14822,27644.0
51,Female,21.5,No,0,0,1,0,Low,8188,7.1,7,5,0,4,Private,92.0,Urban,16316,18160.0
52,Male,22.2,No,0,0,0,0,Medium,14958,5.7,4,3,1,6,Government,62.0,Semi-Urban,15450,19141.0
49,Male,23.7,No,0,1,0,0,Medium,9436,5.9,1,4,0,5,Private,91.0,Rural,6487,11437.0
63,Female,14.7,No,0,1,0,0,Low,4466,7.3,2,5,0,4,Government,68.0,Urban,2315,9996.0
33,Female,27.7,No,0,0,0,0,Low,12959,4.9,10,3,1,5,Government,53.0,Urban,13855,18847.0
85,Male,24.6,No,1,1,0,0,Medium,6212,8.3,5,5,2,6,,0.0,Semi-Urban,3887,27904.0
54,Male,30.9,Yes,1,0,0,0,Medium,9120,7.7,8,5,0,5,Government,70.0,Rural,11357,18514.0
71,Female,20.5,No,0,0,0,0,Low,6945,6.9,8,4,0,2,Private,80.0,Urban,3425,7863.0
31,Female,22.9,No,0,0,0,0,Medium,6495,4.6,8,4,0,5,Private,89.0,Semi-Urban,6717,10522.0
72,Female,18.5,No,0,0,0,0,Medium,7319,7.4,9,2,1,6,,0.0,Urban,6006,17197.0
65,Female,21.0,No,0,0,0,0,Medium,13477,4.1,2,4,0,1,,0.0,Rural,15876,9493.0
24,Male,20.1,No,1,0,0,1,Low,2781,8.0,4,4,2,4,Private,74.0,Rural,9194,25441.0
24,Male,31.0,Yes,1,0,1,0,Low,12046,5.5,10,1,2,6,Private,79.0,Rural,7515,33364.0
50,Female,22.5,Yes,1,0,0,0,Medium,10407,4.6,6,3,1,7,Government,66.0,Rural,5838,22926.0
40,Male,26.6,No,0,1,0,0,Medium,1615,4.8,6,3,1,5,Government,65.0,Rural,16461,20936.0
36,Male,24.1,No,1,0,0,0,Low,5163,8.8,5,4,2,3,Private,77.0,Urban,9644,23836.0
36,Female,19.7,No,0,1,0,1,Medium,6274,7.9,2,3,0,7,Private,86.0,Semi-Urban,576,12184.0
53,Male,25.2,Yes,1,0,0,0,Medium,9645,5.2,8,5,1,3,Private,75.0,Urban,8387,21832.0
46,Male,29.0,No,0,1,1,0,Medium,12496,8.8,1,1,2,0,Private,87.0,Urban,6437,23321.0
77,Male,20.0,No,0,0,0,0,Low,2531,4.7,1,10,0,1,Government,58.0,Urban,1929,7719.0
19,Female,30.0,No,0,1,0,0,Medium,5561,7.7,1,3,1,7,Government,79.0,Rural,14531,20639.0
18,Female,21.8,No,0,1,1,0,Medium,7571,7.3,9,8,0,4,Government,79.0,Semi-Urban,10117,19249.0
64,Male,23.6,No,0,0,1,0,Low,2775,8.1,5,2,0,1,,0.0,Semi-Urban,1428,10016.0
86,Female,28.7,No,1,0,0,0,Low,8136,5.9,2,2,3,7,Government,59.0,Urban,6451,31816.0
37,Female,22.7,No,0,0,0,0,Low,11681,6.0,1,5,0,4,Government,60.0,Urban,17249,11996.0
28,Female,26.2,Yes,0,1,0,0,Medium,10341,7.1,4,3,0,0,,0.0,Urban,864,8605.0
19,Male,24.4,Yes,0,0,0,0,Low,4706,6.0,2,7,0,1,Private,75.0,Urban,6801,10152.0
84,Male,26.6,No,0,0,1,0,High,6155,4.2,3,2,1,1,,0.0,Urban,15346,20282.0
29,Female,14.1,No,1,0,0,0,High,8405,7.6,2,6,0,4,Private,81.0,Semi-Urban,14771,13934.0
37,Male,16.9,No,0,0,0,0,High,14553,7.2,8,5,1,2,Private,72.0,Semi-Urban,872,12709.0
22,Male,29.1,No,0,0,0,0,Medium,13420,6.1,3,4,1,4,,0.0,Urban,9920,15689.0
54,Male,31.2,No,1,1,0,0,High,14179,5.5,2,3,2,1,Government,78.0,Rural,16731,25935.0
55,Male,21.4,Yes,1,0,0,0,Low,6346,5.6,6,1,4,0,Government,78.0,Semi-Urban,12445,36576.0
26,Male,24.8,No,0,1,0,0,Medium,14714,7.7,7,0,0,0,Private,85.0,Rural,12513,8418.0
70,Female,27.5,Yes,0,0,0,0,Low,13683,7.6,9,6,1,2,Private,84.0,Urban,14680,21429.0
61,Male,29.5,No,0,0,0,0,Low,11329,8.1,10,4,1,2,,0.0,Semi-Urban,18426,18833.0
41,Male,15.9,No,0,0,0,0,Low,1082,7.8,4,5,1,1,Government,77.0,Rural,658,11094.0
47,Male,21.6,No,0,1,0,0,Medium,10715,7.8,5,5,1,2,Government,72.0,Semi-Urban,7243,16361.0
76,Female,24.3,No,1,0,0,0,Low,7794,5.3,6,1,0,7,,0.0,Urban,6581,13923.0
31,Female,29.5,Yes,0,0,0,1,Medium,12572,4.5,3,6,0,0,Government,70.0,Semi-Urban,11450,12440.0
26,Female,38.5,No,0,0,0,0,High,11771,7.8,3,4,1,1,Private,74.0,Urban,1380,11089.0
57,Male,24.9,Yes,0,0,0,0,Low,5936,4.5,3,3,0,5,Private,82.0,Semi-Urban,3944,11870.0
83,Female,19.0,Yes,0,1,0,0,Medium,2107,8.9,5,6,2,5,Government,65.0,Urban,5627,28318.0
42,Female,28.0,Yes,1,0,0,0,Medium,3074,8.4,6,4,1,2,Private,90.0,Urban,15889,22347.0
39,Female,32.6,No,0,0,0,0,Low,8737,6.7,9,5,2,0,Private,93.0,Semi-Urban,7020,19664.0
21,Female,26.5,No,0,0,0,0,High,5474,5.8,9,4,1,2,Private,84.0,Urban,10694,15423.0
43,Male,21.5,No,0,0,0,0,High,11116,6.6,5,5,2,0,,0.0,Urban,12312,20199.0
75,Female,30.8,No,0,0,0,0,Low,13504,7.7,8,2,1,5,Government,51.0,Urban,9311,17617.0
46,Female,29.3,No,1,0,0,0,Low,9572,7.8,7,5,1,1,Government,70.0,Urban,4352,15805.0
54,Male,20.9,No,0,0,1,0,High,1636,4.4,4,2,3,0,Government,62.0,Urban,18963,31996.0
87,Male,27.9,No,0,0,0,0,High,1799,8.0,1,5,1,5,,0.0,Rural,14697,19186.0
35,Female,31.0,No,0,0,0,0,Medium,12975,7.2,3,2,1,3,Private,83.0,Urban,6246,13304.0
59,Male,31.9,No,0,0,0,0,Low,5012,4.2,10,3,0,4,Private,74.0,Urban,1827,9085.0
58,Female,25.7,Yes,0,0,0,0,Medium,11747,5.6,5,2,1,6,,0.0,Rural,5377,19144.0
55,Male,24.2,No,0,0,0,0,Low,1282,6.6,10,2,1,0,Government,64.0,Urban,10775,13859.0
51,Male,32.1,No,1,0,0,0,High,5309,4.9,3,4,1,7,,0.0,Urban,4296,19572.0
34,Female,19.9,Yes,0,0,0,0,Medium,10371,4.8,4,2,2,7,Government,67.0,Urban,16035,28287.0
54,Male,28.2,No,0,1,0,0,Medium,3046,4.1,9,6,1,3,Private,94.0,Urban,17169,21677.0
42,Female,19.1,Yes,1,0,0,0,Low,7673,8.6,9,8,1,2,Private,70.0,Semi-Urban,10127,22551.0
44,Male,31.3,Yes,1,0,0,0,Medium,1854,4.3,9,5,1,5,Private,72.0,Urban,8280,23603.0
74,Female,24.7,Yes,1,0,1,0,Low,1616,5.8,9,4,1,7,,0.0,Semi-Urban,10140,30763.0
48,Male,32.3,No,1,0,0,0,Low,4230,5.0,1,0,2,5,Private,88.0,Urban,11583,24104.0
23,Male,28.5,No,0,1,0,0,Medium,3088,7.7,9,4,1,4,Government,67.0,Urban,14876,20378.0
57,Male,19.9,No,0,0,0,0,Medium,4873,7.5,2,5,0,0,Private,75.0,Urban,7166,6287.0
29,Male,33.1,Yes,0,0,0,0,Medium,8672,8.0,8,7,0,0,Government,58.0,Urban,12025,12580.0
70,Male,33.8,No,0,0,0,0,High,5614,7.1,9,10,2,1,Government,61.0,Rural,13116,24949.0
88,Female,30.4,No,1,1,0,0,Low,10220,7.0,8,6,1,0,Private,92.0,Urban,7411,19395.0
27,Male,22.2,Yes,0,1,0,0,Medium,2044,6.0,9,3,1,4,Government,62.0,Semi-Urban,4922,19883.0
62,Female,24.5,No,0,0,0,0,Medium,1645,7.2,5,6,1,2,Private,82.0,Semi-Urban,16241,17847.0
34,Female,26.7,Yes,1,1,0,0,Low,1940,4.6,10,3,1,1,Private,87.0,Urban,12277,22664.0
43,Female,22.5,Yes,0,0,0,0,Medium,13529,7.4,7,3,3,4,Government,75.0,Semi-Urban,3685,29440.0
79,Male,34.5,No,0,0,0,0,Medium,14218,4.5,3,2,0,7,,0.0,Rural,3006,10517.0
63,Female,26.7,No,0,0,0,0,High,1342,8.3,4,4,1,6,Government,76.0,Urban,4338,16562.0
81,Male,12.5,Yes,0,0,0,0,Medium,2666,6.5,4,8,0,0,Government,72.0,Semi-Urban,13753,13121.0
19,Female,27.7,Yes,0,0,0,0,Low,3464,6.7,10,5,0,5,,0.0,Urban,11437,15642.0
71,Female,24.3,Yes,1,1,1,0,Low,1037,6.9,4,2,2,4,Private,84.0,Urban,12420,35175.0
82,Female,25.6,Yes,0,0,0,0,Low,5431,7.9,8,2,0,4,Government,56.0,Semi-Urban,8348,13512.0
68,Female,24.2,Yes,1,0,0,0,Low,11352,6.4,2,5,1,5,Private,91.0,Semi-Urban,4620,21372.0
70,Female,30.0,No,0,0,0,0,Medium,1250,6.1,2,4,0,2,Private,90.0,Semi-Urban,5249,7475.0
53,Male,31.6,No,0,0,0,0,Low,6007,5.4,5,3,1,5,,0.0,Semi-Urban,10001,17208.0
43,Female,27.4,No,0,0,0,0,High,12608,4.6,6,5,0,6,Private,90.0,Semi-Urban,9422,12509.0
46,Female,24.3,No,0,0,0,0,Low,13137,5.0,4,4,2,7,Government,69.0,Semi-Urban,17506,26901.0
38,Male,25.8,No,1,0,0,0,Medium,8238,4.0,7,3,0,7,Private,92.0,Urban,13264,16213.0
28,Male,26.1,Yes,0,0,0,0,Low,1263,8.3,10,6,1,5,Private,75.0,Urban,16334,23643.0
57,Male,22.0,Yes,1,0,0,0,Medium,14186,7.8,4,5,2,7,Government,57.0,Urban,2160,28348.0
28,Female,28.9,No,1,0,0,0,Low,13868,5.1,8,2,3,0,Private,81.0,Urban,7693,26635.0
53,Female,28.3,Yes,1,0,0,0,Low,7527,4.0,2,5,0,3,Private,82.0,Urban,18446,17743.0
76,Female,33.7,Yes,0,0,0,0,Medium,6886,6.5,10,3,2,5,Private,80.0,Urban,12226,28399.0
56,Female,32.3,Yes,1,0,0,0,Medium,10606,6.1,4,3,2,1,Private,80.0,Urban,6101,24219.0
71,Female,22.6,No,0,0,0,0,Medium,6105,7.9,7,4,1,5,Private,79.0,Urban,14581,19472.0
72,Female,30.1,No,0,0,1,0,Medium,2621,6.0,5,9,0,5,Government,68.0,Semi-Urban,13601,20023.0
41,Male,21.2,No,0,1,0,0,High,2753,8.3,10,0,1,2,,0.0,Urban,866,13316.0
39,Male,29.5,No,1,1,0,0,High,9753,4.5,2,2,0,6,,0.0,Semi-Urban,17382,17380.0
86,Female,23.4,No,0,1,0,0,Medium,4582,5.8,3,4,0,1,Government,54.0,Urban,4931,8901.0
73,Female,20.9,No,0,0,0,0,Low,2157,8.7,4,7,2,7,Government,61.0,Urban,2620,24073.0
50,Female,27.4,No,0,0,1,1,High,6508,4.1,5,4,2,6,Government,69.0,Urban,7782,30057.0
53,Female,12.6,Yes,0,0,0,0,High,10957,6.0,7,2,1,5,Private,78.0,Urban,19779,22572.0
37,Female,17.2,Yes,0,0,0,1,Medium,5156,5.3,3,4,1,0,Private,81.0,Semi-Urban,7071,16077.0
79,Male,25.1,Yes,1,0,0,0,Medium,4835,6.7,9,5,0,5,Government,75.0,Semi-Urban,1030,15942.0
43,Male,26.4,Yes,0,1,0,0,Low,6861,5.4,10,2,1,7,Private,92.0,Semi-Urban,2619,21838.0
83,Female,24.2,Yes,1,0,0,0,Medium,12733,8.3,3,5,3,5,,0.0,Urban,1393,32904.0
57,Male,18.1,No,0,0,0,0,High,14662,8.7,5,4,0,1,,0.0,Urban,17608,10365.0
34,Female,21.9,No,1,0,0,0,Medium,12321,8.2,5,3,2,4,Private,84.0,Semi-Urban,19510,27090.0
18,Female,28.0,No,0,0,0,0,Medium,12448,6.0,7,3,1,4,Private,72.0,Semi-Urban,2242,13673.0
78,Female,28.9,No,0,0,0,0,Low,4103,8.9,6,6,0,4,Private,92.0,Rural,10293,12315.0
60,Male,25.9,No,0,0,1,0,Low,5752,7.7,3,3,1,6,Private,88.0,Urban,6153,21423.0
59,Male,31.8,No,0,0,0,1,Medium,13456,5.8,1,5,0,3,,0.0,Urban,12932,12114.0
42,Female,28.0,No,1,1,0,0,Low,2045,4.5,6,3,1,4,Private,74.0,Semi-Urban,3757,18907.0
56,Male,22.3,Yes,0,0,1,0,Medium,9015,7.3,6,6,0,4,Government,69.0,Urban,15216,21154.0
52,Male,24.6,Yes,1,1,0,0,Medium,3857,7.6,4,5,0,0,Private,70.0,Semi-Urban,18561,17646.0
20,Female,19.0,No,0,0,0,0,Low,2102,4.6,2,4,2,4,Government,73.0,Urban,9060,20888.0
61,Male,25.5,No,0,0,0,0,Low,8303,6.7,9,7,0,7,Private,78.0,Semi-Urban,9756,15112.0
68,Male,31.6,Yes,0,0,0,0,High,7445,8.9,6,4,0,6,Private,82.0,Urban,10168,15958.0
29,Female,29.4,Yes,0,1,0,0,Low,11927,5.6,1,3,1,3,Government,68.0,Urban,10888,19528.0
36,Female,33.0,No,0,0,0,0,Low,7002,5.5,8,4,2,6,Government,76.0,Urban,16658,26707.0
61,Male,24.5,Yes,0,0,0,0,Medium,9578,8.5,10,4,1,3,Government,56.0,Urban,9323,19752.0
76,Female,32.7,No,1,0,0,0,High,2612,4.6,7,5,2,2,Private,90.0,Semi-Urban,13052,25917.0
66,Male,25.0,Yes,0,0,0,0,High,2565,8.7,6,4,1,7,Private,79.0,Semi-Urban,17707,24782.0
78,Female,33.4,No,0,0,0,0,Medium,4355,7.9,1,8,0,3,Government,51.0,Rural,17659,13660.0
34,Female,25.9,No,0,1,0,0,Medium,11568,6.0,10,4,1,4,Private,89.0,Urban,9995,19255.0
74,Female,29.5,No,0,0,0,0,High,3507,4.4,5,7,0,7,Private,86.0,Urban,8771,14396.0
72,Female,33.4,Yes,1,0,0,0,Medium,3200,4.1,4,7,4,7,,0.0,Urban,12167,44792.0
64,Male,25.0,No,1,1,1,0,Medium,5004,5.9,7,9,2,7,Government,70.0,Urban,8952,36816.0
29,Female,27.1,No,0,1,0,0,Medium,11964,7.5,2,6,0,6,Government,69.0,Urban,11685,14499.0
79,Female,32.4,No,1,0,0,0,Low,6810,6.4,1,6,3,7,,0.0,Urban,7008,33354.0
25,Female,25.3,No,0,0,0,0,Medium,9998,7.7,7,8,2,1,Private,72.0,Rural,11637,22150.0
38,Male,19.4,No,0,0,0,0,Low,4783,7.4,8,5,1,2,,0.0,Rural,13238,16513.0
87,Male,36.7,No,0,1,0,0,Low,12221,6.9,5,3,0,3,Government,57.0,Urban,9361,12249.0
89,Female,23.7,No,1,1,0,0,High,1640,8.8,8,6,0,2,Private,83.0,Urban,3586,13667.0
42,Female,26.8,No,0,1,0,0,Low,6925,7.6,4,2,1,6,Government,70.0,Urban,15696,20753.0
29,Female,31.8,No,0,0,1,0,Low,5086,8.6,8,3,1,0,Government,65.0,Urban,14807,19776.0
32,Female,23.0,Yes,0,0,0,0,Low,12187,5.2,3,7,2,7,,0.0,Semi-Urban,7789,27667.0
76,Female,21.0,No,0,0,0,0,Medium,11430,7.6,7,6,1,4,Private,90.0,Urban,16137,19991.0
43,Female,27.3,No,1,0,0,0,High,3099,7.0,6,2,0,6,Private,74.0,Semi-Urban,14641,15371.0
43,Male,17.0,No,0,1,0,0,Medium,11834,8.6,1,1,1,4,Private,83.0,Rural,18437,18701.0
64,Female,24.6,No,0,0,0,0,High,11580,6.6,5,1,1,5,,0.0,Semi-Urban,13533,17478.0
49,Female,27.2,No,0,0,0,0,High,8867,5.4,4,3,3,5,Government,62.0,Urban,3000,26696.0
27,Female,24.7,No,0,1,1,0,High,8898,5.9,6,3,0,2,,0.0,Urban,13993,16479.0
33,Female,18.3,No,0,0,0,0,Low,13304,5.1,9,1,0,3,Government,75.0,Urban,19824,11756.0
88,Female,34.0,No,0,0,0,0,Medium,13277,5.1,4,3,1,1,Private,81.0,Semi-Urban,14350,15885.0
34,Female,26.5,No,0,1,0,0,Low,9433,6.4,2,5,0,3,Private,70.0,Urban,1823,8822.0
40,Male,33.2,No,0,1,0,0,Low,6789,8.5,8,3,1,2,Government,56.0,Urban,13489,18243.0
43,Male,24.7,No,0,1,0,0,Medium,4749,5.0,1,4,1,5,Private,93.0,Rural,12257,19078.0
24,Male,21.6,No,0,0,0,0,Medium,5746,5.4,6,3,1,3,,0.0,Semi-Urban,1755,12454.0
31,Male,27.3,No,0,0,0,0,Medium,10626,8.3,4,4,0,2,,0.0,Urban,5944,7222.0
24,Male,24.9,No,0,0,0,0,Low,13581,5.7,6,7,0,4,Government,63.0,Urban,15852,13183.0
26,Male,20.1,Yes,0,0,1,0,Low,8195,8.8,3,3,1,4,,0.0,Semi-Urban,16113,24957.0
65,Female,33.3,No,0,0,0,0,Low,2433,5.3,9,1,0,4,Government,56.0,Urban,5642,9392.0
89,Female,22.9,No,0,1,0,0,High,7502,6.2,3,3,0,2,Private,79.0,Rural,8670,10468.0
76,Female,16.8,No,1,0,1,0,Medium,13960,4.5,3,3,1,6,Private,85.0,Urban,16767,27154.0
56,Female,32.6,Yes,0,0,1,0,High,10631,9.0,5,2,1,5,Government,65.0,Rural,3593,22976.0
35,Female,23.5,No,1,1,0,0,High,5277,8.5,7,4,2,4,Government,67.0,Urban,13869,28266.0
76,Female,23.0,No,1,1,0,0,Medium,12160,8.1,6,3,0,0,,0.0,Semi-Urban,16975,14202.0
34,Male,17.2,No,0,0,0,0,Low,5887,4.8,7,6,0,6,,0.0,Urban,1712,10310.0
31,Female,34.7,No,0,1,0,0,Medium,9103,8.8,9,4,1,6,Government,68.0,Rural,10373,20973.0
48,Male,19.6,No,0,1,0,0,Medium,13954,8.6,3,4,1,1,Government,59.0,Semi-Urban,5302,14139.0
41,Male,26.3,No,0,1,1,0,Medium,6933,6.2,5,3,1,2,,0.0,Urban,2880,19273.0
77,Female,30.6,Yes,1,1,0,0,Low,14013,7.4,5,4,0,5,Private,91.0,Semi-Urban,18074,21980.0
62,Female,28.1,No,0,1,0,0,Medium,8507,9.0,3,3,2,5,Private,89.0,Rural,4749,23308.0
20,Female,25.7,Yes,0,0,0,0,Low,5448,6.0,10,8,1,4,,0.0,Urban,14852,23027.0
54,Female,17.5,No,0,0,0,0,High,13356,4.6,9,7,0,0,Private,89.0,Rural,17701,11515.0
60,Female,22.0,No,1,0,0,0,Medium,9668,8.3,9,4,1,6,Government,60.0,Semi-Urban,6803,20601.0
57,Female,26.9,No,0,0,0,0,Low,13612,6.4,6,2,0,3,Private,87.0,Urban,10851,9602.0
72,Female,22.1,No,0,0,0,1,Low,12757,8.9,5,3,2,1,,0.0,Urban,1612,19087.0
56,Male,27.0,Yes,0,0,0,0,Medium,10510,6.8,4,2,2,5,Government,51.0,Urban,7571,24801.0
32,Female,29.4,No,0,0,0,0,Medium,6328,4.1,4,7,3,5,,0.0,Urban,18123,32559.0
21,Female,30.8,Yes,0,1,0,0,Medium,14468,6.5,5,1,1,1,,0.0,Urban,3435,15574.0
42,Male,19.9,Yes,0,1,0,0,Medium,6194,7.6,2,1,0,7,Private,71.0,Urban,10271,15918.0
30,Female,37.0,No,0,0,0,0,Medium,6350,4.1,8,2,0,4,Government,68.0,Urban,5352,8916.0
50,Female,29.8,Yes,0,0,1,0,Low,6696,6.1,7,4,0,2,,0.0,Urban,1902,15065.0
33,Male,26.0,No,0,1,1,0,High,13370,4.8,7,2,0,5,,0.0,Rural,3816,15785.0
59,Female,31.4,No,0,1,0,0,Medium,4657,7.2,1,3,2,7,Private,88.0,Rural,8627,25710.0
83,Female,37.8,Yes,0,1,0,0,Low,10480,8.8,8,6,2,6,Private,85.0,Semi-Urban,11840,32146.0
72,Female,18.8,Yes,0,1,0,0,Low,1268,7.1,1,4,1,2,Private,76.0,Urban,18961,22092.0
59,Female,24.9,No,0,1,1,0,Low,3935,7.5,9,13,0,0,Private,73.0,Semi-Urban,18489,21474.0
51,Female,14.1,No,0,0,0,0,Low,13588,6.0,6,6,2,2,Government,72.0,Rural,16209,23506.0
47,Female,27.0,No,0,0,0,0,Medium,10213,6.8,8,3,2,4,Government,55.0,Urban,6370,21661.0
30,Male,27.8,No,0,1,0,0,Low,1089,6.7,1,5,0,1,,0.0,Urban,5067,7954.0
30,Female,25.8,No,0,0,0,0,High,2925,7.8,6,5,0,7,Private,87.0,Semi-Urban,6076,11997.0
35,Female,22.7,No,0,1,0,0,Medium,13647,8.3,1,5,0,7,Private,73.0,Urban,11142,14524.0
49,Male,15.8,Yes,0,0,0,0,Low,14611,7.3,3,5,2,6,Private,77.0,Rural,11282,27239.0
56,Male,27.9,No,0,1,0,0,Low,12265,8.9,2,5,1,1,Government,74.0,Urban,16734,18177.0
63,Female,33.3,No,0,0,0,0,Medium,14724,8.1,2,7,1,1,Government,66.0,Rural,8844,14912.0
46,Male,23.0,No,0,0,0,0,Low,4247,4.6,4,6,0,4,Private,72.0,Rural,8020,10416.0
79,Female,28.2,No,1,0,0,0,Low,2148,6.5,7,6,1,3,Private,75.0,Urban,2986,18022.0
79,Female,18.2,No,0,1,0,0,Low,14014,8.5,3,1,0,4,Private,73.0,Urban,3365,9335.0
74,Male,28.3,Yes,0,0,0,0,Low,10794,8.7,7,7,2,1,Government,52.0,Semi-Urban,6424,24256.0
33,Female,24.0,No,1,1,0,0,Low,6297,5.9,9,5,1,1,Government,57.0,Urban,19809,22423.0
73,Female,22.2,No,0,1,1,1,Low,10994,7.6,4,5,0,7,Private,72.0,Urban,10902,22297.0
27,Male,22.2,No,1,1,0,0,High,9196,6.1,7,3,1,2,Government,76.0,Rural,12883,19771.0
47,Male,24.0,Yes,0,1,0,0,Low,6932,4.6,1,2,2,7,Private,81.0,Urban,13939,29442.0
42,Male,27.9,No,0,0,0,0,Medium,11356,8.4,2,4,2,1,,0.0,Rural,12233,20147.0
22,Male,19.4,No,0,0,1,0,Low,4061,8.7,8,3,1,6,Government,72.0,Semi-Urban,19518,25477.0
82,Female,24.0,No,0,0,0,0,Low,1430,6.5,3,2,1,5,Government,76.0,Urban,1739,14282.0
66,Male,25.8,Yes,0,1,0,0,Medium,9581,4.1,5,5,1,6,Private,94.0,Urban,6997,22993.0
20,Male,20.5,No,0,1,0,0,Low,9015,8.1,8,3,0,0,Government,50.0,Semi-Urban,18494,11363.0
62,Male,35.0,Yes,0,0,0,0,Low,12742,6.4,5,8,3,4,Private,82.0,Urban,2763,31519.0
31,Male,21.7,No,1,0,0,0,Medium,4542,4.4,1,6,2,6,,0.0,Urban,1878,23734.0
47,Male,22.7,No,0,0,1,1,Low,2373,4.9,2,5,2,2,Government,58.0,Urban,3086,25047.0
85,Female,21.1,Yes,0,0,0,0,Medium,5839,4.8,10,9,2,2,Private,92.0,Semi-Urban,8639,27125.0
35,Male,35.0,No,0,0,1,0,Low,5179,7.4,3,5,1,5,Private,84.0,Semi-Urban,1905,19921.0
79,Female,28.8,No,0,0,0,0,Low,11840,5.5,10,5,0,3,Private,86.0,Rural,574,9016.0
54,Male,21.3,No,0,0,1,0,Low,12490,4.6,2,1,0,3,Government,65.0,Urban,11185,13275.0
42,Male,31.5,No,0,0,0,0,High,1452,8.6,9,4,2,1,Government,55.0,Urban,12622,21772.0
65,Male,27.0,No,0,0,0,0,Medium,14422,8.8,5,2,1,0,Government,74.0,Rural,16706,14922.0
82,Male,27.3,No,0,0,0,0,Medium,9514,4.7,1,3,0,6,Government,73.0,Urban,2432,9389.0
70,Male,24.3,No,1,0,0,0,Medium,5014,5.2,8,3,1,7,,0.0,Semi-Urban,8404,21550.0
32,Male,22.3,No,0,0,0,0,Medium,7049,7.0,3,4,1,0,Private,89.0,Semi-Urban,17784,14844.0
66,Male,27.7,No,0,0,0,0,Medium,6658,4.8,9,7,1,2,Government,64.0,Urban,12133,17991.0
85,Male,23.3,Yes,0,0,0,0,Medium,11180,4.8,9,5,2,6,Private,87.0,Rural,17229,31168.0
29,Female,35.1,No,0,0,0,0,Medium,10320,5.7,6,1,0,4,Government,70.0,Urban,13880,10597.0
76,Male,19.7,No,0,0,0,0,Low,10301,8.7,4,5,0,3,Private,71.0,Semi-Urban,9302,10102.0
54,Female,33.7,No,0,1,0,0,High,3550,8.8,9,7,2,6,Private,90.0,Urban,7850,27846.0
78,Male,25.4,No,1,0,1,0,High,9697,8.2,9,3,1,2,Government,55.0,Semi-Urban,814,20666.0
60,Female,27.5,No,0,0,1,0,Low,8028,7.5,2,3,1,3,Private,91.0,Rural,18651,22620.0
87,Male,30.2,No,0,0,0,0,Medium,10371,7.6,10,5,3,3,Private,80.0,Urban,4442,28379.0
56,Male,22.8,No,0,0,0,0,Medium,1495,6.3,6,2,1,6,Private,88.0,Semi-Urban,9398,17423.0
73,Male,30.3,No,0,1,0,0,Low,6036,6.7,4,3,1,0,Government,61.0,Urban,4476,13712.0
80,Female,12.5,Yes,0,0,0,0,High,8137,7.2,3,2,0,2,Private,85.0,Rural,18229,13444.0
63,Female,22.4,No,0,0,0,0,Medium,1385,7.7,10,4,1,0,Government,79.0,Urban,14927,16010.0
28,Female,21.4,No,0,0,0,0,Medium,14960,4.5,6,3,1,7,,0.0,Urban,17031,20311.0
79,Female,19.7,No,0,0,0,0,Low,12726,5.1,8,4,3,5,,0.0,Urban,16641,32363.0
42,Male,24.9,No,0,0,0,0,Low,4614,8.8,9,2,2,0,Government,71.0,Urban,6517,18142.0
88,Male,27.9,Yes,0,0,0,0,Low,5771,5.7,9,3,0,2,Government,74.0,Rural,11784,13732.0
69,Male,29.5,Yes,0,0,1,0,Low,8280,5.3,2,0,1,4,Government,79.0,Rural,4102,21096.0
21,Female,27.2,No,0,0,0,0,Medium,2896,6.1,8,3,2,3,Government,79.0,Urban,12705,22247.0
76,Male,22.7,No,0,0,0,0,High,13046,5.5,8,5,1,7,Government,72.0,Semi-Urban,9707,20313.0
89,Female,27.8,No,0,1,0,0,Medium,8008,4.5,5,3,0,0,Government,77.0,Rural,10003,9815.0
37,Female,26.6,No,0,0,0,0,Low,4517,5.0,4,5,2,4,,0.0,Semi-Urban,2711,20351.0
80,Female,30.7,Yes,0,0,0,0,Low,11526,7.2,9,6,1,1,Private,88.0,Urban,13249,20496.0
71,Female,29.9,Yes,0,0,0,0,Medium,14210,5.1,4,7,0,7,Government,51.0,Urban,18044,19930.0
74,Female,26.2,No,1,0,0,0,Medium,13488,7.2,10,3,1,2,Private,73.0,Semi-Urban,9356,18373.0
58,Male,21.5,No,0,1,0,0,High,1810,4.5,4,8,0,1,Government,53.0,Urban,2730,9424.0
20,Female,22.7,No,1,0,0,0,Medium,1882,4.2,3,1,1,5,Private,76.0,Urban,2265,15260.0
23,Female,23.3,No,0,0,0,0,High,10594,8.3,10,3,1,5,Government,56.0,Urban,7345,16563.0
22,Male,24.4,No,0,0,0,0,Low,4794,7.8,3,2,2,7,Government,76.0,Urban,9629,23061.0
22,Female,27.3,Yes,0,0,0,0,Medium,10480,7.3,3,3,0,1,Private,81.0,Urban,10006,9861.0
71,Female,29.6,No,0,0,0,0,Low,6307,4.2,7,4,1,2,Private,93.0,Semi-Urban,18963,18597.0
64,Male,25.7,No,1,1,0,0,Medium,10089,5.2,5,2,0,3,,0.0,Semi-Urban,11559,14219.0
66,Male,26.1,Yes,0,1,0,0,Medium,11596,8.1,9,4,1,7,Private,70.0,Rural,17491,27350.0
26,Male,26.7,No,0,0,0,0,Medium,9121,4.7,2,5,2,4,Private,74.0,Semi-Urban,19754,24847.0
37,Female,23.4,No,0,1,0,0,Low,10408,8.1,4,4,0,1,,0.0,Urban,12909,10515.0
78,Male,21.4,No,0,0,0,0,Medium,6229,6.9,2,7,3,7,Private,85.0,Rural,17358,34209.0
52,Male,17.2,No,0,1,0,0,Low,3955,7.7,8,4,1,6,Government,79.0,Urban,10562,20725.0
67,Male,22.5,No,0,1,0,0,Low,13214,7.2,4,3,0,1,Private,82.0,Semi-Urban,6446,8749.0
79,Female,28.4,No,0,0,0,0,Medium,3953,6.1,1,3,1,4,Private,76.0,Rural,16297,17921.0
34,Male,22.5,Yes,1,0,0,0,High,4570,5.5,10,0,0,1,Government,54.0,Rural,1096,9984.0
20,Female,24.8,Yes,0,1,0,0,Medium,6742,7.4,3,3,2,2,Private,81.0,Semi-Urban,4468,22884.0
49,Female,28.3,No,0,0,0,0,Medium,6184,8.0,7,4,1,4,Private,70.0,Semi-Urban,14152,18275.0
30,Male,28.6,Yes,0,0,0,0,Low,2088,4.2,3,4,3,0,Private,93.0,Rural,5001,26158.0
85,Female,20.6,No,1,0,0,0,Low,1316,5.9,5,6,1,7,Private,89.0,Semi-Urban,15013,24322.0
31,Female,31.0,Yes,0,1,0,0,Low,13010,5.8,2,4,1,0,Government,77.0,Rural,11373,17962.0
28,Male,31.6,No,0,1,0,0,High,7238,6.8,8,4,3,3,Government,58.0,Urban,9637,29999.0
73,Female,20.4,Yes,1,0,0,0,Low,13746,4.6,4,5,1,7,Private,84.0,Semi-Urban,2448,22706.0
84,Male,21.9,No,0,1,1,0,High,8970,8.7,1,2,0,6,Private,89.0,Urban,4250,16412.0
46,Female,32.0,Yes,0,0,0,0,Medium,1394,6.7,4,6,2,5,,0.0,Rural,7778,26413.0
26,Female,25.3,No,0,1,0,0,Medium,6315,8.6,8,3,3,1,Private,92.0,Urban,19956,30866.0
84,Male,14.9,No,1,0,0,0,High,10765,8.1,9,3,1,2,Private,88.0,Urban,7220,17393.0
42,Male,19.0,No,1,0,0,0,Low,13145,5.0,1,3,1,6,Private,87.0,Urban,4901,17580.0
59,Female,24.8,Yes,1,0,0,0,Medium,2062,4.7,6,7,2,4,Government,75.0,Rural,6405,28546.0
26,Female,20.2,Yes,0,0,0,0,High,11388,8.3,4,6,1,5,,0.0,Rural,4900,18796.0
57,Male,23.9,No,0,0,0,1,Medium,3423,6.7,8,5,1,5,Private,91.0,Semi-Urban,8510,19510.0
42,Female,26.2,No,0,1,0,1,Low,11605,4.1,1,4,2,1,Private,79.0,Semi-Urban,19990,25723.0
22,Female,33.3,No,1,0,0,0,Low,5551,8.7,5,5,1,5,,0.0,Urban,17628,22227.0
28,Female,24.5,No,1,1,0,0,Medium,5371,6.4,1,4,0,2,Private,94.0,Semi-Urban,7611,11478.0
76,Female,31.4,No,0,0,0,0,Low,6674,5.5,4,4,2,2,Government,66.0,Semi-Urban,10398,21581.0
55,Male,33.1,No,0,0,0,0,High,4581,6.6,2,3,3,0,,0.0,Rural,15669,26394.0
89,Male,33.2,No,0,0,0,0,Low,14549,8.1,10,3,2,0,Government,52.0,Rural,5526,19634.0
22,Male,27.4,No,0,1,0,0,Medium,7548,4.6,9,3,1,2,Private,91.0,Rural,19357,19669.0
65,Male,16.2,Yes,0,0,0,0,Medium,5258,5.8,2,4,3,7,Government,66.0,Semi-Urban,963,30675.0
35,Male,28.3,No,0,1,0,0,Medium,10834,5.6,4,7,0,1,Government,58.0,Urban,6749,9974.0
87,Male,31.2,Yes,0,1,0,1,Medium,5895,8.2,3,2,1,7,Government,68.0,Semi-Urban,19867,28136.0
54,Female,25.6,No,0,0,0,0,High,7947,7.9,1,4,3,4,Private,78.0,Semi-Urban,946,25132.0
77,Male,34.7,No,1,0,0,0,Medium,8784,6.0,1,6,0,7,Government,61.0,Urban,19457,19118.0
65,Female,30.3,No,1,1,0,0,Medium,8236,7.3,2,4,0,3,Government,72.0,Rural,6061,12927.0
45,Female,28.8,No,1,1,1,0,Low,6228,6.0,8,5,0,6,Private,88.0,Rural,9623,22551.0
86,Female,31.4,No,0,0,0,0,Low,13467,6.9,2,2,1,1,Government,51.0,Semi-Urban,13973,14854.0
57,Male,27.7,No,0,0,0,0,Low,2542,9.0,1,4,1,6,Private,88.0,Semi-Urban,16136,19412.0
62,Female,13.5,No,0,0,0,0,Low,3899,6.7,6,6,1,2,Private,84.0,Urban,9120,15581.0
79,Male,23.5,Yes,1,0,1,0,Medium,11226,8.9,1,5,2,4,Private,79.0,Semi-Urban,6957,32272.0
75,Female,32.0,Yes,0,0,1,0,Medium,2478,7.7,10,2,1,3,Government,78.0,Semi-Urban,19183,27415.0
84,Female,22.0,No,0,0,0,0,Medium,10203,4.6,9,6,0,6,Government,52.0,Urban,2690,12147.0
73,Male,24.9,Yes,0,0,0,1,Low,10623,8.0,6,6,2,2,Government,72.0,Urban,6148,25751.0
57,Female,20.8,No,1,0,0,0,Low,14972,4.8,10,3,3,4,Private,73.0,Urban,11851,32219.0
57,Female,34.9,No,0,1,0,0,High,12448,6.7,6,6,0,6,,0.0,Rural,3986,13783.0
50,Female,34.4,No,0,1,1,0,High,9648,7.1,1,2,0,4,,0.0,Semi-Urban,11999,16832.0
23,Female,21.6,No,0,1,0,0,High,6010,8.5,7,6,1,3,Private,88.0,Urban,17426,20536.0
36,Male,26.7,No,1,1,0,0,High,12256,5.1,3,6,2,6,Private,78.0,Urban,4093,27049.0
57,Female,22.6,No,0,0,0,0,Medium,5051,8.4,1,5,1,7,Government,75.0,Urban,2302,16309.0
76,Female,29.1,No,0,1,1,0,High,4576,8.7,9,10,1,2,,0.0,Semi-Urban,16043,27606.0
76,Male,28.5,Yes,0,1,0,0,Medium,8835,4.4,8,5,1,7,Private,83.0,Semi-Urban,5476,24218.0
65,Female,30.1,No,0,1,0,0,High,9095,8.4,4,5,0,5,Government,63.0,Rural,9877,13966.0
58,Female,27.7,No,0,0,0,0,Low,7653,5.3,3,3,2,0,Government,68.0,Urban,12490,19538.0
30,Female,40.7,No,0,0,1,0,High,3292,4.4,2,1,1,1,Private,90.0,Urban,12446,18155.0
62,Female,20.9,No,0,0,0,0,Medium,5879,8.8,2,7,2,5,Government,77.0,Urban,16847,26121.0
70,Male,17.4,No,1,0,1,0,Low,8205,6.0,3,4,0,7,Private,81.0,Semi-Urban,3511,18275.0
59,Female,24.0,No,0,1,0,0,Low,2138,7.1,1,2,0,5,Private,84.0,Urban,10870,12161.0
80,Male,18.2,No,0,0,0,1,High,3545,6.8,10,3,0,7,Private,91.0,Urban,784,12681.0
44,Female,18.5,No,0,1,0,0,Medium,10552,5.1,7,3,1,3,Government,56.0,Rural,4327,15733.0
55,Female,21.0,Yes,0,0,0,0,High,4190,7.3,2,3,1,1,Private,89.0,Semi-Urban,13933,17310.0
77,Female,21.4,No,1,0,0,0,Low,9247,4.2,6,5,2,3,,0.0,Urban,6600,24262.0
24,Male,21.2,No,0,0,0,0,Medium,5519,5.0,6,5,2,0,Government,77.0,Urban,12088,19942.0
22,Female,28.6,Yes,0,0,0,0,Low,12383,8.7,4,3,1,6,Private,74.0,Semi-Urban,12664,20897.0
62,Female,23.5,No,0,0,0,0,Medium,13337,8.8,4,7,1,1,Government,70.0,Rural,6415,14270.0
75,Male,25.1,Yes,0,0,0,0,Medium,12628,6.4,1,5,1,4,,0.0,Urban,14313,20947.0
48,Male,30.5,No,0,0,0,0,Medium,11151,4.8,6,2,2,7,Government,69.0,Urban,980,21769.0
40,Male,22.2,No,0,1,0,0,Low,14673,6.1,8,3,1,6,,0.0,Rural,14421,21392.0
59,Male,24.7,No,1,0,0,0,Low,11321,8.4,10,5,0,6,Government,69.0,Urban,9615,16106.0
27,Female,27.8,No,0,1,0,0,Low,5977,4.4,4,4,0,5,,0.0,Rural,1446,10208.0
49,Female,16.3,Yes,0,0,1,1,High,7704,4.6,1,5,0,4,Private,94.0,Rural,15593,21047.0
70,Female,14.1,No,0,0,0,0,Low,7191,8.5,4,6,3,1,Private,91.0,Semi-Urban,4501,25173.0
47,Female,27.7,No,1,0,0,0,Low,6765,6.1,2,1,2,7,Government,66.0,Rural,17251,27846.0
56,Male,28.5,No,0,1,0,1,Medium,9429,4.4,4,8,1,2,Government,71.0,Urban,11880,20639.0
48,Female,36.3,No,0,0,0,0,High,4039,4.7,8,1,1,6,Private,74.0,Rural,5630,16538.0
19,Female,26.8,No,0,0,0,0,Low,9580,8.4,3,8,0,4,Private,78.0,Semi-Urban,11879,11748.0
29,Female,30.1,No,1,1,0,0,Low,12598,6.5,5,6,0,7,,0.0,Urban,15769,19714.0
56,Female,25.0,No,0,0,0,0,Medium,9876,4.8,10,2,1,6,Private,78.0,Urban,8919,18146.0
83,Male,27.5,No,0,0,0,0,High,4983,8.5,2,5,2,3,,0.0,Semi-Urban,6690,21292.0
30,Female,34.3,Yes,0,1,0,1,Medium,1186,8.2,9,4,1,2,,0.0,Rural,1885,19694.0
63,Female,15.4,No,1,0,0,1,Low,11935,4.1,3,4,2,3,,0.0,Rural,19396,28141.0
44,Female,28.1,No,0,0,1,0,Medium,4428,6.9,1,2,0,7,Government,63.0,Urban,19400,19143.0
34,Male,36.7,No,1,0,0,0,High,11602,5.2,7,2,0,7,Government,75.0,Rural,16722,17098.0
77,Male,27.4,No,0,0,0,0,Medium,8758,6.7,5,2,3,7,,0.0,Urban,760,27990.0
81,Female,34.3,No,0,0,0,0,Low,12426,5.4,9,5,0,0,Government,74.0,Rural,17331,11648.0
52,Female,22.9,No,0,0,0,0,Low,7754,5.6,3,7,0,7,Government,72.0,Urban,12968,14617.0
87,Female,25.8,No,0,1,0,0,High,4388,7.0,1,5,1,5,Private,73.0,Urban,14452,21050.0
47,Male,26.2,Yes,0,0,0,0,Medium,6069,6.7,7,1,0,4,Private,86.0,Urban,7825,12073.0
88,Female,14.9,No,0,0,0,0,Medium,3934,6.0,8,2,1,0,Government,65.0,Semi-Urban,14153,14853.0
80,Female,20.2,Yes,0,1,0,0,Low,14270,4.5,2,0,0,5,Government,53.0,Urban,3837,12757.0
45,Female,20.5,No,0,0,0,0,Medium,5371,8.8,2,3,0,2,,0.0,Rural,2944,5598.0
77,Male,30.1,No,0,1,1,0,Low,14112,4.9,9,4,1,3,Private,76.0,Urban,1516,21698.0
54,Female,30.4,No,0,1,1,0,Low,7934,7.2,4,5,0,4,Government,78.0,Semi-Urban,7156,17139.0
39,Female,27.6,Yes,1,0,0,0,High,6987,4.4,1,5,1,1,Government,63.0,Urban,3134,17048.0
85,Male,30.1,No,0,0,0,0,Low,7859,7.4,9,2,1,0,Private,90.0,Semi-Urban,19871,17164.0
37,Male,25.2,No,0,1,0,0,Low,4969,4.5,9,3,0,4,,0.0,Urban,5732,11416.0
85,Female,32.0,No,0,1,0,1,High,13186,5.1,6,5,4,7,Government,62.0,Urban,17030,44069.0
81,Male,26.0,No,0,0,0,0,Low,13764,7.2,6,5,1,1,Government,71.0,Rural,15036,16911.0
34,Female,26.3,Yes,0,0,0,1,Medium,12441,5.4,9,1,1,5,Government,67.0,Urban,17223,23336.0
29,Male,24.7,No,1,0,1,0,Medium,3751,6.7,2,5,2,2,,0.0,Semi-Urban,3397,25840.0
39,Male,29.4,No,1,0,0,0,High,9173,4.6,9,4,0,5,,0.0,Urban,18611,17145.0
34,Female,23.9,No,0,0,0,0,High,2575,5.0,4,7,2,1,Government,61.0,Rural,17657,23094.0
27,Female,30.9,No,0,0,0,0,Medium,7503,7.7,4,5,0,7,Government,72.0,Urban,5112,11401.0
82,Female,20.3,No,0,1,0,1,Low,2259,4.2,9,8,2,7,Government,52.0,Rural,5730,30068.0
39,Male,20.5,No,0,0,1,0,Medium,2056,4.6,7,1,1,5,Government,69.0,Urban,12159,21843.0
67,Female,29.4,No,0,1,0,0,High,6660,5.1,10,4,2,6,Government,68.0,Rural,13738,28743.0
31,Female,25.6,Yes,0,0,0,0,Low,9736,4.1,5,4,0,6,,0.0,Rural,18673,17390.0
81,Female,23.7,Yes,0,0,0,0,Medium,7243,4.5,8,3,1,6,,0.0,Semi-Urban,18486,24477.0
64,Female,30.5,No,0,0,1,1,Low,7800,5.4,1,2,1,2,Government,79.0,Urban,16422,22222.0
46,Female,23.0,Yes,0,0,0,0,Low,1329,4.5,7,4,1,6,Government,59.0,Urban,17298,23599.0
53,Male,25.0,No,0,0,0,0,Low,14376,8.3,4,5,2,0,Private,76.0,Semi-Urban,17017,21715.0
69,Female,33.0,No,0,1,0,0,Low,3169,4.3,2,7,0,6,Government,56.0,Semi-Urban,13779,16504.0
24,Female,33.7,No,0,0,0,0,High,10770,8.3,2,5,3,7,Private,73.0,Rural,4122,28728.0
46,Male,33.9,No,0,1,1,0,High,4006,8.1,9,4,0,1,Government,78.0,Semi-Urban,7932,15517.0
28,Female,24.6,No,1,0,0,0,Medium,6840,4.5,6,1,1,3,Private,72.0,Semi-Urban,6998,15897.0
50,Female,32.2,Yes,1,0,0,0,Medium,8145,4.1,4,5,3,5,Government,54.0,Rural,17202,37427.0
23,Female,21.3,No,0,0,0,0,Medium,3523,4.2,2,3,0,5,Government,61.0,Urban,3641,7791.0
49,Female,21.5,Yes,0,1,1,0,High,11981,7.0,7,4,1,3,Government,61.0,Urban,7997,25424.0
68,Female,14.2,No,0,0,0,0,High,5222,7.4,9,6,0,7,,0.0,Urban,1337,11987.0
75,Male,34.4,No,0,0,0,0,Low,3915,7.1,2,2,2,3,,0.0,Semi-Urban,13370,22143.0
43,Male,21.7,No,0,1,0,0,Medium,14497,6.7,4,5,1,2,Government,58.0,Urban,8571,16482.0
63,Male,25.4,No,0,1,0,0,Medium,10964,4.9,1,4,2,5,,0.0,Rural,13360,25830.0
46,Female,21.4,No,0,0,1,0,High,11330,8.2,1,4,2,6,,0.0,Urban,13546,29226.0
21,Male,29.5,No,0,1,0,1,Medium,6674,5.6,3,7,0,1,Private,91.0,Urban,5657,10702.0
30,Female,24.1,No,1,0,0,0,High,2956,8.9,1,5,2,4,Private,81.0,Semi-Urban,19796,27162.0
56,Female,19.5,No,0,1,0,1,High,7189,5.9,4,8,0,6,,0.0,Urban,1283,14390.0
32,Female,28.2,No,0,0,0,0,Medium,3072,5.3,6,3,0,1,Private,81.0,Urban,16118,9521.0
46,Male,18.8,No,0,0,0,0,High,11588,8.5,5,0,1,1,Private,70.0,Rural,11313,12678.0
46,Male,21.8,Yes,0,0,0,0,Low,14922,6.8,9,2,1,5,Government,62.0,Semi-Urban,15158,21721.0
49,Male,15.5,No,0,0,0,0,Low,12007,7.6,2,5,1,5,Government,68.0,Urban,7114,15979.0
19,Female,18.9,Yes,0,0,0,0,Medium,1872,6.0,2,1,1,0,Private,79.0,Urban,12144,14390.0
64,Male,26.9,No,0,1,0,0,Low,8497,8.4,3,2,1,7,Private,92.0,Semi-Urban,2474,17829.0
39,Female,16.2,No,1,1,1,0,Low,7004,8.6,4,4,1,4,Government,76.0,Semi-Urban,14208,26628.0
44,Male,18.6,No,0,0,1,0,Medium,7437,6.2,9,5,0,3,Government,79.0,Urban,3450,13673.0
84,Male,26.0,No,1,0,0,0,Medium,13533,5.2,6,5,0,2,Private,84.0,Semi-Urban,4662,11159.0
73,Female,23.3,No,0,0,0,0,High,8333,7.2,9,3,0,4,Government,57.0,Semi-Urban,6616,10344.0
38,Female,36.0,No,0,0,0,1,High,9448,8.8,5,5,1,3,Private,93.0,Semi-Urban,19815,20684.0
64,Male,35.2,No,0,1,0,0,Medium,5917,7.1,9,6,2,2,,0.0,Rural,10675,25338.0
76,Male,21.7,No,0,0,0,0,Medium,5032,8.8,9,1,0,6,Private,85.0,Urban,6819,11217.0
23,Male,28.8,No,0,0,0,0,Medium,14077,5.7,1,6,0,4,Private,72.0,Semi-Urban,2923,8001.0
36,Female,29.7,No,0,0,0,0,Medium,4260,8.6,9,2,1,7,Private,85.0,Rural,3748,16935.0
74,Female,23.0,No,0,0,0,0,Low,8166,4.6,7,3,1,7,Government,64.0,Urban,9411,19193.0
86,Male,18.5,No,0,0,0,0,Medium,9885,5.8,8,6,0,2,Government,56.0,Semi-Urban,10034,10885.0
20,Male,25.9,No,0,0,0,0,Medium,8442,6.5,3,5,1,2,Government,69.0,Rural,13151,15322.0
18,Female,25.1,No,0,0,0,0,Low,14026,7.3,1,4,1,3,,0.0,Urban,11363,14722.0
75,Male,23.8,No,0,0,0,0,High,5037,5.5,4,2,0,7,,0.0,Urban,789,9651.0
55,Female,28.2,No,0,0,0,0,Medium,8201,8.6,1,7,2,0,Private,91.0,Urban,13122,20883.0
32,Female,22.2,No,0,0,0,1,Low,14006,8.5,1,3,1,3,Government,77.0,Semi-Urban,10668,15806.0
51,Female,20.2,No,0,0,0,0,Medium,1555,8.0,4,3,0,4,Government,64.0,Rural,5053,8342.0
78,Female,26.5,No,0,1,0,0,Low,13148,4.6,8,4,2,3,Private,92.0,Urban,7325,24153.0
52,Female,27.9,No,0,0,0,0,Low,6609,4.4,1,5,1,3,,0.0,Urban,17979,17871.0
81,Female,20.1,No,1,1,0,0,High,7642,6.5,10,2,0,3,Government,75.0,Semi-Urban,12360,15631.0
42,Male,30.6,No,0,0,0,0,High,14556,7.8,10,2,0,5,Private,77.0,Urban,13856,12715.0
41,Female,17.1,No,0,0,0,0,Low,10469,4.6,9,5,0,5,,0.0,Rural,17779,14467.0
29,Female,23.1,No,0,0,0,0,High,6228,7.2,6,5,0,5,,0.0,Urban,2234,9143.0
35,Male,24.7,No,0,0,0,0,Low,13401,6.6,5,2,2,4,,0.0,Rural,16283,23326.0
32,Female,22.8,No,0,1,0,0,Low,10139,7.6,9,3,1,6,Private,74.0,Rural,7219,19290.0
44,Male,23.2,Yes,0,0,1,0,Low,5580,6.2,9,5,2,4,Private,82.0,Urban,7402,30797.0
89,Female,35.4,No,0,0,1,0,Low,5373,7.5,9,4,1,6,,0.0,Urban,13150,25987.0
77,Male,21.7,No,0,1,0,0,Low,14340,4.8,3,2,0,2,Private,82.0,Rural,8495,9739.0
63,Male,38.2,Yes,1,0,0,1,High,1397,5.1,8,0,0,7,Government,74.0,Rural,16519,21562.0
34,Female,28.2,No,0,0,0,1,Low,1221,8.5,10,7,2,2,,0.0,Urban,6962,23515.0
70,Female,26.5,No,0,0,0,0,Low,3365,5.6,4,6,1,4,Private,82.0,Semi-Urban,1801,15135.0
25,Female,28.4,Yes,0,0,1,0,Medium,2777,8.9,4,6,1,7,,0.0,Urban,16186,29008.0
44,Female,38.6,No,0,0,0,0,Low,5060,4.2,7,5,2,5,Private,90.0,Semi-Urban,11882,25003.0
63,Male,21.0,No,0,0,0,0,Medium,4954,6.5,8,2,3,2,Private,79.0,Urban,5775,25622.0
67,Male,20.4,No,0,1,0,0,Medium,12714,5.6,4,3,1,3,Government,51.0,Semi-Urban,4333,15652.0
88,Male,22.2,No,0,1,0,0,Low,6728,9.0,10,4,3,1,Private,83.0,Urban,15481,31470.0
20,Female,26.2,No,0,0,0,1,Medium,13630,9.0,6,4,0,7,,0.0,Urban,19140,16828.0
81,Male,17.4,No,1,0,1,0,Low,1774,5.2,1,2,2,5,Private,85.0,Urban,16107,31474.0
61,Female,26.1,No,0,0,0,0,Low,1339,5.3,2,1,1,7,,0.0,Urban,635,14594.0
70,Female,34.5,No,0,0,0,0,Low,1006,7.7,5,4,1,5,Government,59.0,Semi-Urban,6153,16881.0
41,Male,26.8,No,0,0,0,1,Medium,2296,8.4,4,9,0,5,Private,76.0,Urban,4260,12802.0
77,Female,24.5,No,1,1,0,0,Medium,1287,7.3,3,6,0,1,Government,60.0,Urban,3898,11744.0
20,Male,22.9,No,0,1,0,0,Medium,1892,8.3,6,2,1,2,Government,60.0,Urban,14830,17136.0
37,Female,30.5,No,1,0,0,0,Medium,7990,4.3,10,3,2,6,,0.0,Semi-Urban,16410,29078.0
63,Male,21.9,No,0,0,0,0,Medium,9908,7.2,6,3,2,2,Private,82.0,Urban,7551,20182.0
32,Female,35.2,No,0,0,1,0,Low,5279,7.5,10,6,3,0,Government,54.0,Semi-Urban,13468,33136.0
42,Male,35.7,Yes,0,0,0,0,High,2853,5.0,8,4,2,3,Private,75.0,Rural,18390,28028.0
88,Male,27.3,No,0,0,0,0,High,1569,7.9,2,5,0,3,Private,70.0,Rural,8437,9910.0
34,Female,25.9,No,0,0,0,0,Medium,5718,8.7,7,6,0,0,Government,73.0,Urban,7239,7429.0
26,Female,31.2,No,0,0,0,0,Low,9834,8.5,7,7,1,0,Private,72.0,Urban,6662,13655.0
55,Male,31.5,No,0,0,0,0,Medium,4672,5.2,2,2,0,1,,0.0,Rural,12256,7722.0
65,Female,22.0,No,0,0,0,0,Low,13272,5.6,6,5,1,3,Private,75.0,Urban,13197,17519.0
77,Female,23.4,No,0,1,1,0,Medium,7991,6.5,5,3,2,3,Government,57.0,Urban,17048,30956.0
80,Female,19.4,No,1,0,0,0,Low,7773,4.8,2,4,4,6,,0.0,Urban,5504,37133.0
19,Male,28.0,Yes,1,0,0,0,Medium,12520,8.8,9,6,0,5,Private,74.0,Urban,13229,18889.0
89,Male,29.3,No,0,0,0,0,Low,3551,4.8,8,1,0,4,Private,81.0,Semi-Urban,11246,11233.0
28,Female,19.3,No,1,0,0,0,High,1109,7.8,7,7,2,7,,0.0,Urban,2722,26256.0
81,Female,23.7,No,0,1,0,0,Low,4650,5.7,6,3,0,3,Government,50.0,Urban,13706,13243.0
89,Male,19.3,No,0,0,0,0,Medium,4219,6.9,5,1,0,1,Government,59.0,Urban,19318,10354.0
38,Female,21.5,No,0,1,0,0,High,1731,4.2,9,5,1,1,Private,71.0,Rural,11686,17511.0
35,Male,28.8,Yes,0,0,0,0,Low,13501,5.0,5,6,1,5,Private,78.0,Semi-Urban,10305,21056.0
81,Female,22.3,No,0,0,0,0,High,12235,6.2,6,5,2,0,,0.0,Semi-Urban,14913,21963.0
55,Female,24.5,Yes,0,0,0,0,Low,6693,7.4,3,4,0,1,Government,62.0,Semi-Urban,1773,8367.0
49,Female,17.9,No,0,0,1,0,High,9759,7.9,9,7,3,6,Private,75.0,Rural,7161,36065.0
28,Male,26.9,No,0,0,1,0,High,12240,4.2,8,3,0,1,Private,77.0,Semi-Urban,2817,10812.0
62,Male,25.8,No,1,1,0,1,Low,6556,4.8,9,3,1,5,Government,75.0,Urban,12686,24820.0
50,Male,22.4,No,1,0,0,0,High,8104,7.6,1,4,0,4,Government,65.0,Urban,17094,14300.0
58,Male,25.1,No,0,0,1,0,Low,12063,8.1,1,3,1,1,Government,50.0,Semi-Urban,16483,20058.0
25,Female,26.9,Yes,0,0,0,0,Low,10549,5.2,2,1,0,2,,0.0,Urban,18726,12325.0
28,Female,21.9,No,0,0,0,0,Low,14740,5.1,4,5,2,2,Private,88.0,Rural,16160,22465.0
68,Male,18.6,Yes,0,0,0,0,Low,14134,4.4,10,3,1,0,Government,55.0,Rural,12469,17859.0
58,Female,35.0,Yes,0,0,0,0,Medium,8263,4.8,5,2,1,3,Government,69.0,Urban,19086,21136.0
34,Female,22.8,Yes,0,0,0,0,Medium,2071,4.0,7,1,0,3,,0.0,Urban,18635,14154.0
63,Male,25.5,No,0,0,0,0,Medium,8973,6.9,4,5,1,4,Private,94.0,Urban,13213,17989.0
49,Female,31.1,No,0,1,0,0,Low,8445,8.5,1,3,1,1,Private,94.0,Rural,8498,14662.0
71,Female,43.6,No,1,1,0,0,High,6071,4.7,8,2,1,5,Government,75.0,Urban,6445,21562.0
37,Male,19.8,No,1,0,0,0,Low,8370,7.8,3,8,0,1,Government,63.0,Semi-Urban,15797,13173.0
50,Female,28.2,Yes,0,1,0,0,Low,3246,6.9,9,2,1,7,Private,88.0,Urban,12937,24927.0
57,Female,22.5,No,0,1,0,0,Medium,11747,8.7,2,4,1,5,,0.0,Semi-Urban,11336,19216.0
49,Female,23.3,Yes,1,0,0,0,High,11568,8.0,1,2,0,1,,0.0,Semi-Urban,5417,10604.0
19,Male,22.4,No,0,0,0,0,Medium,2920,8.3,10,7,1,1,Private,88.0,Semi-Urban,839,12904.0
50,Male,20.4,Yes,0,0,0,0,Medium,7012,7.2,8,8,2,1,Private,80.0,Urban,10325,25310.0
47,Female,25.8,No,0,0,0,0,Low,9315,8.1,3,6,0,2,Government,75.0,Semi-Urban,6894,8382.0
50,Female,18.6,No,0,1,1,0,Low,7343,5.8,1,5,0,6,,0.0,Rural,8135,17998.0
43,Female,30.7,No,1,1,0,0,Medium,1074,5.0,3,4,0,4,Private,84.0,Semi-Urban,11796,15220.0
39,Male,26.3,No,0,1,0,0,Medium,2988,8.6,8,5,1,0,Government,52.0,Semi-Urban,13921,17345.0
83,Male,28.1,No,0,0,1,0,Low,9348,7.7,4,4,1,0,Private,82.0,Rural,19101,21633.0
55,Male,23.7,Yes,0,0,0,0,Medium,14445,4.5,10,6,5,5,Government,75.0,Urban,5312,44805.0
63,Female,24.2,No,0,0,0,0,Medium,8287,8.3,7,3,0,2,,0.0,Urban,2944,7069.0
32,Female,27.4,No,0,0,0,0,Medium,4083,5.7,8,7,0,1,Private,84.0,Semi-Urban,16475,11604.0
61,Female,20.2,Yes,0,0,0,0,Low,4818,5.5,7,7,1,7,Government,79.0,Urban,6643,22619.0
66,Female,24.2,No,0,0,0,0,Medium,13230,7.1,1,4,1,1,Government,63.0,Urban,2616,11431.0
78,Female,21.7,Yes,0,0,0,0,Low,4691,6.8,4,4,1,7,Government,56.0,Urban,15917,23986.0
84,Male,21.5,No,0,0,0,0,Low,13171,6.7,10,2,1,6,Private,91.0,Semi-Urban,932,16205.0
23,Female,15.5,Yes,0,1,1,0,Medium,14856,5.3,9,12,1,3,Government,70.0,Urban,17701,31235.0
26,Female,32.7,No,0,0,0,1,Medium,6239,8.8,7,4,1,5,,0.0,Rural,12577,19774.0
23,Female,22.6,No,0,1,0,0,Medium,9274,8.8,1,3,1,0,Private,79.0,Urban,14618,14923.0
49,Male,31.8,Yes,0,1,0,0,Low,13980,4.0,8,4,1,3,Private,90.0,Urban,4391,19851.0
58,Female,31.3,No,0,1,0,0,High,14539,5.7,4,3,1,7,Private,75.0,Semi-Urban,1499,18149.0
25,Male,19.6,No,0,1,0,0,Low,4065,4.2,7,4,0,7,Government,53.0,Rural,1074,12010.0
89,Male,20.6,No,1,0,0,0,High,8954,8.3,6,4,2,7,Government,68.0,Semi-Urban,5069,26819.0
67,Male,38.8,No,0,0,1,0,Low,3233,8.4,7,5,0,5,,0.0,Urban,16501,19854.0
79,Male,34.8,No,0,1,0,0,Low,10976,6.6,10,9,3,6,Private,73.0,Rural,4472,34366.0
79,Male,25.8,No,0,1,0,0,Low,3090,8.2,10,4,1,0,,0.0,Semi-Urban,11301,17344.0
24,Female,27.3,No,0,0,1,0,Low,6628,7.5,1,5,2,3,,0.0,Rural,18858,28556.0
21,Female,22.8,Yes,0,1,0,0,Medium,5168,6.5,6,2,0,1,Government,51.0,Rural,729,9123.0
23,Male,28.2,No,0,0,0,0,High,5012,5.8,3,5,0,1,Private,76.0,Semi-Urban,4773,6138.0
75,Male,22.4,Yes,0,0,0,0,Low,2877,5.3,10,4,2,1,Government,60.0,Semi-Urban,14792,26010.0
39,Male,15.8,No,0,0,0,0,Medium,8186,5.3,4,1,0,4,Government,58.0,Semi-Urban,18509,11207.0
43,Female,19.4,No,0,0,0,0,High,7308,6.8,1,5,0,3,Government,52.0,Rural,6061,7860.0
20,Female,26.1,No,0,0,1,0,Medium,3314,4.8,10,5,2,4,Private,72.0,Rural,5364,26992.0
58,Male,20.3,Yes,0,0,1,0,Low,10655,4.9,8,6,3,4,Private,87.0,Urban,16007,39771.0
77,Female,25.7,No,0,0,0,0,High,6247,4.1,2,5,2,3,Government,61.0,Urban,3302,20102.0
31,Female,20.6,No,1,1,0,0,Low,4992,7.1,3,2,0,1,Government,67.0,Rural,2878,8801.0
29,Male,22.1,Yes,1,0,0,0,Medium,3914,9.0,7,7,1,6,Private,83.0,Urban,13331,25742.0
29,Male,30.3,No,0,0,0,0,Medium,12716,8.4,2,3,1,2,Private,80.0,Semi-Urban,15872,15451.0
30,Female,27.2,No,0,0,0,0,Low,12564,7.5,4,2,1,6,Government,59.0,Rural,9871,16777.0
42,Female,26.0,Yes,0,0,0,0,Medium,10533,7.9,7,2,2,6,,0.0,Urban,614,23804.0
62,Female,30.4,No,0,0,0,0,Low,4934,6.1,3,7,0,5,,0.0,Semi-Urban,637,9743.0
36,Male,28.4,No,0,0,0,0,Low,3701,5.5,2,5,0,0,Government,65.0,Urban,7029,6081.0
72,Male,33.2,No,0,1,1,0,Low,5044,5.8,8,1,3,3,Private,80.0,Semi-Urban,12536,35597.0
62,Male,23.7,No,0,0,0,0,High,1033,4.4,2,3,0,1,Government,76.0,Rural,7791,6688.0
25,Female,23.9,No,0,0,0,0,High,3145,7.2,10,7,4,4,Private,70.0,Urban,1338,33618.0
70,Female,19.5,No,0,1,0,0,Low,14521,4.9,7,8,1,1,Government,60.0,Rural,3185,16340.0
72,Male,23.9,No,0,1,0,0,Low,7459,7.8,3,4,1,5,,0.0,Urban,11476,19800.0
49,Female,30.8,No,0,0,0,0,Low,8487,4.9,4,2,0,3,,0.0,Urban,1466,6344.0
68,Male,32.5,No,0,0,1,0,Medium,13997,5.1,6,4,2,3,Government,63.0,Semi-Urban,14818,28980.0
61,Female,30.8,Yes,0,0,0,0,High,10471,8.8,3,4,0,7,Private,71.0,Urban,19436,18775.0
87,Male,17.0,Yes,0,0,0,0,High,6673,4.5,1,1,2,0,Private,85.0,Urban,8193,20308.0
35,Female,31.4,No,0,0,0,1,Medium,1404,6.5,8,2,0,0,,0.0,Urban,18277,11025.0
39,Female,16.8,No,0,1,0,0,Medium,5711,4.3,4,2,2,3,Private,72.0,Urban,12293,22972.0
54,Male,30.5,Yes,0,0,0,0,Low,2924,4.5,1,2,0,5,Private,75.0,Rural,2817,10840.0
73,Male,24.2,Yes,0,0,0,0,Low,11049,7.2,2,4,2,0,,0.0,Urban,10078,22209.0
76,Male,29.5,No,0,0,0,0,Medium,8621,7.2,6,9,1,4,Government,60.0,Semi-Urban,2374,17117.0
20,Male,19.3,No,0,1,0,0,Medium,1881,5.0,1,6,0,7,,0.0,Urban,5000,12679.0
45,Male,31.9,No,0,0,0,0,High,14500,8.4,9,2,0,1,,0.0,Urban,12561,9025.0
52,Female,18.7,No,0,0,0,0,Low,7023,7.5,7,9,0,7,Government,54.0,Urban,3862,13360.0
78,Male,22.7,No,0,0,0,1,Low,12073,5.5,8,6,0,2,Government,50.0,Urban,14931,13820.0
71,Male,21.0,No,0,0,0,0,Medium,3902,5.2,8,6,1,1,,0.0,Semi-Urban,4134,14090.0
80,Male,17.2,No,0,1,0,0,High,10789,7.8,6,2,0,5,Private,86.0,Semi-Urban,14047,14330.0
24,Male,26.5,Yes,1,0,1,0,Medium,11131,7.7,8,3,0,7,Government,63.0,Urban,3373,21187.0
66,Male,35.0,No,0,0,1,0,Low,2245,4.7,7,4,0,1,Private,73.0,Semi-Urban,2533,11930.0
48,Female,39.3,No,1,0,0,0,High,9631,5.7,1,1,0,3,Private,77.0,Urban,3327,8637.0
75,Male,26.5,No,0,1,0,0,Medium,13819,5.1,3,6,0,5,Private,93.0,Urban,18281,16779.0
78,Male,31.6,Yes,1,0,0,1,Low,14591,5.5,9,3,1,2,Government,74.0,Rural,15805,24850.0
41,Male,27.2,No,0,1,0,0,Low,12016,5.4,8,7,0,0,Private,83.0,Urban,6681,10040.0
37,Female,28.5,Yes,1,0,1,0,Medium,6367,8.9,5,4,1,6,Government,52.0,Semi-Urban,17270,30676.0
54,Female,24.3,Yes,0,0,0,0,Medium,1115,7.8,1,7,1,0,Private,80.0,Semi-Urban,7329,16008.0
21,Male,27.0,No,0,0,1,0,Medium,5500,7.9,2,5,1,6,,0.0,Semi-Urban,9132,22170.0
37,Male,28.7,No,0,0,0,0,Medium,10470,5.4,10,2,0,1,,0.0,Urban,19898,11170.0
77,Female,23.1,No,1,1,0,0,Low,1296,4.0,10,5,0,3,Private,73.0,Urban,2053,13749.0
41,Female,25.6,No,0,1,0,0,Low,8692,4.3,9,4,0,2,Private,81.0,Urban,12338,12289.0
67,Female,25.7,No,0,0,1,0,High,3948,6.8,10,2,3,3,Private,89.0,Rural,9503,33162.0
66,Male,30.1,No,0,0,0,0,Medium,9127,5.4,8,3,3,2,Private,92.0,Urban,6188,26479.0
68,Male,20.7,No,0,0,0,0,Medium,3605,5.0,9,7,1,5,Government,66.0,Urban,15578,21254.0
53,Female,25.7,Yes,0,1,0,0,Low,7477,4.2,2,5,1,2,,0.0,Urban,15790,21568.0
83,Male,35.6,No,0,0,1,0,Low,8921,8.4,3,3,2,0,Private,88.0,Semi-Urban,2865,22388.0
51,Female,31.8,No,1,0,0,0,Low,2094,7.0,3,4,0,1,Government,55.0,Rural,2209,8137.0
53,Female,32.7,Yes,1,0,0,0,Low,14253,4.5,1,7,0,0,,0.0,Semi-Urban,10056,13558.0
23,Female,26.1,No,0,0,0,0,Medium,14003,7.8,2,3,1,3,,0.0,Urban,17794,16581.0
56,Male,27.6,No,0,1,1,0,High,6101,7.8,10,1,2,0,Private,87.0,Semi-Urban,18666,28948.0
59,Female,31.0,No,0,1,0,0,Low,2074,5.4,5,3,0,1,,0.0,Semi-Urban,18297,12599.0
75,Female,33.8,No,0,0,0,0,High,1015,4.9,7,3,2,4,Private,70.0,Rural,19503,26165.0
29,Male,16.2,No,0,0,0,0,Medium,2527,8.1,6,7,1,0,Private,90.0,Urban,3422,12093.0
20,Female,19.4,Yes,0,0,0,0,Low,9242,5.6,2,4,0,3,Government,79.0,Urban,19525,14239.0
35,Male,32.5,Yes,0,1,0,0,Medium,4199,8.2,8,4,2,1,Private,94.0,Urban,13459,26713.0
57,Female,24.6,No,1,0,0,0,Low,12433,4.2,4,8,1,7,Private,78.0,Semi-Urban,16278,24861.0
38,Male,22.6,No,1,0,0,0,Medium,10795,6.5,2,3,2,3,Private,89.0,Rural,11378,23351.0
32,Female,19.7,No,0,0,0,0,Low,8800,4.9,4,2,2,5,Government,64.0,Semi-Urban,16746,23855.0
43,Female,23.2,No,1,0,0,0,Low,12228,7.4,8,4,0,2,Private,84.0,Semi-Urban,5599,10536.0
25,Female,19.0,No,0,0,0,0,Medium,14491,9.0,1,7,2,1,Government,67.0,Semi-Urban,12515,20624.0
59,Female,36.5,No,0,0,1,1,Low,11977,6.1,9,2,0,2,Government,79.0,Urban,1997,13574.0
61,Female,25.9,No,0,1,0,0,Low,2992,4.5,8,1,0,1,Government,66.0,Urban,9759,9725.0
31,Male,25.7,Yes,0,0,0,0,Low,3953,5.6,8,5,0,4,,0.0,Urban,7031,13300.0
19,Male,28.9,No,0,0,0,0,Medium,7471,8.5,10,1,0,7,,0.0,Semi-Urban,5513,10901.0
54,Female,30.8,No,0,0,0,0,High,6822,7.8,9,4,0,4,Private,76.0,Rural,12931,12483.0
86,Female,30.7,No,0,0,0,0,Low,1931,5.2,7,3,2,1,Private,86.0,Urban,2291,18728.0
55,Female,31.4,No,0,0,1,1,Low,3015,8.8,9,2,1,2,Government,60.0,Urban,12331,22441.0
58,Male,22.8,No,0,0,0,0,Medium,7444,7.1,1,3,0,5,Government,68.0,Semi-Urban,5144,8787.0
79,Male,24.5,No,0,0,0,0,Low,8418,4.8,1,7,0,2,Government,54.0,Rural,14982,11410.0
77,Female,29.8,No,0,0,0,0,Medium,13805,6.9,4,3,3,3,Government,51.0,Rural,10577,28007.0
31,Male,23.4,No,0,0,0,0,Low,7405,6.3,2,4,1,1,,0.0,Urban,19439,15954.0
19,Female,26.0,No,0,0,0,0,Medium,3138,8.1,8,1,3,2,Private,83.0,Urban,12690,26567.0
87,Female,28.0,No,0,1,0,0,Medium,5289,5.7,1,2,2,1,Government,53.0,Semi-Urban,608,18562.0
34,Female,29.9,Yes,1,0,0,0,Low,4400,8.4,4,3,1,4,Government,76.0,Urban,11320,21673.0
45,Male,17.1,No,0,0,0,0,Medium,10279,8.1,9,5,3,2,Private,92.0,Rural,17213,29977.0
83,Female,29.6,No,0,0,1,0,Medium,14605,7.4,2,5,1,2,Government,65.0,Rural,17060,22666.0
52,Female,24.8,No,0,0,0,0,Low,13228,5.3,6,7,1,4,Government,64.0,Urban,12059,18602.0
22,Female,29.5,No,0,1,0,0,Low,9417,8.9,4,7,1,7,Government,50.0,Urban,8458,21062.0
82,Male,29.9,No,0,0,0,0,Low,9636,6.7,4,5,0,5,Private,73.0,Urban,14161,13585.0
57,Male,34.0,Yes,0,1,1,0,Medium,11573,8.5,6,6,1,3,,0.0,Semi-Urban,3569,25231.0
73,Male,32.8,No,1,0,0,0,Low,13233,5.1,10,5,1,1,Private,73.0,Rural,12734,19564.0
53,Female,32.7,No,0,1,1,0,Medium,12326,8.9,4,1,1,1,,0.0,Urban,3151,17986.0
62,Male,33.2,Yes,0,1,0,0,Medium,2902,8.1,9,2,2,1,Government,53.0,Urban,12177,26289.0
40,Female,27.5,No,1,0,0,1,High,13784,8.7,8,5,1,6,Private,86.0,Rural,3596,21104.0
64,Male,26.2,No,0,1,0,0,Medium,12846,5.1,8,8,2,1,Private,82.0,Semi-Urban,13423,25693.0
48,Female,30.4,No,1,0,0,0,Medium,4603,6.2,5,5,3,5,Government,56.0,Urban,6873,31434.0
28,Male,29.7,No,0,1,0,0,Medium,10674,4.5,6,5,1,0,Government,64.0,Urban,9301,15441.0
27,Female,24.5,No,0,1,0,0,High,6452,4.7,1,3,1,4,Government,58.0,Urban,9732,16795.0
84,Male,28.0,Yes,0,1,0,0,Low,9436,5.4,1,3,2,6,Government,65.0,Urban,15592,30398.0
31,Male,25.8,Yes,0,0,0,1,Low,11303,8.8,9,4,0,7,,0.0,Rural,7269,17075.0
27,Male,21.7,No,0,1,1,1,Low,5048,7.3,4,10,1,6,,0.0,Urban,15370,29902.0
18,Female,32.5,No,0,0,0,0,Medium,1804,5.6,3,0,1,3,Government,50.0,Semi-Urban,16857,15392.0
22,Male,26.3,No,0,0,0,0,Low,9043,8.8,5,3,1,4,Government,59.0,Semi-Urban,4925,14107.0
37,Male,36.2,No,0,0,1,1,Low,10123,7.7,9,4,2,7,Private,71.0,Urban,17081,34450.0
25,Male,17.9,No,0,1,0,0,Medium,2760,8.5,9,3,1,1,,0.0,Urban,10572,16009.0
60,Male,23.2,No,0,0,0,0,High,14577,8.6,3,1,0,6,Government,78.0,Semi-Urban,16676,12699.0
18,Female,26.2,No,1,0,0,0,High,7305,7.8,7,5,1,0,Private,74.0,Urban,1796,13585.0
74,Male,31.7,No,1,0,1,0,Medium,12308,5.2,3,5,0,0,Private,77.0,Rural,11540,15993.0
81,Female,28.0,Yes,0,0,0,1,Low,8998,9.0,3,1,0,4,Government,68.0,Urban,13843,15313.0
45,Female,27.6,No,0,1,0,0,High,9216,5.6,4,4,2,7,,0.0,Urban,12018,27333.0
54,Female,20.4,No,0,1,0,0,High,5395,7.4,2,0,0,2,,0.0,Semi-Urban,9089,8419.0
64,Female,20.2,No,0,0,0,0,High,6344,8.2,6,5,1,6,Government,70.0,Urban,16382,20801.0
54,Male,27.6,No,1,0,0,0,Medium,9265,4.9,5,3,2,5,Private,85.0,Rural,5263,24187.0
66,Female,19.2,Yes,0,0,0,0,Low,14427,7.0,10,3,1,3,Private,84.0,Semi-Urban,19247,22270.0
61,Female,23.3,No,1,0,0,0,Low,13439,5.9,10,7,0,6,Private,73.0,Semi-Urban,1951,14604.0
73,Female,28.5,No,0,0,1,0,High,8881,5.2,2,4,0,7,Government,52.0,Urban,8601,17495.0
45,Female,21.1,Yes,0,0,0,0,Low,13262,4.1,10,7,2,0,Government,59.0,Rural,8685,23938.0
23,Male,34.0,No,1,0,0,0,Low,8982,8.4,2,1,1,5,,0.0,Urban,15933,19560.0
78,Male,32.1,No,0,0,0,0,Medium,12354,4.7,2,4,2,1,,0.0,Urban,19761,23251.0
37,Female,18.1,No,0,0,0,0,Low,14873,8.4,4,2,0,6,Government,66.0,Urban,1448,8117.0
19,Female,21.3,Yes,0,0,0,1,High,8456,7.0,3,6,2,2,,0.0,Urban,726,22337.0
54,Female,14.6,No,0,0,0,1,Low,5187,7.1,9,3,1,6,,0.0,Rural,3837,17969.0
37,Male,22.1,No,0,0,0,0,Low,12111,8.1,5,6,3,6,Private,90.0,Semi-Urban,18257,33080.0
43,Male,29.8,No,1,1,0,0,High,11986,6.5,1,3,1,3,Private,79.0,Semi-Urban,14303,20345.0
46,Male,23.9,No,0,0,0,1,Low,2410,5.8,2,2,1,7,Government,58.0,Urban,8853,18593.0
18,Male,28.3,No,1,0,0,0,High,12678,4.7,7,5,0,1,Private,90.0,Urban,18175,13362.0
52,Male,18.4,No,0,0,1,0,Medium,4612,6.9,8,2,0,4,,0.0,Urban,14941,16674.0
87,Female,30.0,No,0,1,0,0,Medium,8339,6.8,6,6,2,5,Government,66.0,Rural,13972,28432.0
76,Male,23.2,No,1,1,0,0,Low,5780,5.5,7,4,0,0,Government,50.0,Urban,3348,10720.0
86,Male,26.1,No,0,1,0,0,Medium,5467,7.0,2,6,1,4,Private,87.0,Urban,3969,17694.0
50,Female,25.5,No,0,0,0,0,Low,14809,6.2,6,2,1,2,Private,93.0,Semi-Urban,1909,11938.0
68,Male,19.6,No,0,0,0,0,High,6355,8.0,6,6,0,0,Government,67.0,Urban,551,5713.0
29,Male,20.2,No,0,1,0,1,Low,10257,6.8,4,2,0,7,Government,67.0,Semi-Urban,7135,14026.0
37,Male,30.8,Yes,0,0,1,0,Low,14460,8.7,4,2,0,1,Private,73.0,Urban,4229,13333.0
70,Female,28.0,No,1,1,0,0,High,4995,6.6,2,6,0,2,Government,77.0,Rural,19478,16983.0
60,Male,31.3,Yes,1,0,0,0,Medium,7868,8.4,3,0,2,3,Government,58.0,Urban,5096,24168.0
67,Female,27.6,No,0,0,0,0,Medium,12950,6.6,10,6,1,5,Private,71.0,Semi-Urban,18871,22229.0
46,Female,26.7,Yes,0,1,0,0,Medium,9802,6.8,6,5,2,1,Private,72.0,Rural,10235,25791.0
74,Male,17.4,No,1,0,0,0,Low,8645,5.8,4,6,1,6,Government,54.0,Rural,16013,23306.0
56,Male,24.6,No,0,0,0,0,Low,5215,6.0,3,4,1,3,Private,86.0,Semi-Urban,4094,13686.0
73,Male,25.9,No,0,0,0,0,High,2838,8.7,1,5,4,0,Government,57.0,Rural,10796,31676.0
60,Male,35.8,No,0,1,0,0,Low,6648,5.1,3,2,2,3,Government,72.0,Urban,18661,25672.0
67,Female,29.4,No,0,0,0,0,Low,7684,4.6,1,4,1,5,Private,74.0,Semi-Urban,1848,14576.0
40,Male,33.7,No,0,0,0,0,Medium,11287,8.2,4,5,1,0,Government,50.0,Urban,16069,15432.0
61,Female,29.0,No,0,0,0,0,Low,14697,6.9,4,2,1,3,Private,93.0,Urban,9857,15047.0
55,Female,22.4,No,0,1,0,0,Medium,7944,5.4,1,6,0,4,Private,76.0,Urban,809,9815.0
40,Female,26.6,No,0,1,0,0,Medium,8295,6.2,7,1,1,5,Government,72.0,Rural,6241,17270.0
62,Female,27.2,No,0,0,0,0,High,4573,6.6,5,2,5,4,Private,78.0,Urban,1484,37501.0
69,Female,21.3,Yes,0,0,0,0,Low,8614,7.0,1,3,1,2,Private,83.0,Semi-Urban,18690,19626.0
67,Male,24.1,No,0,0,0,0,Low,6699,8.1,5,5,0,7,Private,85.0,Urban,14698,15072.0
25,Female,25.0,No,0,0,0,0,High,9185,6.0,7,5,0,5,Government,51.0,Urban,14786,13086.0
18,Female,34.0,No,0,1,0,0,Low,8152,7.4,6,4,1,5,Private,93.0,Rural,9218,18945.0
25,Male,15.6,No,1,0,0,0,Medium,7182,8.2,10,4,0,7,,0.0,Semi-Urban,12233,16338.0
46,Male,32.0,No,1,0,0,0,Medium,1472,8.2,5,8,1,3,,0.0,Semi-Urban,16407,21902.0
22,Female,21.3,No,0,0,0,0,Medium,10348,5.3,8,5,0,0,Private,84.0,Urban,17224,9846.0
64,Female,19.1,No,0,0,0,1,Medium,12382,5.8,9,4,1,1,Government,74.0,Urban,19844,19506.0
51,Male,31.9,No,1,0,0,1,Low,5419,7.0,1,3,1,0,Government,68.0,Rural,4608,14759.0
82,Female,29.7,Yes,0,0,0,0,Medium,9243,8.4,6,2,2,7,Government,73.0,Semi-Urban,14126,29369.0
72,Male,32.3,No,1,1,0,0,Low,8091,8.0,2,4,0,4,Government,71.0,Urban,14417,16434.0
60,Male,30.0,No,0,0,1,0,High,14220,6.9,8,5,3,7,,0.0,Rural,7939,36682.0
47,Female,36.3,Yes,0,0,0,0,Low,11375,8.9,5,3,1,5,Government,58.0,Urban,18563,22798.0
34,Male,28.8,No,0,0,0,0,High,10619,6.2,1,4,2,1,Government,63.0,Urban,14245,20418.0
43,Female,25.2,No,0,1,0,0,Medium,6878,8.2,5,3,1,3,,0.0,Urban,7521,16472.0
25,Female,27.7,Yes,0,0,0,0,Low,11408,8.1,10,6,3,5,Government,78.0,Urban,6523,32688.0
64,Female,32.2,No,0,1,0,0,Medium,11015,8.5,5,5,1,5,Private,89.0,Rural,19555,23112.0
89,Male,22.1,Yes,0,1,0,0,Low,7660,8.9,2,2,1,7,Private,75.0,Semi-Urban,7896,22612.0
63,Female,22.7,No,0,1,0,0,Low,5455,6.5,4,6,2,4,Government,71.0,Urban,7224,24508.0
85,Male,24.5,No,0,0,0,0,Low,6779,5.0,6,2,0,7,Government,51.0,Semi-Urban,18639,15627.0
50,Female,15.5,No,0,0,0,0,High,8404,6.3,1,9,2,3,Government,57.0,Urban,19292,25453.0
18,Female,26.7,No,0,0,0,0,Low,1067,8.3,9,4,0,4,Government,64.0,Rural,17121,12897.0
36,Male,16.6,No,0,0,1,0,High,13006,8.2,7,7,0,7,Government,73.0,Urban,3704,17129.0
48,Female,26.3,Yes,0,1,0,0,Low,10365,5.7,6,6,0,3,Government,61.0,Urban,9866,15709.0
31,Female,30.3,No,0,0,0,0,Medium,5576,4.2,1,3,2,7,Government,58.0,Rural,6045,22342.0
70,Male,23.6,No,0,0,0,0,High,14726,6.5,8,2,1,4,Government,75.0,Semi-Urban,7271,15889.0
65,Male,34.4,Yes,0,0,0,0,High,7056,6.4,8,4,0,7,Government,60.0,Rural,5005,15633.0
86,Male,18.7,No,1,1,0,0,Low,13508,4.4,4,4,0,2,Government,66.0,Urban,11194,14139.0
79,Female,32.0,Yes,0,0,1,1,Medium,9452,8.0,4,4,1,0,Private,90.0,Urban,13126,24378.0
83,Male,29.4,No,0,0,0,0,Low,11505,5.4,1,3,3,0,Government,55.0,Urban,6517,23897.0
81,Male,17.4,No,0,0,1,0,Low,12722,7.2,9,4,0,6,Government,69.0,Rural,15903,20113.0
87,Female,39.6,No,0,1,0,0,Medium,2649,4.5,8,7,0,3,Private,72.0,Rural,3303,12719.0
80,Male,25.7,No,0,0,0,0,Low,1676,8.3,10,3,0,7,,0.0,Urban,10934,14451.0
50,Female,21.6,No,1,0,0,1,Low,8223,7.7,7,7,1,3,Private,90.0,Rural,1587,18724.0
58,Female,19.0,Yes,0,0,0,0,Low,7551,5.9,2,4,1,1,Government,62.0,Semi-Urban,13290,17517.0
65,Male,24.9,No,0,1,0,0,Low,4939,7.1,7,3,1,1,Private,78.0,Urban,2233,14117.0
30,Female,25.4,No,1,0,0,0,Low,5338,4.9,4,10,3,0,Government,61.0,Urban,15841,31414.0
48,Male,26.5,No,0,1,1,0,High,11127,8.9,3,4,2,7,Private,71.0,Urban,16968,33645.0
85,Male,24.5,No,0,0,0,0,Low,7657,8.0,10,4,1,0,Government,62.0,Semi-Urban,9074,14757.0
21,Male,29.2,Yes,0,0,0,1,Medium,10870,7.9,4,2,0,2,Private,83.0,Urban,11156,12343.0
36,Male,24.1,No,0,0,0,0,Medium,10384,4.8,10,0,0,3,,0.0,Urban,14063,10062.0
87,Female,16.3,Yes,0,0,0,0,Medium,11814,4.1,6,3,1,3,Government,75.0,Rural,6817,18074.0
30,Female,25.3,Yes,0,0,0,0,Medium,14744,6.9,7,1,0,0,Government,78.0,Semi-Urban,6211,8022.0
40,Male,14.2,No,0,0,0,0,Medium,1665,4.7,2,2,0,3,Private,83.0,Semi-Urban,6188,6682.0
18,Male,27.8,Yes,0,0,0,0,Medium,5862,7.9,7,7,0,1,,0.0,Semi-Urban,6232,11064.0
71,Female,21.1,Yes,1,0,0,0,Low,10793,6.1,10,3,2,3,Government,75.0,Semi-Urban,4789,26590.0
88,Male,26.8,No,0,0,1,0,High,2909,5.7,2,5,0,1,,0.0,Urban,13984,14959.0
32,Female,32.6,Yes,0,1,0,1,High,8452,4.4,2,0,3,7,Private,86.0,Urban,11418,35543.0
82,Male,21.3,Yes,0,1,0,0,Medium,7597,9.0,1,4,1,4,Private,73.0,Rural,17782,23614.0
88,Female,31.3,Yes,0,0,0,0,Low,1187,8.8,7,2,0,3,Government,59.0,Rural,2831,11148.0
32,Female,23.8,Yes,0,0,0,1,Medium,9896,4.7,1,2,1,4,Government,68.0,Rural,10127,19092.0
38,Female,34.8,No,0,1,0,1,Medium,12559,5.7,3,3,2,6,Government,66.0,Rural,7826,26252.0
36,Male,24.2,No,0,1,0,0,Medium,8690,6.0,8,4,1,7,,0.0,Urban,7303,20437.0
77,Male,21.8,No,0,1,0,0,Medium,13979,5.5,1,0,1,6,Private,89.0,Urban,5849,16949.0
50,Male,29.4,No,0,0,0,0,Medium,12645,8.7,6,1,1,0,Government,71.0,Rural,15325,14080.0
66,Male,23.8,Yes,1,0,0,0,Medium,10558,7.6,2,6,1,3,Government,56.0,Urban,3159,19682.0
52,Male,21.8,Yes,0,0,0,0,Low,11841,8.8,9,2,3,6,,0.0,Rural,12442,33827.0
61,Female,23.6,No,0,0,0,0,Medium,8390,8.4,2,2,1,5,,0.0,Rural,1657,13625.0
28,Female,25.8,No,0,0,0,0,Low,1334,7.8,6,2,2,5,Private,88.0,Semi-Urban,19123,25071.0
89,Female,32.7,No,0,0,0,0,Medium,7600,7.5,4,1,0,2,Private,90.0,Rural,18863,11220.0
83,Female,16.3,No,0,0,0,0,Low,8615,8.3,9,3,1,5,,0.0,Semi-Urban,2834,15999.0
63,Female,26.1,No,0,0,0,0,Low,14025,7.4,1,2,3,5,Government,75.0,Urban,8857,27700.0
26,Female,29.1,Yes,1,0,0,0,Low,11576,4.9,1,4,2,7,,0.0,Rural,18134,31733.0
20,Female,27.0,No,0,0,0,0,High,1355,7.2,10,2,1,5,Private,81.0,Urban,15749,18735.0
43,Male,32.5,No,0,1,0,0,Medium,2922,6.6,3,2,3,5,,0.0,Urban,17532,32495.0
89,Female,25.6,No,1,1,0,0,Low,5327,8.9,6,6,0,2,Government,69.0,Rural,18205,17710.0
65,Male,25.1,No,1,0,0,1,Medium,4338,6.5,3,4,1,5,Private,79.0,Semi-Urban,6154,20099.0
83,Female,29.0,No,0,1,0,0,Medium,1795,4.2,7,5,2,4,,0.0,Urban,8573,25702.0
87,Female,26.5,No,0,0,0,0,Medium,1189,5.3,9,4,1,6,Government,66.0,Rural,2716,17550.0
45,Male,24.0,No,0,0,0,0,Medium,13335,8.6,10,5,4,7,Private,72.0,Rural,14061,39438.0
43,Female,28.6,No,0,1,1,0,Low,8451,8.8,2,6,1,2,,0.0,Urban,11763,22647.0
42,Male,22.7,No,0,0,0,0,Low,10005,7.6,4,5,2,1,Private,79.0,Urban,5962,18910.0
29,Female,22.9,No,0,0,0,0,Low,11294,4.3,3,4,0,0,Government,70.0,Urban,11324,6864.0
22,Male,23.4,No,1,0,0,0,Medium,12602,4.1,6,3,2,5,Government,74.0,Rural,15417,26667.0
65,Female,32.8,No,0,0,1,0,Low,3166,6.4,5,7,3,5,Government,61.0,Semi-Urban,8569,35655.0
54,Male,9.9,Yes,1,0,0,0,Medium,11442,9.0,3,4,1,6,Private,83.0,Rural,828,20125.0
61,Male,28.0,No,1,0,1,0,Low,10871,8.3,9,6,1,1,Government,66.0,Rural,15044,25073.0
32,Female,26.2,Yes,0,0,0,0,Low,3058,8.7,8,6,0,0,Private,73.0,Semi-Urban,9718,11341.0
60,Female,17.6,No,0,1,1,0,High,13546,7.1,3,4,2,7,,0.0,Urban,8380,31042.0
65,Male,27.5,No,0,0,1,0,High,7070,8.3,10,2,1,2,Private,74.0,Semi-Urban,15127,22063.0
87,Female,28.4,No,0,0,0,0,Low,5393,5.6,5,6,1,0,,0.0,Semi-Urban,8865,14652.0
63,Male,28.9,Yes,0,0,0,0,High,10412,4.1,5,2,1,5,,0.0,Urban,9844,19880.0
60,Female,12.7,No,0,1,0,0,Medium,10819,8.6,5,4,1,1,Private,83.0,Rural,2311,13674.0
38,Male,32.8,No,0,1,1,1,Medium,14726,5.1,8,4,2,7,Government,68.0,Semi-Urban,3920,32220.0
40,Female,22.3,No,1,1,1,0,Low,3380,7.6,3,4,0,4,,0.0,Rural,2123,17006.0
64,Male,29.4,No,0,0,0,0,Low,10591,7.3,3,2,0,4,Private,74.0,Semi-Urban,9171,9513.0
32,Female,29.7,No,0,0,0,0,High,9325,4.8,8,5,1,3,Private,85.0,Urban,3718,14646.0
42,Male,21.6,No,0,0,0,0,High,6051,5.0,9,5,0,5,Private,91.0,Urban,11704,12799.0
53,Male,29.3,Yes,0,0,0,0,Medium,11355,5.6,5,4,1,1,Private,83.0,Semi-Urban,9932,17319.0
68,Female,24.1,Yes,1,0,0,0,High,3709,7.8,10,3,0,1,Government,62.0,Semi-Urban,11723,15100.0
32,Female,15.6,No,1,1,0,0,Medium,2279,4.2,8,4,2,6,Private,82.0,Urban,15515,30262.0
85,Male,31.8,Yes,0,0,1,0,Low,1552,6.0,5,3,0,4,Private,94.0,Urban,11631,19543.0
38,Male,22.1,No,0,1,0,0,Low,13980,7.3,4,3,1,7,Private,93.0,Urban,14895,21491.0
30,Male,21.7,Yes,0,0,0,0,Low,7331,4.9,2,7,0,2,Private,93.0,Semi-Urban,16399,13971.0
36,Male,24.0,No,0,1,0,0,Medium,11278,4.6,4,3,3,4,,0.0,Urban,4442,27973.0
51,Female,27.4,No,0,0,1,0,High,13086,6.0,2,1,0,3,Government,68.0,Semi-Urban,3308,11034.0
85,Male,25.7,No,0,1,0,0,Medium,13767,5.4,7,2,2,3,Private,70.0,Urban,6413,22995.0
69,Male,28.7,No,0,0,0,0,Medium,12165,7.2,7,1,0,1,Private,86.0,Semi-Urban,11150,8186.0
44,Male,19.3,Yes,1,1,0,0,Medium,7872,8.8,9,2,1,1,Government,68.0,Urban,2792,19197.0
46,Female,22.3,No,0,0,0,0,Low,2153,4.0,4,3,2,3,,0.0,Urban,11006,21291.0
45,Male,25.4,No,0,0,0,0,Low,7919,8.5,5,7,3,1,,0.0,Urban,11086,27588.0
52,Female,35.5,No,0,0,0,0,Medium,5158,6.2,4,4,0,5,Government,59.0,Urban,13071,12426.0
25,Female,25.4,No,1,0,0,0,Medium,1954,7.3,4,7,0,0,,0.0,Rural,1154,7708.0
33,Female,31.4,No,0,0,0,0,High,14723,8.3,5,2,2,7,,0.0,Urban,7668,23302.0
53,Female,26.2,No,1,1,1,0,Low,11769,6.9,3,1,1,3,Government,74.0,Urban,10599,23926.0
47,Female,23.6,No,0,0,0,0,Medium,6565,4.5,9,6,2,3,Private,76.0,Rural,6139,22090.0
35,Female,24.8,No,0,1,0,0,Medium,12980,4.7,7,4,1,1,Private,90.0,Urban,2288,13930.0
19,Female,25.2,No,0,0,0,0,Low,7868,7.9,1,4,2,0,Government,75.0,Rural,3723,16053.0
66,Male,29.0,No,0,0,0,0,Medium,14920,5.1,1,6,1,7,Government,78.0,Semi-Urban,3107,17322.0
21,Male,32.9,No,0,0,0,0,Low,12260,6.8,1,6,2,6,,0.0,Urban,14398,25126.0
24,Female,27.8,Yes,1,1,0,1,Medium,1235,6.1,3,6,0,5,Government,61.0,Urban,7759,19642.0
56,Male,31.9,No,0,0,0,1,Medium,12943,5.5,9,4,1,3,Private,94.0,Semi-Urban,3416,16402.0
30,Male,21.2,No,0,0,0,1,Low,12835,7.9,8,5,1,7,Government,75.0,Semi-Urban,8701,20546.0
48,Female,23.9,No,0,0,0,0,High,2108,7.7,9,4,1,6,Government,51.0,Urban,5662,17576.0
88,Male,22.4,No,0,0,1,0,Low,2796,7.2,5,2,1,0,Government,79.0,Rural,2676,16035.0
80,Female,27.6,No,0,0,0,0,Low,4473,5.9,7,4,2,3,,0.0,Urban,3201,20788.0
73,Male,24.2,No,0,0,0,0,Medium,6285,5.1,10,5,4,0,Private,73.0,Semi-Urban,11902,33757.0
59,Female,29.6,No,0,0,0,1,High,8395,6.6,9,5,1,4,Private,88.0,Urban,5005,18070.0
78,Female,21.3,No,1,0,0,0,Low,10582,8.1,5,5,2,3,Government,69.0,Urban,2871,22960.0
59,Male,26.2,Yes,0,1,0,0,Low,6529,6.9,8,2,2,6,Private,86.0,Semi-Urban,9409,28989.0
73,Male,29.4,Yes,1,0,1,0,Medium,12323,8.9,8,0,1,7,,0.0,Urban,2383,26757.0
53,Female,15.7,Yes,0,1,0,0,Low,3211,4.1,3,3,1,0,Private,70.0,Urban,15150,18876.0
85,Female,36.6,No,1,0,0,0,Low,14541,9.0,5,9,2,4,Private,93.0,Semi-Urban,15790,29835.0
24,Female,24.6,No,0,0,0,0,Low,14169,7.5,8,6,2,6,,0.0,Semi-Urban,8635,24608.0
71,Male,15.9,Yes,0,0,0,0,High,3641,8.2,10,0,1,1,Private,85.0,Rural,15707,18409.0
18,Male,26.8,No,0,0,0,0,High,4228,5.7,3,3,0,6,Government,57.0,Semi-Urban,6129,9603.0
61,Male,26.2,No,0,0,0,1,Low,1926,6.5,3,3,2,2,Private,81.0,Urban,6205,20767.0
62,Male,25.6,No,1,0,0,0,Medium,6822,8.0,6,3,0,0,Government,62.0,Semi-Urban,1111,7241.0
64,Female,31.0,No,0,0,0,0,Low,3921,7.8,7,7,2,6,,0.0,Urban,19438,29041.0
30,Female,29.7,No,1,0,1,0,Medium,12148,5.7,7,4,1,4,Private,89.0,Urban,3180,22145.0
39,Female,27.5,No,0,0,0,0,Low,4827,5.6,6,1,2,7,,0.0,Semi-Urban,19290,26592.0
38,Female,28.3,No,0,0,0,0,Low,12637,7.3,7,1,0,5,Government,76.0,Semi-Urban,15328,12007.0
26,Male,25.5,No,1,1,0,0,Medium,14553,8.7,7,4,0,3,Private,71.0,Semi-Urban,12333,14885.0
43,Female,34.9,No,0,1,0,0,Low,13230,6.2,4,2,3,4,Government,73.0,Semi-Urban,18475,32249.0
26,Female,18.6,No,0,0,0,0,Low,8335,5.8,8,4,1,2,Private,92.0,Urban,1253,12254.0
32,Male,26.7,No,0,1,0,0,High,9312,8.5,8,5,3,2,,0.0,Rural,14884,31106.0
27,Male,26.3,No,1,1,0,0,High,1965,7.4,2,3,2,7,Private,78.0,Rural,834,25279.0
59,Female,30.1,No,0,0,0,0,Low,11241,5.9,10,2,1,2,Government,58.0,Semi-Urban,18681,18087.0
89,Male,21.8,No,0,0,0,0,Medium,5213,4.3,5,2,3,1,Government,51.0,Semi-Urban,8746,25658.0
41,Female,17.3,Yes,0,1,0,0,Medium,4719,7.6,2,1,0,7,Private,77.0,Rural,3445,13773.0
66,Male,26.8,No,0,0,0,0,Medium,4913,5.8,3,5,3,5,Private,80.0,Semi-Urban,19076,32447.0
43,Male,27.4,No,1,0,0,0,High,13926,4.4,3,5,3,0,Government,75.0,Urban,19297,30571.0
54,Female,33.4,No,1,0,1,0,Medium,13016,7.1,5,8,1,6,Private,84.0,Semi-Urban,10624,27769.0
85,Male,19.6,Yes,0,1,0,0,Medium,13661,5.6,8,4,2,5,,0.0,Rural,2251,27163.0
67,Female,31.8,Yes,0,1,0,0,Low,4179,5.7,3,1,0,3,,0.0,Urban,13185,14650.0
41,Male,37.8,No,0,0,0,1,Medium,4370,6.4,7,4,1,0,Government,78.0,Rural,16812,17498.0
36,Male,24.1,No,0,1,0,1,Medium,12696,7.6,5,3,1,0,Private,88.0,Rural,3261,14121.0
77,Male,19.5,No,0,0,0,0,Low,13233,5.4,10,2,1,6,Government,61.0,Semi-Urban,14799,20165.0
56,Male,24.0,No,0,0,0,0,Low,7818,4.4,10,3,1,6,,0.0,Urban,7956,18227.0
35,Male,26.1,No,0,0,1,0,Low,6906,6.1,10,9,0,1,Private,71.0,Urban,13429,16912.0
36,Female,28.8,Yes,0,1,0,0,Low,11115,4.3,4,1,2,6,Private,88.0,Semi-Urban,12810,28427.0
53,Male,23.0,Yes,0,0,0,0,Low,6138,7.5,2,4,0,3,Private,80.0,Urban,16190,14007.0
72,Female,33.8,Yes,0,0,0,0,Low,13008,8.8,6,2,0,5,Private,76.0,Urban,17640,16746.0
86,Male,20.4,No,1,0,0,0,Low,4091,7.3,4,5,1,1,Private,72.0,Urban,2242,15105.0
64,Female,17.3,No,0,0,0,1,Medium,10968,5.4,4,3,1,3,Government,75.0,Urban,16114,18533.0
66,Male,31.5,No,0,0,0,0,Medium,9963,4.9,5,3,1,7,,0.0,Urban,10892,19333.0
50,Female,14.6,Yes,0,0,0,0,Low,5656,5.2,9,5,1,5,Private,89.0,Rural,4785,19673.0
38,Female,25.0,Yes,0,1,0,0,High,4577,5.1,1,2,0,4,Private,80.0,Urban,4148,11954.0
39,Male,41.6,Yes,0,0,1,0,Medium,7297,5.6,5,3,1,5,Private,90.0,Urban,6153,24074.0
65,Male,25.9,No,0,0,1,1,Medium,2538,4.5,5,2,1,5,Private,71.0,Semi-Urban,3714,21491.0
54,Male,20.4,No,0,0,0,0,High,3867,8.5,2,5,0,3,Government,64.0,Semi-Urban,18232,11962.0
32,Female,25.7,No,0,0,0,0,Low,4549,8.4,3,1,0,1,Private,79.0,Urban,11147,6555.0
52,Female,25.7,No,1,0,0,0,Medium,7527,7.1,4,4,0,4,Private,91.0,Semi-Urban,12134,13551.0
88,Male,26.8,No,0,1,0,0,Medium,9995,4.3,1,1,2,3,,0.0,Urban,9888,22530.0
49,Male,29.3,No,1,0,0,0,Low,5776,8.0,10,4,0,2,Private,73.0,Urban,10645,12753.0
28,Female,20.8,Yes,0,1,0,0,Low,12461,4.3,3,5,2,1,Government,70.0,Semi-Urban,1947,22168.0
27,Female,34.4,No,0,1,0,0,High,1178,4.5,1,4,2,4,,0.0,Semi-Urban,3060,21490.0
74,Male,27.2,No,0,0,1,0,Low,9806,5.6,1,4,0,2,Government,74.0,Urban,17877,16059.0
42,Female,29.6,No,0,0,0,0,High,2754,6.2,9,2,1,4,Government,76.0,Semi-Urban,9372,16340.0
19,Male,22.9,Yes,0,0,0,0,Medium,8695,5.8,4,10,2,5,Government,50.0,Rural,525,25024.0
81,Male,32.4,No,0,0,0,0,Medium,9238,4.8,4,3,2,3,Government,56.0,Rural,1212,19356.0
52,Male,24.7,Yes,0,0,0,0,Low,9015,4.6,4,2,1,3,Private,93.0,Urban,19303,20572.0
24,Female,27.4,No,0,0,0,1,Medium,7701,8.3,9,11,0,4,Private,78.0,Urban,685,12408.0
35,Female,21.3,No,0,0,0,0,Low,12875,5.8,8,6,1,4,Private,72.0,Rural,12239,18211.0
84,Female,21.0,No,0,1,0,0,Low,7326,5.1,4,2,2,3,Private,82.0,Semi-Urban,2845,21163.0
59,Female,29.4,No,0,0,0,1,High,7497,6.4,6,3,1,6,Private,72.0,Urban,16834,21812.0
56,Male,23.8,No,0,0,0,1,Low,3534,4.2,2,2,2,7,Government,75.0,Urban,6870,24195.0
58,Female,21.7,No,0,0,0,0,Medium,9407,7.0,6,3,0,6,,0.0,Semi-Urban,7474,11253.0
41,Male,22.8,No,0,0,0,0,High,3939,5.2,1,5,2,0,Government,69.0,Urban,2853,16560.0
77,Male,29.5,Yes,0,0,1,0,Low,14734,7.0,5,5,2,7,,0.0,Rural,2700,31835.0
63,Male,22.9,No,0,1,0,0,Medium,6765,7.1,8,3,1,7,Government,54.0,Rural,17720,23663.0
36,Female,25.4,No,0,1,1,0,Medium,3899,8.0,1,4,2,5,Private,86.0,Semi-Urban,14248,30556.0
85,Male,26.1,No,1,0,0,0,Medium,3876,5.1,2,5,0,4,Private,78.0,Semi-Urban,2644,11376.0
59,Male,16.4,No,0,0,1,0,High,14296,6.3,3,3,0,0,Government,78.0,Urban,3794,9610.0
49,Female,18.6,No,0,0,0,0,High,10428,8.8,7,5,0,7,Private,75.0,Urban,8950,13223.0
56,Male,27.7,No,1,0,0,0,Medium,2007,7.6,8,5,0,6,Private,72.0,Semi-Urban,4369,14162.0
53,Female,22.3,No,0,1,0,0,Medium,5829,8.9,4,6,1,3,Government,58.0,Urban,18110,20762.0
53,Female,31.3,No,0,1,0,0,Medium,7464,8.6,8,4,1,2,Private,80.0,Urban,18770,20430.0
20,Female,30.8,Yes,0,0,0,0,Medium,11330,7.1,1,2,2,7,Government,55.0,Urban,19213,28688.0
25,Male,29.6,Yes,0,0,0,0,Medium,9057,5.3,3,7,0,2,Private,94.0,Semi-Urban,9756,12315.0
87,Female,35.1,No,0,0,0,0,Low,13602,7.8,4,4,1,6,,0.0,Urban,16536,20954.0
58,Female,25.6,No,0,0,0,0,Low,3159,7.5,5,4,1,6,,0.0,Urban,7053,17444.0
85,Female,29.2,No,1,0,0,0,High,4184,6.9,9,3,1,1,Private,84.0,Urban,11080,18200.0
30,Female,23.1,Yes,0,0,0,0,Low,9565,7.5,2,6,0,1,Government,68.0,Rural,6144,9736.0
66,Male,38.3,No,0,0,0,0,Medium,2286,7.1,7,5,0,7,Private,83.0,Rural,5089,12996.0
77,Female,35.9,No,0,0,0,0,High,9559,6.6,3,2,0,3,Private,85.0,Urban,9413,9241.0
19,Male,26.1,No,1,0,1,0,Low,5473,6.1,10,1,0,4,Private,79.0,Semi-Urban,17819,19609.0
77,Female,27.9,No,0,0,0,1,Medium,14116,4.2,2,10,0,2,,0.0,Urban,12877,13740.0
22,Male,32.8,No,0,0,1,1,Low,5920,8.3,9,2,1,7,Private,85.0,Urban,14340,26426.0
61,Female,25.3,Yes,0,0,0,0,High,4925,8.3,3,7,1,6,Private,83.0,Urban,3021,20085.0
44,Male,22.7,No,0,0,1,0,Low,5769,7.0,8,2,0,4,Private,82.0,Urban,8601,14741.0
49,Female,30.4,No,0,1,0,0,Medium,14907,5.3,1,6,0,6,,0.0,Rural,3476,12335.0
38,Male,26.4,No,1,0,0,0,Medium,4116,4.1,5,2,2,0,Private,91.0,Semi-Urban,4830,19301.0
25,Male,26.9,Yes,0,1,0,0,Medium,2294,4.0,5,3,0,3,Government,73.0,Urban,7359,13115.0
89,Male,21.8,No,0,0,0,0,Low,4976,4.4,6,4,2,5,Government,73.0,Semi-Urban,5132,22774.0
67,Female,17.4,Yes,1,0,0,0,Medium,7865,5.8,7,5,2,1,Private,84.0,Semi-Urban,10917,26837.0
84,Male,27.2,No,0,0,0,0,Low,7390,4.9,3,5,1,3,Government,75.0,Urban,7123,15633.0
61,Male,30.5,Yes,0,0,0,0,Low,1173,5.3,5,2,2,1,Government,72.0,Urban,5134,21275.0
75,Male,24.9,Yes,0,0,0,0,Medium,13323,7.5,8,5,2,3,Government,51.0,Semi-Urban,5883,25012.0
20,Male,33.2,Yes,0,1,0,0,Low,13589,8.8,6,6,1,3,Private,74.0,Urban,5423,20023.0
87,Female,22.5,Yes,0,0,0,0,Medium,8325,5.0,2,3,0,7,Private,77.0,Rural,17467,17855.0
19,Male,20.7,Yes,1,0,0,0,High,8818,6.3,7,4,0,7,Private,75.0,Urban,7955,17488.0
61,Male,25.7,No,0,0,0,1,High,5981,9.0,3,1,0,1,Government,63.0,Urban,10383,8406.0
19,Male,25.6,Yes,0,0,0,0,Medium,11272,8.7,10,2,2,0,,0.0,Rural,14342,23251.0
52,Female,29.8,No,0,1,0,0,Low,4834,5.8,9,2,1,3,Private,74.0,Urban,15977,19727.0
47,Male,22.1,Yes,0,1,0,0,Medium,3429,5.6,4,3,1,2,Private,83.0,Urban,4051,17418.0
25,Male,32.8,No,0,0,1,0,High,7567,5.2,4,2,0,3,Government,76.0,Urban,2526,11242.0
39,Male,35.8,No,0,0,0,0,High,9005,4.8,4,6,1,4,,0.0,Urban,8267,16734.0
61,Male,25.8,Yes,0,0,0,0,Medium,14994,6.3,10,1,1,7,,0.0,Semi-Urban,9150,21739.0
75,Female,32.2,No,0,1,0,0,High,8789,5.7,10,4,1,7,Government,70.0,Semi-Urban,19020,25372.0
53,Male,20.7,Yes,0,0,0,0,High,14990,7.7,8,0,3,2,Government,79.0,Semi-Urban,3098,26810.0
86,Male,31.4,No,0,1,0,0,High,11965,5.2,1,5,1,4,Government,73.0,Urban,2766,16892.0
48,Female,31.2,No,0,0,0,0,Medium,8462,7.7,3,3,2,1,Government,75.0,Semi-Urban,19533,22356.0
64,Female,30.3,Yes,0,1,0,0,High,9884,5.4,8,3,1,1,Private,89.0,Rural,13975,20981.0
72,Female,25.9,No,0,0,0,0,High,13882,7.0,7,5,0,1,,0.0,Urban,18824,12064.0
79,Male,11.2,Yes,0,0,0,0,Low,12221,7.2,6,5,0,7,Private,78.0,Semi-Urban,5509,15369.0
47,Female,22.8,No,0,0,0,0,High,1873,7.4,7,2,1,5,Government,78.0,Urban,14410,18147.0
72,Male,22.9,No,0,1,0,0,Low,13606,4.9,1,3,2,4,Private,82.0,Urban,12290,24414.0
33,Female,21.1,No,0,1,1,0,Medium,4096,5.4,8,1,2,1,Private,84.0,Urban,4891,24560.0
29,Male,26.6,No,0,1,0,0,Medium,9949,5.2,4,6,0,2,Government,77.0,Urban,14656,12575.0
34,Female,23.9,Yes,0,1,0,0,Medium,4624,6.9,1,4,0,7,,0.0,Rural,10669,16998.0
33,Male,21.9,Yes,0,0,0,0,High,6553,4.4,4,6,0,6,Private,89.0,Urban,11340,15719.0
29,Female,20.7,Yes,0,1,0,0,Medium,11298,6.6,2,5,0,1,Government,63.0,Urban,5659,11099.0
25,Male,22.4,No,0,1,0,1,Low,13464,4.4,5,4,0,6,Private,94.0,Urban,3713,13186.0
20,Male,31.6,Yes,0,0,0,0,Low,2565,5.7,1,1,1,3,,0.0,Urban,1716,13863.0
33,Male,22.7,No,0,0,1,1,Medium,4116,7.4,1,8,1,4,Government,79.0,Urban,10518,23596.0
47,Male,23.4,No,0,0,0,0,Medium,12715,6.1,5,8,3,4,Private,91.0,Urban,9804,29983.0
40,Male,23.7,Yes,0,0,0,0,Low,9500,5.4,2,2,0,4,Private,91.0,Urban,8020,11317.0
22,Male,27.7,No,0,1,0,0,Medium,9345,7.1,9,6,2,4,Government,64.0,Urban,18797,28310.0
82,Male,28.3,No,0,0,0,0,Low,10158,7.7,10,3,1,7,Private,89.0,Semi-Urban,18131,22728.0
47,Male,10.8,No,0,0,0,0,Medium,2163,5.3,7,5,0,0,,0.0,Urban,5700,6374.0
38,Female,31.1,No,0,0,1,0,Low,3816,5.5,4,3,2,7,,0.0,Urban,17724,31610.0
87,Male,33.2,No,0,0,1,0,Medium,9576,7.2,7,4,2,1,,0.0,Urban,5624,25223.0
39,Male,20.7,No,0,0,0,0,Low,12911,8.8,8,4,1,3,,0.0,Urban,6873,15063.0
89,Female,21.1,No,0,1,0,0,Low,3795,5.1,8,7,1,3,Government,67.0,Rural,10470,20354.0
49,Male,23.7,No,1,0,1,0,High,13911,7.3,8,7,1,5,Government,57.0,Urban,5332,25191.0
50,Female,22.2,Yes,0,1,0,0,Medium,2056,8.5,5,5,1,6,Government,75.0,Urban,13213,24430.0
33,Male,27.1,No,1,0,0,0,Medium,10923,6.3,7,1,1,4,Private,80.0,Semi-Urban,11307,18365.0
55,Female,16.3,Yes,0,1,0,0,Medium,12634,5.6,7,6,1,3,Government,64.0,Rural,8950,21474.0
31,Female,20.4,Yes,0,0,0,0,Medium,8345,7.3,2,4,3,1,Government,60.0,Urban,6286,26918.0
53,Male,33.7,No,0,0,0,0,Medium,10861,4.2,3,3,0,2,,0.0,Urban,11553,8937.0
40,Female,21.4,No,0,0,0,0,Medium,5076,5.8,2,3,1,3,Private,72.0,Urban,7689,13749.0
83,Male,32.2,No,0,1,0,0,Medium,13219,5.3,3,7,0,5,Government,70.0,Urban,8114,14460.0
19,Male,27.8,Yes,1,0,0,1,Low,4774,5.1,9,3,1,0,Government,71.0,Urban,12127,20852.0
82,Male,17.0,No,1,0,0,0,Low,2459,4.9,7,4,2,4,Private,76.0,Semi-Urban,5064,24369.0
84,Male,29.2,No,0,1,0,0,High,9133,7.7,4,8,1,2,Government,70.0,Urban,10982,19451.0
69,Female,25.4,Yes,0,0,0,0,High,1005,8.8,8,10,1,5,Government,61.0,Rural,11043,24055.0
79,Male,23.7,No,1,0,0,0,Low,5786,5.9,7,3,1,6,Private,87.0,Urban,16768,23221.0
40,Female,27.2,No,1,0,0,0,Low,7938,4.2,10,0,3,2,Private,91.0,Semi-Urban,16593,30694.0
43,Female,28.4,No,0,0,0,0,Low,10833,7.6,6,5,2,4,Private,88.0,Rural,7424,22339.0
85,Male,29.5,Yes,0,0,0,0,Medium,9168,6.7,4,2,2,4,Government,60.0,Urban,6690,24392.0
72,Male,31.9,Yes,0,0,0,0,Low,9109,7.6,5,6,2,3,,0.0,Semi-Urban,15814,27941.0
23,Male,28.0,No,0,1,0,0,Medium,4829,7.2,10,4,0,6,Government,53.0,Urban,524,11857.0
52,Male,19.1,No,0,0,0,0,High,8034,8.5,8,3,3,4,,0.0,Urban,15215,30178.0
39,Female,23.6,No,0,0,0,0,High,6350,4.7,3,3,2,7,Private,76.0,Urban,11356,24295.0
60,Male,40.7,Yes,0,0,0,0,Low,6520,4.8,3,2,2,0,,0.0,Urban,5159,20369.0
32,Female,29.6,No,0,0,0,0,High,7870,5.7,5,2,1,1,Private,83.0,Rural,11865,13688.0
77,Male,37.8,No,0,0,0,0,Medium,5880,6.5,9,4,0,2,Private,81.0,Semi-Urban,9164,10423.0
29,Male,33.0,Yes,1,1,0,0,Low,9808,8.6,5,2,2,4,Private,70.0,Semi-Urban,3866,27230.0
66,Male,27.2,No,1,1,0,0,Medium,10077,8.5,1,6,1,3,,0.0,Rural,11236,21007.0
59,Male,27.5,No,0,1,0,0,Medium,3070,8.4,5,9,0,7,Government,51.0,Rural,18335,19706.0
55,Female,25.8,Yes,0,0,1,0,High,7950,5.1,9,1,0,7,Government,57.0,Semi-Urban,584,17849.0
62,Female,17.3,No,0,1,0,0,Low,1160,7.6,7,8,1,4,Private,92.0,Urban,14109,21792.0
52,Male,26.1,No,0,1,0,0,Low,10409,5.9,9,5,0,0,Government,73.0,Rural,7436,9854.0
47,Female,32.1,No,0,0,0,0,Medium,5178,8.7,10,4,1,4,Government,73.0,Urban,6582,16678.0
47,Female,23.0,No,0,0,0,0,High,1167,5.1,10,4,1,0,Government,67.0,Urban,18498,16779.0
23,Male,28.1,No,0,0,0,0,High,4912,4.7,5,3,1,4,,0.0,Semi-Urban,19479,18547.0
84,Male,30.3,No,0,0,0,0,Low,3702,8.2,3,1,0,7,Private,82.0,Urban,10080,12213.0
24,Female,21.5,No,0,1,0,0,Low,3602,7.6,2,0,0,6,Government,65.0,Urban,11817,11870.0
69,Female,23.7,No,1,0,1,0,High,5439,8.1,9,2,0,1,Government,75.0,Rural,5172,14543.0
31,Female,20.9,Yes,0,0,0,1,Medium,5107,4.8,5,1,0,3,,0.0,Urban,17472,14789.0
32,Female,21.9,No,0,0,1,0,High,4605,8.4,1,8,0,5,Government,53.0,Urban,10548,16861.0
38,Male,19.6,Yes,0,0,0,0,High,10745,7.4,2,5,0,6,Government,51.0,Semi-Urban,19828,17496.0
52,Male,21.5,Yes,0,0,1,1,Low,1449,7.3,2,3,1,0,Government,50.0,Urban,7143,20928.0
83,Female,33.1,No,0,1,1,0,Medium,5669,6.9,4,8,1,4,,0.0,Urban,7054,24969.0
19,Male,21.4,No,0,0,1,0,Low,5027,7.8,6,5,0,2,Government,73.0,Rural,14525,15179.0
52,Female,26.6,No,0,1,0,0,High,7734,6.1,8,5,2,7,Government,59.0,Semi-Urban,13641,29130.0
37,Female,23.5,No,1,0,1,0,Medium,3537,4.7,3,6,0,0,,0.0,Semi-Urban,14631,16334.0
27,Male,31.9,No,0,0,1,0,High,14478,6.7,10,6,0,1,Government,60.0,Rural,17637,16988.0
42,Female,32.6,No,0,0,0,0,High,3709,7.7,10,4,0,1,Government,53.0,Semi-Urban,19333,12018.0
83,Female,30.3,No,0,1,0,0,Low,13752,4.8,6,4,1,2,Private,94.0,Urban,2432,15699.0
42,Male,27.5,No,0,0,0,0,Low,3957,5.1,4,5,1,4,Government,61.0,Urban,13825,17813.0
71,Male,24.8,No,0,0,0,0,Medium,3664,7.5,8,2,1,4,Private,85.0,Urban,4333,15064.0
50,Female,20.0,No,1,0,0,0,High,2789,5.3,9,5,0,4,Government,70.0,Semi-Urban,11124,14437.0
53,Female,35.7,No,0,1,0,0,High,5102,4.8,9,5,2,4,Private,76.0,Semi-Urban,3539,24193.0
31,Male,22.2,No,0,0,0,0,High,4234,8.4,6,1,3,5,Private,74.0,Semi-Urban,12739,28708.0
82,Female,29.3,Yes,1,0,0,0,Medium,14506,4.8,2,1,1,5,Private,86.0,Urban,19086,24545.0
71,Female,31.3,No,0,0,0,0,Low,1318,5.7,2,3,3,4,,0.0,Rural,6793,27197.0
69,Male,23.2,No,0,0,0,0,Low,3177,6.1,10,4,2,6,Private,86.0,Semi-Urban,9186,25232.0
20,Male,31.2,No,0,1,0,0,Low,11348,6.4,9,5,0,2,,0.0,Rural,12337,12437.0
58,Male,29.8,Yes,0,1,0,0,Medium,11745,5.8,5,7,0,5,Government,58.0,Rural,13831,19003.0
23,Male,34.6,No,0,0,0,0,High,1428,8.6,7,7,1,6,Government,69.0,Urban,11737,20019.0
42,Male,23.7,No,0,1,0,0,Low,13531,7.3,6,2,1,5,Private,71.0,Urban,18452,21087.0
30,Male,19.6,Yes,0,1,0,0,High,11677,5.8,9,8,3,1,Private,86.0,Urban,4069,31209.0
25,Female,23.5,No,0,0,0,0,Low,13594,5.8,5,4,3,7,Private,77.0,Urban,14736,31826.0
38,Female,27.0,No,0,1,0,0,Low,1900,6.5,8,2,1,2,Private,89.0,Urban,1754,14096.0
85,Male,26.3,No,0,0,0,0,Medium,10812,4.2,4,3,0,3,Private,79.0,Semi-Urban,19961,12877.0
42,Male,24.0,No,0,0,0,0,Medium,8422,8.6,7,6,1,3,Government,62.0,Urban,18418,19285.0
85,Female,16.5,No,1,0,0,0,High,12590,5.1,9,5,0,0,Government,54.0,Urban,8110,10928.0
62,Female,28.4,No,0,0,1,0,Medium,1748,7.5,2,4,0,4,Government,58.0,Urban,15645,16985.0
77,Female,35.9,No,0,0,0,0,Low,7144,7.9,9,4,0,1,Government,52.0,Urban,9599,9697.0
29,Male,28.3,No,0,1,0,0,High,5872,8.1,8,3,3,7,,0.0,Urban,3592,30907.0
49,Male,29.0,Yes,0,1,1,0,High,5289,4.8,10,4,0,0,Government,78.0,Semi-Urban,5610,17133.0
30,Female,28.9,Yes,0,1,1,0,Medium,8531,6.7,1,2,0,5,Government,51.0,Semi-Urban,10216,19532.0
48,Male,28.0,Yes,1,0,1,0,Low,11603,4.4,10,8,1,3,Private,71.0,Urban,9413,28724.0
37,Male,30.7,No,0,1,0,0,Low,2027,8.0,7,2,2,7,Government,71.0,Rural,1373,23873.0
35,Male,28.0,No,1,0,0,1,Low,13436,6.4,5,1,1,0,Government,52.0,Urban,5818,14685.0
77,Female,24.4,Yes,1,0,1,0,Low,12324,4.8,5,9,0,5,Private,91.0,Urban,2535,22132.0
80,Female,22.0,Yes,0,0,1,0,High,12033,7.6,7,4,3,3,Private,79.0,Urban,12533,37420.0
23,Male,24.8,No,0,0,0,0,Low,2140,5.7,10,4,1,3,Private,85.0,Semi-Urban,10460,16342.0
49,Male,27.6,No,0,0,0,0,Medium,9100,4.6,4,6,0,2,,0.0,Semi-Urban,6107,8440.0
60,Male,24.4,No,0,0,0,0,Medium,9429,6.3,1,1,0,0,Government,72.0,Semi-Urban,8850,5187.0
19,Male,27.6,No,0,1,0,0,High,14449,5.2,6,4,4,7,Private,88.0,Urban,1597,36087.0
77,Male,28.2,No,1,1,0,0,Low,5825,8.8,1,5,1,3,,0.0,Rural,6447,19420.0
40,Female,30.2,No,0,1,0,0,Medium,5553,5.8,1,2,4,1,Private,80.0,Rural,18870,35167.0
48,Male,32.4,No,0,0,0,0,Low,11724,6.9,8,3,0,7,Government,73.0,Rural,5300,11922.0
22,Male,26.4,Yes,0,1,0,0,Low,2754,8.7,4,1,0,3,Government,67.0,Semi-Urban,14405,14154.0
51,Male,19.5,Yes,1,1,0,0,Low,7992,6.0,5,2,0,6,Private,80.0,Rural,15531,20364.0
27,Female,24.3,Yes,0,0,0,0,Medium,14001,5.8,10,4,0,6,Private,71.0,Semi-Urban,13618,16754.0
19,Female,26.2,No,1,1,0,0,Low,2610,4.8,10,6,1,6,Private,74.0,Rural,12473,24608.0
28,Male,16.8,No,1,0,0,0,Medium,12310,8.7,1,6,1,2,Private,76.0,Semi-Urban,4402,15085.0
67,Female,32.9,Yes,0,0,0,0,Low,5439,8.0,10,4,1,7,,0.0,Urban,8539,23089.0
48,Female,26.7,No,0,0,0,0,High,14650,5.1,7,3,0,0,Private,72.0,Urban,11180,7715.0
73,Female,27.9,No,0,0,0,0,Medium,10679,5.7,2,7,0,3,Private,83.0,Urban,5117,9432.0
26,Female,32.8,No,0,1,0,0,High,5758,8.6,6,7,1,4,,0.0,Semi-Urban,1432,17134.0
38,Female,22.8,Yes,0,0,0,0,Low,7519,6.7,9,6,2,4,Private,78.0,Urban,19899,29814.0
45,Female,28.9,No,0,0,0,0,High,12386,6.8,2,4,1,7,Government,68.0,Urban,13622,19454.0
79,Male,25.5,No,0,1,0,0,Medium,1245,7.2,6,4,2,7,Government,74.0,Urban,12746,28569.0
24,Female,25.1,Yes,0,1,0,0,Low,10469,7.8,5,6,3,3,Private,89.0,Urban,3749,31158.0
33,Female,22.1,No,0,0,0,0,Medium,7842,8.7,2,1,2,0,,0.0,Urban,14889,18590.0
21,Male,34.3,Yes,0,0,1,0,Medium,8058,8.0,9,2,3,5,Private,72.0,Semi-Urban,922,34326.0
21,Male,24.1,Yes,0,0,0,0,High,11520,8.7,2,4,2,2,Government,69.0,Urban,17724,25060.0
57,Male,29.5,No,1,0,0,0,Medium,2556,8.1,1,3,1,1,Government,74.0,Urban,8809,15368.0
34,Male,16.6,No,0,0,0,0,Low,2557,4.2,9,4,0,5,Government,75.0,Urban,19923,14555.0
69,Female,31.9,No,0,0,0,0,Low,3222,4.6,9,5,0,0,Private,75.0,Semi-Urban,9225,8904.0
69,Female,31.3,Yes,0,1,1,0,Medium,14502,8.4,9,2,1,6,Private,87.0,Urban,14523,30076.0
53,Female,26.5,No,1,1,0,0,Low,3332,4.1,8,6,1,2,Government,69.0,Semi-Urban,9502,20806.0
55,Female,24.9,No,0,0,1,0,Medium,9496,8.0,4,4,1,6,Government,72.0,Urban,7049,22162.0
67,Male,28.0,No,0,0,0,1,Medium,12114,8.2,9,5,2,7,Government,57.0,Urban,5090,26607.0
80,Female,37.4,No,0,0,1,0,High,9984,6.1,2,3,2,3,Private,88.0,Rural,590,23899.0
80,Female,17.2,Yes,0,0,0,0,Medium,9598,5.8,1,2,1,1,Private,73.0,Semi-Urban,15617,17601.0
79,Male,29.9,No,1,0,1,0,Medium,13619,5.0,10,1,0,0,Private,73.0,Rural,5668,14077.0
24,Female,21.4,No,0,0,0,0,Low,11544,4.2,7,1,4,7,Private,89.0,Urban,14528,36880.0
44,Female,25.9,No,0,0,0,0,Low,11229,7.7,6,6,2,3,,0.0,Urban,8075,22080.0
31,Female,24.8,No,0,0,0,0,High,3966,4.4,3,3,0,1,,0.0,Urban,3639,5056.0
88,Female,23.9,Yes,0,0,0,0,High,11908,8.7,2,2,1,3,Government,67.0,Rural,2190,15734.0
22,Male,25.9,Yes,0,0,0,0,Medium,12012,5.5,8,8,2,4,Government,64.0,Semi-Urban,3026,25125.0
72,Male,20.3,No,0,0,0,0,High,13838,8.0,4,4,1,5,Government,65.0,Urban,2674,15251.0
19,Male,31.1,No,0,0,0,0,Medium,12234,4.3,6,2,1,4,Private,87.0,Urban,2566,13283.0
79,Male,17.0,No,0,0,0,0,High,5002,6.7,4,1,2,2,Private,79.0,Semi-Urban,12421,20616.0
38,Male,28.7,Yes,0,0,0,0,Low,2360,5.7,9,6,0,1,Government,62.0,Semi-Urban,3558,10688.0
38,Female,24.4,No,1,0,0,0,Medium,10245,4.2,5,4,1,4,Government,67.0,Urban,8050,18207.0
27,Female,20.1,No,0,0,0,1,Medium,1439,7.3,6,7,1,6,,0.0,Semi-Urban,16249,22318.0
75,Male,27.0,No,0,0,0,0,Medium,5353,8.7,9,2,1,3,,0.0,Urban,3131,14249.0
56,Male,18.2,Yes,0,1,0,0,Low,1782,4.1,6,1,1,2,Government,58.0,Urban,7303,18057.0
22,Male,26.2,Yes,0,0,0,0,Medium,3610,5.4,2,2,1,4,Private,70.0,Rural,14327,18924.0
82,Female,18.9,No,1,0,0,0,Medium,11006,7.5,1,3,1,7,Private,71.0,Urban,10471,20848.0
30,Male,28.3,No,0,1,0,0,Low,1233,8.4,9,5,2,6,Government,71.0,Urban,13751,28174.0
70,Female,21.4,No,1,1,0,0,Medium,11265,5.0,2,3,0,2,,0.0,Urban,9556,12609.0
62,Female,23.7,No,0,0,0,1,Medium,7666,4.4,2,3,0,5,Government,68.0,Urban,11208,12413.0
49,Female,27.5,No,1,1,0,0,High,11623,4.0,4,2,0,7,Government,68.0,Rural,11524,16962.0
53,Female,22.1,Yes,0,0,0,0,Medium,5488,5.1,10,9,0,1,Private,83.0,Semi-Urban,17001,16223.0
77,Male,25.7,Yes,0,1,0,0,Low,9653,4.4,10,7,1,4,Government,64.0,Rural,5960,23099.0
28,Female,18.4,Yes,0,0,0,1,Medium,2751,5.8,3,9,0,4,Private,86.0,Rural,15974,17804.0
80,Female,29.2,No,0,1,0,0,Low,1838,6.2,7,3,3,0,,0.0,Rural,11427,28504.0
38,Male,34.8,No,0,1,1,0,Medium,4209,6.4,7,6,0,6,Private,86.0,Rural,9583,20279.0
69,Female,40.0,No,1,0,0,0,Low,3784,4.7,3,3,0,7,Private,71.0,Rural,9726,15398.0
72,Female,26.5,Yes,0,1,0,0,Low,13397,6.3,3,3,0,0,,0.0,Semi-Urban,10669,12236.0
43,Female,29.9,No,0,0,0,0,Low,6594,4.0,9,2,0,1,,0.0,Semi-Urban,8867,7817.0
85,Male,17.1,No,1,0,0,0,Low,2351,5.2,7,4,2,6,Private,89.0,Rural,5750,26238.0
51,Female,33.5,No,0,0,0,0,High,1205,5.8,3,2,1,7,Private,74.0,Rural,6725,17042.0
69,Female,29.9,Yes,0,1,0,0,High,2094,4.6,3,4,3,1,Government,66.0,Rural,6399,30197.0
69,Male,23.6,No,0,0,0,0,Medium,13497,8.1,3,3,2,5,Government,51.0,Urban,10608,23070.0
46,Male,32.2,No,0,0,0,0,Low,1184,5.0,9,3,0,5,Private,72.0,Rural,10462,12025.0
55,Female,24.7,No,1,0,0,0,High,7745,7.8,8,2,2,7,Private,77.0,Semi-Urban,13113,28275.0
59,Female,23.7,No,1,0,0,0,High,7902,6.4,7,6,1,6,,0.0,Semi-Urban,19131,24730.0
38,Male,28.4,Yes,0,0,0,0,High,6502,6.4,8,5,1,0,Private,71.0,Rural,10747,17436.0
59,Female,20.7,No,0,1,1,0,Medium,11984,7.2,1,3,1,4,Private,78.0,Rural,12023,23008.0
30,Male,31.1,No,0,1,0,0,Low,14178,4.2,9,6,1,5,,0.0,Rural,6617,19718.0
81,Female,20.7,No,1,0,1,0,Low,13686,4.4,5,4,0,2,Government,55.0,Rural,13931,18120.0
34,Male,20.7,No,0,0,1,0,High,7688,5.6,5,4,1,6,Government,53.0,Urban,16654,24697.0
26,Female,21.5,Yes,0,0,1,0,High,6778,6.1,5,2,0,1,Government,73.0,Semi-Urban,8497,14314.0
58,Male,29.8,Yes,0,0,1,0,Medium,3729,6.1,9,3,0,0,Government,60.0,Urban,8393,15572.0
18,Male,22.9,No,0,0,1,0,Low,14265,7.4,5,5,1,2,Government,69.0,Urban,11693,20155.0
19,Male,19.3,No,0,0,0,0,Medium,8893,4.0,2,3,1,0,Government,64.0,Rural,5879,10323.0
77,Male,23.0,No,1,0,0,0,High,1313,8.8,6,2,1,3,Government,68.0,Rural,912,15404.0
65,Male,25.8,No,0,0,0,0,Medium,9419,4.9,7,4,2,4,,0.0,Urban,3743,21397.0
46,Female,20.1,Yes,1,1,0,0,Medium,7801,5.2,7,2,3,2,,0.0,Semi-Urban,14530,35182.0
27,Female,20.2,No,0,1,0,0,Low,14457,8.5,7,6,1,0,,0.0,Urban,15120,17482.0
75,Male,36.6,Yes,1,0,0,0,Low,4093,4.0,2,3,0,2,,0.0,Urban,3284,12283.0
77,Female,21.7,No,0,0,0,0,Medium,13149,9.0,6,4,1,5,,0.0,Urban,15344,19594.0
38,Female,24.4,No,0,0,1,0,High,5095,4.2,9,1,3,3,,0.0,Urban,621,29278.0
45,Female,24.2,No,0,1,0,0,Low,3739,4.6,1,5,1,6,Private,92.0,Semi-Urban,14542,20989.0
51,Female,23.9,No,0,0,0,0,Low,1926,5.2,3,4,1,7,,0.0,Urban,11897,19106.0
25,Female,29.1,Yes,1,1,0,0,Medium,4336,6.2,6,4,1,3,Government,72.0,Urban,7578,22346.0
76,Female,30.7,No,0,0,0,0,Low,4121,6.6,7,4,0,4,Government,60.0,Semi-Urban,12782,12476.0
89,Male,24.5,No,0,0,1,0,Medium,7885,4.5,2,4,2,0,Government,72.0,Semi-Urban,14114,25749.0
66,Female,19.8,No,1,0,0,1,Medium,8542,4.4,10,2,2,7,Private,72.0,Rural,1357,26721.0
34,Female,32.4,No,1,0,0,0,Medium,11300,4.2,8,4,0,0,Government,74.0,Semi-Urban,4094,8580.0
77,Female,25.5,No,0,0,0,0,High,3355,5.3,6,4,2,5,Government,61.0,Urban,15494,25753.0
62,Male,34.7,No,1,0,0,0,Low,9728,8.6,9,7,2,5,Government,62.0,Semi-Urban,1648,25875.0
86,Female,14.8,No,0,1,0,0,Medium,8374,5.9,9,3,1,0,Government,68.0,Rural,3368,14174.0
49,Female,27.0,No,0,0,0,0,Low,5170,7.8,9,3,1,7,Private,78.0,Rural,7480,18634.0
61,Female,35.6,Yes,0,0,0,1,High,6772,5.0,9,7,2,7,,0.0,Urban,1965,29578.0
82,Male,24.2,No,0,0,0,0,High,10633,4.3,2,6,0,1,Government,53.0,Semi-Urban,13820,10112.0
25,Female,24.9,Yes,0,0,1,0,Low,4399,6.8,10,3,1,6,Private,93.0,Urban,2405,23968.0
89,Male,27.5,Yes,0,0,0,0,Low,12544,8.1,10,2,2,7,,0.0,Urban,5746,27729.0
60,Female,23.2,Yes,0,0,0,0,Low,14914,8.5,7,4,1,6,,0.0,Urban,1389,19113.0
18,Male,24.4,No,1,0,0,0,Medium,12338,6.7,5,2,0,4,Government,79.0,Urban,17463,13831.0
68,Male,24.3,No,0,0,0,0,Low,6695,5.5,9,4,0,3,Government,62.0,Rural,663,8088.0
41,Male,22.9,No,1,0,1,0,Medium,7737,4.5,1,4,2,6,Private,94.0,Rural,9871,30568.0
41,Female,32.1,No,0,0,0,0,Medium,8929,7.3,10,8,1,4,Private,92.0,Urban,7243,18356.0
34,Male,28.3,No,0,1,1,0,Medium,1608,5.4,7,8,0,7,,0.0,Urban,6378,20642.0
22,Male,27.3,No,0,0,0,0,High,1611,8.2,10,5,0,7,Government,56.0,Urban,19252,16635.0
37,Male,30.0,No,0,1,0,1,Low,2020,7.0,5,4,1,1,Private,79.0,Urban,10797,17779.0
38,Male,24.7,No,1,0,0,1,High,14072,8.3,9,5,1,0,Government,56.0,Urban,13699,19411.0
75,Female,22.1,No,0,0,0,0,Low,1240,6.8,7,0,1,3,,0.0,Urban,4697,13372.0
48,Female,23.0,No,0,0,0,0,Low,3052,7.9,4,4,1,0,Government,74.0,Semi-Urban,1961,10638.0
28,Female,26.0,No,1,0,0,0,Medium,6334,5.5,8,8,2,7,Government,63.0,Urban,17995,31638.0
69,Female,20.7,No,0,0,0,0,Medium,2602,6.5,9,2,2,1,Government,71.0,Rural,9994,20399.0
32,Male,23.5,No,0,0,0,1,Low,11596,4.1,9,6,2,1,Government,66.0,Semi-Urban,2767,20675.0
24,Female,23.4,No,0,0,0,0,Medium,5489,7.0,10,4,1,6,Private,89.0,Urban,1110,15915.0
45,Male,36.6,No,1,0,0,0,Low,10606,6.7,4,3,0,0,Government,66.0,Semi-Urban,9143,9241.0
68,Female,12.1,No,1,1,0,0,High,1368,7.8,6,10,1,0,Private,77.0,Urban,1398,17842.0
75,Female,25.1,No,0,1,0,0,Medium,3076,7.6,4,1,0,2,Government,66.0,Semi-Urban,16924,12130.0
22,Female,34.6,No,0,0,0,0,Medium,10638,7.1,1,3,1,3,Government,79.0,Semi-Urban,4780,12712.0
22,Male,26.6,No,1,0,0,0,High,8109,4.3,6,6,2,3,,0.0,Urban,19050,27453.0
25,Female,29.8,No,0,0,0,0,Medium,9200,8.5,8,4,1,4,Government,55.0,Urban,14627,18182.0
81,Female,26.5,No,1,0,0,0,Medium,4516,4.1,6,4,2,5,Government,60.0,Semi-Urban,5380,25329.0
27,Female,22.7,No,0,1,0,0,Medium,5429,8.0,3,3,0,4,Government,50.0,Urban,620,8407.0
55,Male,14.8,No,1,0,1,0,Medium,6045,6.4,8,4,0,5,Government,55.0,Semi-Urban,3794,17382.0
25,Female,27.0,No,0,0,1,1,Low,11469,8.1,10,7,2,1,,0.0,Semi-Urban,13847,29564.0
42,Female,22.1,No,0,0,1,0,Low,9584,6.3,9,5,1,5,Private,92.0,Rural,4985,21799.0
83,Male,22.0,No,0,1,0,1,Low,2851,7.2,1,5,1,3,Private,71.0,Urban,15417,21045.0
67,Male,23.5,Yes,0,0,0,1,Medium,6427,5.8,6,8,0,1,Private,73.0,Urban,15404,16366.0
84,Female,34.7,No,1,0,0,0,Low,9970,7.7,10,3,0,0,Private,84.0,Rural,11779,11955.0
66,Female,38.0,No,0,0,0,0,Low,4431,5.3,8,2,1,7,Government,71.0,Urban,19432,22290.0
53,Female,27.1,No,1,0,0,0,Low,10890,7.6,2,5,1,3,Government,59.0,Urban,19521,21029.0
85,Male,23.7,No,0,0,0,0,Medium,12446,5.0,4,2,1,7,,0.0,Urban,19486,21457.0
58,Male,20.1,Yes,0,1,0,0,Medium,5482,7.6,1,7,1,6,Private,76.0,Urban,7464,22802.0
79,Male,28.3,No,0,0,0,1,Medium,7252,5.5,4,3,1,1,,0.0,Urban,18869,18390.0
27,Female,34.9,No,0,1,0,0,Low,7482,5.4,2,5,0,6,,0.0,Semi-Urban,7853,13143.0
38,Male,24.8,Yes,0,0,0,0,High,4271,8.1,3,3,1,2,Government,78.0,Semi-Urban,17716,19219.0
53,Female,14.1,No,0,0,0,1,Medium,12444,8.1,4,3,3,7,,0.0,Urban,12209,32246.0
29,Male,29.4,No,0,1,1,0,Medium,12803,7.5,3,7,0,5,Government,53.0,Semi-Urban,16688,20868.0
19,Male,30.9,No,0,0,0,0,High,11804,8.6,6,6,1,7,Private,94.0,Urban,14837,20958.0
30,Male,18.1,Yes,1,1,0,0,High,11037,4.8,7,6,0,5,Private,90.0,Rural,17992,21841.0
70,Female,26.9,No,0,1,0,0,Medium,4508,5.3,7,6,0,2,Government,65.0,Urban,12972,13499.0
49,Female,28.3,No,0,0,0,0,High,7976,5.5,1,2,2,3,Government,72.0,Semi-Urban,6543,19192.0
33,Female,25.6,Yes,0,1,0,0,Medium,4892,5.5,5,3,2,3,Private,83.0,Urban,17710,28341.0
49,Female,22.0,Yes,1,1,0,0,Low,4111,5.6,3,2,1,6,Government,53.0,Rural,6473,23282.0
49,Male,31.1,Yes,0,0,0,0,Low,5317,7.5,1,0,1,4,Government,51.0,Urban,10724,17530.0
28,Female,24.0,No,0,0,0,0,Medium,2866,5.4,1,4,0,5,Private,79.0,Urban,10127,10118.0
27,Male,18.6,Yes,0,0,0,0,Medium,10244,5.4,2,6,1,3,Government,73.0,Urban,5892,17066.0
32,Female,15.8,Yes,0,0,0,0,Medium,1926,6.9,10,3,0,4,,0.0,Urban,8454,13050.0
34,Female,32.3,No,0,0,0,0,High,4772,5.0,8,6,1,5,Government,72.0,Semi-Urban,760,15877.0
57,Male,29.1,No,1,0,1,0,Medium,14513,5.8,4,1,4,2,,0.0,Urban,12227,39981.0
35,Male,26.4,No,0,0,0,0,Low,12234,4.3,10,2,2,2,Private,79.0,Urban,1901,18462.0
72,Female,23.8,No,0,0,1,0,Low,6927,8.8,3,6,0,2,,0.0,Urban,3114,12688.0
42,Female,23.4,Yes,0,0,0,0,High,13417,5.6,8,2,1,7,Government,53.0,Urban,16433,23472.0
76,Male,20.6,No,1,0,0,1,High,3095,8.3,2,4,0,6,Private,87.0,Rural,4450,14273.0
39,Male,23.8,Yes,0,0,0,0,Medium,13032,6.6,9,4,1,0,Private,87.0,Urban,13796,18033.0
47,Male,15.4,No,0,1,1,0,High,10018,5.1,4,6,1,3,,0.0,Urban,8146,22446.0
61,Male,22.3,No,0,0,0,0,High,12679,5.0,9,4,0,7,Private,92.0,Urban,14149,15134.0
49,Male,24.4,Yes,0,0,1,0,High,5695,7.5,1,5,1,2,Private,86.0,Urban,17508,24764.0
68,Female,29.0,No,0,0,0,0,Low,1769,8.8,5,4,2,4,Government,77.0,Semi-Urban,4638,21421.0
63,Female,25.8,No,0,0,0,0,Medium,7714,4.9,10,4,1,6,,0.0,Rural,13426,20462.0
38,Female,30.0,Yes,0,0,0,0,Low,13162,4.6,7,5,1,4,Private,72.0,Urban,15890,22027.0
49,Female,32.7,No,0,1,0,0,High,9648,5.9,4,6,1,1,Government,57.0,Rural,13518,18016.0
56,Male,31.3,No,0,0,0,0,High,10264,6.0,5,3,2,1,Private,81.0,Urban,8944,19742.0
29,Male,28.4,No,0,1,0,0,Medium,3775,8.0,9,4,2,0,Government,51.0,Semi-Urban,8729,21451.0
64,Male,26.1,No,1,0,0,0,Medium,6367,6.3,6,4,2,4,Government,77.0,Urban,6382,24478.0
35,Female,21.1,No,0,0,0,0,Medium,7433,4.3,6,5,0,5,Government,55.0,Rural,4104,9764.0
38,Male,29.7,Yes,0,1,0,0,Medium,5630,8.6,2,5,1,1,Government,73.0,Semi-Urban,16000,20651.0
30,Male,34.4,No,0,1,0,0,Low,8698,5.9,1,1,0,3,Government,63.0,Rural,14948,11116.0
38,Female,27.7,No,0,0,0,0,Medium,11675,7.3,4,2,2,3,Government,53.0,Semi-Urban,9319,20387.0
25,Female,35.6,Yes,1,1,0,0,Low,6502,7.3,10,2,1,3,,0.0,Semi-Urban,7902,22639.0
63,Female,18.4,No,1,0,0,0,High,14407,4.3,3,7,0,6,Private,93.0,Semi-Urban,16258,17389.0
24,Male,20.2,No,0,1,1,1,Medium,11490,4.0,7,0,1,7,Private,92.0,Semi-Urban,2016,23191.0
40,Male,30.3,No,0,0,0,0,High,3971,4.4,7,4,2,3,,0.0,Semi-Urban,12843,22962.0
39,Female,27.3,Yes,0,1,1,0,Medium,13121,8.8,6,4,1,1,,0.0,Semi-Urban,9277,23982.0
39,Female,32.6,No,1,0,0,0,Low,5400,8.0,5,6,1,7,Government,69.0,Urban,3491,20305.0
46,Male,25.9,No,0,0,0,0,Low,14899,4.7,3,9,2,6,,0.0,Semi-Urban,14242,26970.0
30,Female,21.7,No,0,0,0,0,High,2642,7.1,4,3,0,0,Government,56.0,Rural,6250,5126.0
19,Male,24.9,No,0,0,0,0,Medium,2017,7.1,5,3,1,1,Private,75.0,Rural,5471,11768.0
46,Female,18.3,Yes,1,0,0,0,Low,14278,4.0,4,2,1,3,Private,86.0,Urban,9923,19946.0
69,Female,20.4,No,0,0,0,0,Low,14883,6.1,3,3,2,2,Private,71.0,Urban,14056,21609.0
44,Female,30.9,Yes,0,0,0,0,Medium,5042,7.6,2,0,0,5,,0.0,Rural,17188,14363.0
67,Male,30.4,No,0,1,0,0,Low,10655,4.9,5,6,3,5,Government,72.0,Urban,19424,35479.0
40,Male,27.8,No,0,0,0,0,Low,2511,8.3,2,3,1,3,Government,61.0,Urban,16980,16728.0
61,Female,17.4,No,0,1,0,0,Medium,6617,7.3,2,5,0,0,Private,84.0,Urban,19673,12044.0
39,Male,24.2,No,1,0,0,0,Medium,7275,4.0,2,3,2,4,Government,71.0,Urban,11326,24204.0
60,Female,19.9,No,1,0,1,0,Medium,12665,8.3,2,4,1,4,Government,57.0,Semi-Urban,11983,24092.0
54,Female,31.9,No,0,0,0,0,High,5471,4.1,8,3,0,3,Government,56.0,Urban,11069,10558.0
78,Male,23.1,No,1,0,0,1,Medium,12830,8.4,7,4,0,0,Private,85.0,Urban,5676,10956.0
73,Male,20.6,No,0,0,0,0,High,2721,5.7,9,4,1,1,Government,67.0,Rural,18301,17768.0
20,Male,26.1,No,0,0,0,0,Low,1686,7.5,3,5,0,7,,0.0,Urban,4291,10670.0
80,Male,22.8,No,1,0,0,0,Low,5466,7.9,1,6,0,6,Private,73.0,Rural,17262,17363.0
36,Female,33.4,Yes,0,0,0,1,Low,12675,5.4,6,5,1,0,,0.0,Semi-Urban,18324,20919.0
40,Male,22.3,Yes,0,0,0,0,Low,5250,5.8,9,1,1,5,Private,88.0,Urban,14967,21159.0
46,Male,19.0,Yes,1,1,0,0,High,7388,6.5,1,4,1,3,,0.0,Rural,9208,21952.0
47,Female,15.2,No,0,1,0,0,High,12824,6.9,1,6,0,1,Government,75.0,Urban,11142,10139.0
56,Female,25.8,Yes,0,1,0,0,Medium,13969,5.5,4,4,1,4,Government,55.0,Urban,11052,21810.0
42,Female,23.2,No,1,1,0,0,Medium,4277,9.0,10,4,2,7,Private,86.0,Rural,4311,28529.0
25,Female,18.9,No,0,0,0,0,Medium,6955,7.7,1,7,0,3,,0.0,Rural,8981,9161.0
75,Male,31.9,Yes,0,0,0,0,Medium,13131,5.4,9,3,0,4,Private,91.0,Semi-Urban,13182,15612.0
33,Male,29.3,No,0,1,0,0,Low,12136,7.2,6,2,1,3,Private,84.0,Urban,5186,15495.0
89,Female,25.9,Yes,0,0,0,0,Medium,4499,6.2,5,3,0,1,Government,65.0,Urban,19768,14487.0
18,Female,32.8,No,0,1,0,0,Medium,12110,8.3,5,3,1,0,Government,75.0,Urban,13114,15478.0
22,Male,29.3,No,0,0,1,0,Low,2444,5.6,2,5,1,5,Private,90.0,Semi-Urban,11198,22078.0
20,Male,21.9,No,0,0,0,0,Low,9279,4.9,3,8,1,5,Government,57.0,Rural,18760,20485.0
82,Male,20.8,Yes,0,0,0,0,Low,2529,4.2,7,3,0,4,Private,82.0,Urban,16198,15923.0
21,Male,30.1,No,0,1,0,1,Medium,12431,8.9,4,3,1,7,Private,93.0,Urban,640,18615.0
81,Male,28.0,No,0,1,0,0,Low,4185,5.8,6,3,2,1,Government,68.0,Urban,14417,23985.0
27,Female,26.8,No,1,1,0,0,Medium,1012,5.1,8,5,2,4,,0.0,Rural,9993,27642.0
38,Female,21.8,No,0,0,0,1,Medium,12120,6.5,1,4,2,6,Private,78.0,Semi-Urban,3842,22667.0
63,Female,29.0,Yes,1,0,0,0,Low,14989,5.5,6,4,3,2,Government,50.0,Semi-Urban,10390,33147.0
44,Female,22.2,No,0,0,0,0,High,6276,5.2,1,5,0,1,Government,60.0,Semi-Urban,14405,8868.0
83,Male,25.5,No,0,1,0,0,Medium,9511,7.1,8,6,2,1,Government,58.0,Rural,6330,23124.0
58,Female,33.2,Yes,0,0,1,0,Low,5387,4.4,4,4,1,0,,0.0,Rural,5686,20262.0
30,Male,22.7,No,0,0,1,0,High,14927,6.5,5,2,1,0,,0.0,Rural,2704,14892.0
26,Male,18.1,No,0,0,0,1,Low,5868,5.9,10,1,0,3,Government,52.0,Semi-Urban,2841,8215.0
53,Male,20.7,No,0,0,0,0,High,10875,6.7,2,4,2,0,Government,79.0,Urban,19778,21614.0
75,Male,31.0,Yes,1,0,0,0,Medium,6596,5.6,3,1,4,7,Private,72.0,Semi-Urban,610,38713.0
71,Male,27.3,No,0,0,0,0,Low,6770,6.9,7,4,2,5,Government,78.0,Semi-Urban,4994,22737.0
29,Male,25.4,No,1,0,0,0,Medium,14211,4.4,7,3,1,3,Government,66.0,Semi-Urban,19843,20795.0
31,Male,23.5,No,0,1,1,0,Low,14744,5.9,8,7,0,5,Government,58.0,Urban,4298,18014.0
51,Female,28.4,Yes,0,0,0,1,Low,11641,5.2,3,5,1,0,Government,74.0,Semi-Urban,11619,18458.0
70,Male,21.8,No,0,0,1,1,Low,5253,6.2,2,3,2,0,Government,67.0,Urban,5210,23717.0
37,Female,27.5,No,0,0,0,1,Low,9575,6.0,2,2,1,5,Government,65.0,Urban,2592,15043.0
33,Female,22.3,No,1,1,0,0,Medium,13685,7.2,6,4,1,3,Private,84.0,Urban,7241,19201.0
87,Male,21.5,No,0,0,0,0,High,7199,7.1,2,1,0,2,Government,78.0,Semi-Urban,15429,9414.0
73,Male,22.8,No,0,0,0,0,High,2096,6.1,4,7,2,1,Government,75.0,Urban,19703,24455.0
75,Female,24.1,No,0,0,0,0,Low,1969,4.9,9,2,1,6,Private,70.0,Urban,16833,20673.0
21,Female,25.8,No,0,0,0,0,Medium,7903,6.9,10,3,1,5,Private,73.0,Semi-Urban,18046,19808.0
21,Female,27.2,No,1,1,0,0,Low,3520,8.8,3,8,0,7,Government,54.0,Rural,2164,15785.0
37,Female,7.6,No,0,1,1,1,Medium,4251,4.9,1,5,3,3,Government,51.0,Rural,2361,32776.0
27,Male,22.0,No,0,0,1,0,High,12866,4.3,2,2,1,2,Private,71.0,Urban,3331,15999.0
41,Male,24.0,Yes,0,0,0,0,Low,1193,5.3,10,4,1,5,,0.0,Urban,4961,19628.0
43,Male,33.5,No,1,0,0,0,High,12036,6.1,10,5,0,0,Private,74.0,Semi-Urban,1066,8685.0
54,Female,20.6,Yes,0,0,0,0,High,8551,5.5,7,5,2,6,Private,92.0,Semi-Urban,2611,25681.0
71,Male,26.8,No,0,1,1,0,Medium,14047,8.2,9,4,3,3,Government,57.0,Urban,14901,37494.0
38,Female,33.5,No,0,0,0,0,Medium,2252,6.5,9,4,2,2,Private,89.0,Urban,4427,20093.0
55,Male,19.4,No,1,0,0,0,Medium,1794,5.2,4,6,1,2,,0.0,Semi-Urban,6903,17053.0
63,Female,28.0,No,0,1,0,1,High,11914,8.8,8,5,1,5,Private,83.0,Semi-Urban,9397,22019.0
21,Male,22.0,No,0,0,0,0,Medium,2626,4.6,1,4,1,5,Government,52.0,Urban,16882,17945.0
77,Male,23.5,No,0,0,0,0,Low,14950,4.6,6,3,0,7,Private,82.0,Semi-Urban,16572,15217.0
74,Female,22.0,No,0,0,0,0,Medium,12033,5.2,8,4,2,1,Government,74.0,Semi-Urban,10724,21357.0
62,Female,22.3,No,0,0,0,0,Low,6190,4.4,2,6,0,6,,0.0,Urban,16411,14432.0
37,Female,39.6,No,0,1,0,0,High,9282,7.8,8,7,1,0,Government,68.0,Urban,6085,16154.0
34,Female,30.2,No,0,0,1,0,High,12869,5.6,4,4,1,5,Government,66.0,Urban,16508,23938.0
88,Female,31.5,No,0,0,0,0,Medium,8243,7.6,2,5,0,6,Private,82.0,Urban,1391,10322.0
21,Male,28.5,No,0,0,0,0,Medium,14927,7.8,4,4,1,4,,0.0,Semi-Urban,880,13139.0
31,Female,18.0,Yes,0,0,0,0,High,8364,5.2,8,7,0,5,,0.0,Urban,15848,17314.0
20,Male,28.0,No,1,1,0,0,Low,5172,6.6,4,3,2,2,,0.0,Semi-Urban,5339,22942.0
75,Male,31.4,No,1,0,0,0,Medium,12711,6.6,8,6,1,3,Private,94.0,Urban,4472,18684.0
72,Male,21.7,No,0,1,0,0,Medium,2320,8.4,7,5,1,7,Government,55.0,Urban,5582,20766.0
21,Male,30.8,No,0,1,1,0,Medium,4459,4.1,5,4,1,6,,0.0,Semi-Urban,7711,24057.0
41,Male,29.5,No,1,1,0,0,Low,3369,5.6,8,3,2,5,,0.0,Semi-Urban,2178,25658.0
51,Female,35.3,Yes,0,1,0,0,Medium,3468,8.4,2,5,2,6,Private,91.0,Urban,17374,31491.0
47,Female,23.9,No,0,0,0,0,Medium,11785,5.2,3,4,2,0,Government,59.0,Semi-Urban,4812,17301.0
36,Male,20.5,No,1,1,0,1,Low,10849,4.7,4,2,1,4,Private,83.0,Semi-Urban,5659,19833.0
48,Male,24.2,No,0,0,0,0,Low,12569,6.9,10,8,2,4,Government,59.0,Urban,12490,25833.0
77,Female,33.2,No,0,0,1,0,Low,5037,5.5,5,4,3,4,Private,77.0,Semi-Urban,6081,33160.0
77,Female,16.9,Yes,0,0,0,0,Low,1345,6.3,5,6,3,5,Private,92.0,Urban,15744,35170.0
36,Male,15.7,No,0,0,0,0,Medium,13073,8.1,1,4,2,2,Private,81.0,Semi-Urban,15772,21323.0
66,Female,26.4,No,0,0,0,0,Medium,2664,6.6,1,3,1,1,Private,78.0,Urban,12488,14058.0
80,Female,23.8,No,1,0,0,1,Low,4873,6.6,1,2,1,6,Private,94.0,Urban,3111,19047.0
39,Female,26.0,No,0,0,0,0,Medium,11964,5.4,5,2,1,6,Government,59.0,Urban,3917,15335.0
41,Male,30.7,No,0,0,0,0,Medium,1649,8.0,2,3,2,4,Private,75.0,Urban,17325,23738.0
47,Female,23.2,No,1,0,0,0,Low,6380,7.7,3,7,2,4,Government,75.0,Urban,19605,28618.0
75,Male,16.6,No,0,1,1,0,Medium,14657,5.2,8,5,0,7,Private,94.0,Rural,3130,19137.0
48,Male,36.2,Yes,0,0,1,1,Medium,8851,5.6,10,3,2,6,,0.0,Rural,18241,37018.0
81,Male,21.0,No,0,0,0,0,Low,11898,7.9,8,2,0,7,Private,77.0,Semi-Urban,6116,12085.0
36,Male,20.7,Yes,1,0,0,0,Low,7292,5.8,10,5,3,5,Private,77.0,Semi-Urban,13105,36772.0
65,Male,31.5,No,0,0,0,1,High,2912,6.0,2,8,2,3,,0.0,Urban,5821,23491.0
62,Female,24.1,Yes,0,0,0,1,Medium,8196,5.8,8,4,2,4,Government,74.0,Semi-Urban,13909,29036.0
72,Male,25.7,No,0,0,0,0,Medium,12877,4.8,9,5,0,0,Private,87.0,Rural,8454,8547.0
72,Male,28.4,Yes,0,0,0,0,Medium,14774,5.7,10,5,1,1,Private,79.0,Urban,18179,21546.0
35,Male,31.4,No,0,0,0,0,High,7095,8.0,10,4,0,6,Private,73.0,Semi-Urban,8889,12709.0
80,Female,24.3,No,0,0,0,0,High,9050,6.5,6,4,2,1,,0.0,Urban,16928,23007.0
64,Female,33.6,No,0,1,0,0,Low,14053,6.3,1,4,1,4,Government,79.0,Urban,2438,16019.0
74,Female,15.3,No,0,0,1,1,Medium,11001,4.8,3,5,1,2,Private,78.0,Rural,4072,19861.0
62,Female,29.8,No,0,1,0,0,Medium,9058,4.9,5,8,2,2,Private,91.0,Urban,11725,25451.0
50,Female,21.8,No,0,1,0,0,Low,6680,4.2,3,2,0,6,,0.0,Urban,5868,11614.0
34,Female,32.9,No,0,0,0,0,High,4260,4.1,3,10,1,4,Private,85.0,Urban,11578,18940.0
87,Female,26.7,No,1,1,0,0,Medium,3112,6.4,9,4,0,4,Government,72.0,Semi-Urban,19417,19466.0
21,Male,22.6,No,1,1,0,0,Low,10674,6.0,5,1,1,5,Private,82.0,Semi-Urban,8827,19646.0
37,Male,29.3,Yes,1,0,0,0,High,9867,5.4,8,4,0,2,,0.0,Urban,8569,14490.0
64,Female,30.5,No,0,0,0,0,Low,1475,9.0,7,5,0,7,Private,70.0,Semi-Urban,2716,12010.0
32,Male,29.2,No,0,0,1,0,Low,1325,6.0,4,8,0,4,,0.0,Urban,4190,14973.0
87,Male,20.9,Yes,0,0,0,0,Medium,8686,7.9,3,2,1,7,Private,86.0,Urban,13684,22472.0
64,Female,23.6,No,0,0,0,0,Low,4263,5.1,3,2,1,3,Private,73.0,Urban,10356,14895.0
26,Male,26.0,No,0,1,0,0,Medium,9039,5.2,2,1,0,3,Private,78.0,Rural,4172,7752.0
33,Male,25.8,Yes,0,1,0,0,Low,3135,6.8,5,8,0,4,,0.0,Semi-Urban,15320,18430.0
86,Female,29.7,No,0,0,1,0,Low,5253,4.0,2,3,2,2,Government,53.0,Urban,10626,25999.0
78,Male,15.9,No,0,1,0,0,Low,10488,4.1,2,3,0,7,Private,77.0,Semi-Urban,1430,11666.0
27,Female,27.7,Yes,0,1,0,0,Medium,6035,4.7,4,3,0,3,Private,93.0,Rural,3610,11854.0
67,Female,24.6,No,0,0,0,0,Low,9135,5.1,6,4,0,5,Government,69.0,Urban,585,9054.0
20,Male,21.8,No,0,0,0,1,Medium,1281,6.6,6,4,1,5,,0.0,Rural,16728,20372.0
87,Male,22.3,No,0,0,0,0,High,1656,7.4,8,3,0,7,Government,74.0,Urban,16043,15622.0
68,Male,24.9,No,1,1,0,0,High,3210,5.6,6,2,1,2,Private,81.0,Semi-Urban,18508,21759.0
36,Female,8.0,No,0,1,0,0,Medium,12437,5.2,6,2,2,5,Private,92.0,Urban,5625,22648.0
59,Female,22.5,No,0,0,0,0,Medium,10092,8.1,4,5,3,6,Private,90.0,Urban,4975,28948.0
52,Female,21.6,No,1,0,0,0,Medium,8468,4.8,5,3,0,7,Private,78.0,Rural,5992,13786.0
63,Male,28.7,No,0,1,0,0,Medium,13618,7.4,7,9,2,4,Government,53.0,Urban,19618,30206.0
43,Male,22.0,No,0,1,1,0,High,1143,8.7,10,6,0,4,Private,82.0,Semi-Urban,1113,16454.0
86,Female,24.9,Yes,0,0,0,0,High,4369,5.2,9,5,2,4,Private,87.0,Semi-Urban,5309,26060.0
81,Male,33.7,No,0,0,0,0,High,4933,4.4,4,3,1,3,Government,75.0,Semi-Urban,18952,18717.0
54,Male,31.0,No,0,1,0,0,High,8355,8.9,10,7,1,1,Government,50.0,Semi-Urban,13381,19624.0
66,Female,30.5,Yes,0,0,0,0,Low,11679,5.4,1,3,1,1,Government,53.0,Rural,10656,16632.0
38,Female,23.5,No,0,0,0,0,Medium,3535,5.4,6,5,0,5,Government,51.0,Rural,2285,9350.0
81,Male,28.7,Yes,1,1,0,0,High,10605,6.4,2,1,1,1,Private,70.0,Semi-Urban,8188,20037.0
22,Female,24.8,No,0,0,1,0,High,10235,5.2,7,3,2,3,Government,58.0,Urban,3745,24307.0
87,Male,25.0,No,0,1,0,1,High,14523,9.0,6,2,1,2,Government,58.0,Semi-Urban,1353,15996.0
21,Female,28.0,No,0,0,0,0,Medium,11775,4.2,9,2,0,5,Private,79.0,Semi-Urban,13488,11906.0
56,Female,23.0,Yes,0,0,0,0,Medium,12866,6.3,6,6,0,1,,0.0,Semi-Urban,2042,9823.0
52,Female,33.5,No,1,0,0,0,Low,14875,6.7,6,2,1,1,Government,78.0,Urban,14004,17546.0
18,Male,25.2,Yes,0,0,0,0,Medium,1649,6.3,4,4,1,5,Government,71.0,Semi-Urban,1797,17055.0
41,Male,29.1,No,1,0,1,0,Medium,5760,6.6,9,4,0,5,Private,85.0,Rural,2440,17325.0
74,Female,33.3,No,0,0,0,0,High,4291,8.9,3,5,0,6,,0.0,Urban,11060,13197.0
87,Female,31.2,No,1,0,0,0,High,8121,8.4,1,4,1,0,Government,57.0,Urban,3075,13899.0
58,Female,19.0,No,0,1,0,0,Medium,12113,5.5,10,5,0,5,,0.0,Rural,3523,12787.0
71,Male,28.2,No,0,0,0,0,Low,9364,6.8,8,4,0,4,Government,74.0,Rural,5310,10259.0
63,Female,30.3,Yes,0,0,0,0,Medium,4021,4.0,8,2,1,1,,0.0,Urban,4405,15690.0
77,Female,30.5,No,0,0,0,1,Medium,3048,6.0,1,3,0,1,Government,51.0,Urban,777,6388.0
77,Female,20.4,No,0,0,0,0,Low,13270,4.8,9,6,2,2,,0.0,Rural,15855,24708.0
74,Female,22.7,No,1,0,0,0,Low,12288,7.6,2,2,1,4,,0.0,Semi-Urban,16895,20130.0
48,Male,31.0,Yes,0,0,0,0,High,6323,5.1,6,4,2,7,Government,70.0,Semi-Urban,9144,28033.0
41,Male,22.2,No,0,1,0,0,Low,12119,7.7,9,4,3,6,,0.0,Semi-Urban,18667,35286.0
53,Female,24.5,No,0,0,0,0,Low,2894,5.6,6,5,0,3,Private,77.0,Semi-Urban,1669,7896.0
47,Male,33.9,No,0,0,0,0,Medium,6320,8.6,7,8,0,3,Government,65.0,Semi-Urban,14195,13215.0
41,Male,25.8,No,1,0,0,1,High,4976,6.2,9,5,1,0,Private,91.0,Rural,19125,21131.0
47,Male,22.4,No,0,0,0,0,High,14225,8.2,5,3,0,2,Private,89.0,Urban,3039,6324.0
24,Female,21.6,Yes,0,0,0,0,High,12454,7.1,1,2,2,2,Private,84.0,Semi-Urban,14365,23037.0
52,Male,27.7,Yes,0,1,0,0,Medium,1408,8.9,9,4,1,4,Private,89.0,Semi-Urban,15864,24230.0
72,Male,19.3,No,0,0,0,0,Medium,12741,7.7,10,5,1,7,Private,94.0,Urban,19171,23370.0
31,Male,24.8,No,0,0,1,0,High,4375,7.6,7,10,2,2,Government,67.0,Semi-Urban,4135,26604.0
27,Female,27.7,No,0,0,0,0,Medium,13214,5.3,8,4,1,7,Government,60.0,Urban,14712,20585.0
33,Female,32.5,No,0,1,0,1,Low,7887,6.5,2,5,1,6,Government,62.0,Urban,11529,21794.0
71,Male,29.3,No,0,0,1,0,Medium,8899,5.5,5,3,0,5,Government,54.0,Urban,3209,14462.0
87,Male,22.4,No,0,0,0,0,High,1577,4.1,8,8,1,7,Government,61.0,Urban,7398,21031.0
61,Female,31.9,No,0,0,0,0,High,9145,7.6,7,6,0,0,,0.0,Semi-Urban,944,6260.0
62,Female,24.5,No,0,1,0,0,Low,12799,5.2,7,2,0,7,Private,92.0,Urban,7503,14026.0
73,Male,19.8,No,0,0,0,0,Medium,5177,6.0,4,4,1,7,Private,71.0,Semi-Urban,11446,19488.0
74,Male,25.1,No,0,0,0,0,High,1602,5.4,2,3,0,6,Government,52.0,Semi-Urban,13161,12581.0
38,Female,33.2,Yes,0,1,0,0,Low,4755,5.0,10,4,1,7,Government,54.0,Semi-Urban,12127,25594.0
85,Female,26.8,No,0,0,0,0,Medium,7690,4.3,3,2,1,4,Private,70.0,Semi-Urban,18202,18565.0
67,Male,26.1,No,0,0,0,0,Medium,5069,5.7,9,3,2,2,,0.0,Urban,2125,19360.0
50,Female,34.2,No,1,0,0,0,Low,7320,4.4,4,5,2,2,,0.0,Semi-Urban,14401,25246.0
24,Male,18.8,No,0,1,0,0,Medium,6334,6.7,1,2,2,5,Private,78.0,Semi-Urban,3619,21130.0
87,Male,19.6,No,0,0,0,0,Medium,10179,4.1,10,2,1,7,Government,79.0,Urban,17242,21901.0
32,Male,17.9,Yes,0,0,0,0,Medium,5236,8.7,4,2,1,1,Private,88.0,Rural,4132,13817.0
49,Female,27.9,Yes,0,1,0,0,High,11507,8.8,8,5,0,5,Government,63.0,Rural,11972,18009.0
37,Male,26.8,No,1,0,1,1,Medium,5234,5.5,8,2,0,1,,0.0,Semi-Urban,16920,18820.0
32,Male,33.7,No,1,0,0,0,High,4118,5.3,10,7,2,6,Government,78.0,Rural,13879,29915.0
65,Female,27.2,No,0,1,0,0,Medium,2083,4.5,10,1,1,0,Government,54.0,Urban,13404,16537.0
88,Female,24.0,Yes,0,0,0,0,Low,11800,8.5,2,5,1,1,Private,71.0,Urban,13207,18642.0
38,Male,26.0,No,0,0,0,0,Medium,10779,6.9,10,5,0,2,,0.0,Rural,5703,8851.0
59,Male,26.6,No,0,0,0,0,Medium,2084,7.1,4,3,0,1,Private,86.0,Urban,4839,6230.0
43,Female,17.6,No,0,0,0,0,Low,2749,8.5,7,3,0,2,,0.0,Semi-Urban,6037,7399.0
31,Female,39.6,No,1,1,0,0,Low,4166,8.6,8,3,1,7,Government,56.0,Urban,13631,24797.0
74,Female,28.6,Yes,0,0,0,0,High,10847,8.1,1,5,2,4,Private,78.0,Urban,19601,28618.0
54,Male,27.1,No,1,0,0,0,Medium,4546,7.9,8,3,0,6,Private,84.0,Urban,19608,17875.0
75,Male,29.1,No,1,1,0,0,Low,9231,8.4,1,2,3,1,Government,75.0,Urban,1676,27176.0
38,Male,29.5,No,1,0,0,0,Low,14657,8.4,6,4,1,7,,0.0,Semi-Urban,7873,20907.0
86,Female,25.3,No,0,0,0,0,Low,2350,5.8,5,5,0,0,Private,81.0,Urban,10964,8768.0
20,Male,22.8,Yes,0,0,0,1,Medium,2994,8.9,10,4,2,3,Private,85.0,Urban,7109,25717.0
54,Female,29.0,No,0,0,0,0,Low,7580,7.5,7,4,0,6,Private,75.0,Semi-Urban,8975,12442.0
66,Male,27.9,No,0,0,0,0,Low,11645,5.9,6,4,0,6,Government,58.0,Semi-Urban,12793,13595.0
36,Female,22.0,Yes,0,0,0,0,Low,1743,6.2,10,4,0,2,Government,65.0,Semi-Urban,19886,15546.0
29,Male,33.1,No,0,0,1,0,Medium,4282,7.4,1,1,3,0,Private,72.0,Semi-Urban,4099,26403.0
78,Male,27.5,No,0,0,0,0,Low,5133,5.8,6,2,0,2,Private,92.0,Urban,19366,11795.0
58,Female,29.6,No,0,0,0,0,Low,7611,8.1,3,4,2,7,Private,87.0,Urban,11420,25274.0
50,Female,33.0,No,0,0,0,0,Low,11556,4.7,6,2,0,2,Private,75.0,Urban,15842,10343.0
67,Male,26.1,No,0,0,0,0,Low,10298,8.5,7,3,0,4,,0.0,Urban,4797,9362.0
85,Female,27.6,No,0,0,0,0,Low,4427,5.5,6,2,2,2,Government,65.0,Semi-Urban,16330,23027.0
88,Female,30.1,No,0,0,1,0,Medium,9821,4.8,9,4,2,3,Government,63.0,Semi-Urban,15278,30046.0
50,Male,22.4,No,0,0,0,0,Medium,5910,8.3,9,3,1,3,Government,53.0,Urban,15318,17667.0
41,Female,26.3,Yes,1,0,1,0,Low,13826,5.2,8,7,3,5,Government,63.0,Urban,4697,39918.0
78,Male,26.6,No,0,0,0,0,High,11448,8.2,5,6,1,3,Private,93.0,Urban,15205,18719.0
78,Male,21.2,No,0,0,0,0,Medium,4985,5.5,10,7,0,0,,0.0,Rural,17272,12178.0
45,Female,37.6,No,0,0,0,0,Low,6756,8.7,3,5,0,6,Private,93.0,Rural,17861,14786.0
75,Female,19.0,No,0,0,0,1,Low,8443,5.1,4,6,2,7,,0.0,Rural,17819,29716.0
60,Male,19.5,Yes,0,1,1,0,High,1491,4.3,10,8,0,6,Government,78.0,Semi-Urban,6361,23693.0
58,Male,32.6,Yes,1,1,0,1,High,7441,8.7,8,5,1,4,,0.0,Rural,19781,29872.0
56,Male,29.6,No,1,0,1,0,Low,8976,4.8,9,4,0,6,Government,71.0,Urban,10866,20968.0
66,Male,20.9,No,0,0,0,0,Low,13871,8.7,8,3,0,6,Government,66.0,Urban,4125,10785.0
34,Male,29.0,No,0,0,1,0,Medium,5153,8.1,10,2,3,0,Government,74.0,Urban,19484,33195.0
87,Male,33.3,Yes,0,1,0,0,Medium,10674,4.4,3,3,2,7,Government,60.0,Urban,14863,31598.0
87,Female,25.8,Yes,0,1,0,0,Medium,14942,6.2,7,4,2,0,Government,79.0,Semi-Urban,8588,25090.0
82,Female,39.0,No,0,0,0,0,Medium,2949,4.4,8,3,1,3,Private,84.0,Urban,7363,16219.0
22,Female,17.4,No,0,1,0,0,Low,11635,5.6,3,3,2,0,Government,68.0,Urban,8363,19271.0
19,Male,29.5,No,0,0,0,0,Low,6493,5.8,1,2,1,2,Private,93.0,Rural,1146,10209.0
39,Female,31.8,No,0,0,0,0,Medium,4133,7.0,7,2,2,6,,0.0,Rural,3760,21862.0
74,Male,30.5,No,0,1,0,0,High,12709,8.9,3,4,0,1,Private,87.0,Semi-Urban,9862,10354.0
83,Male,25.0,No,0,0,0,0,Low,3134,4.8,1,3,2,2,Private,71.0,Urban,15902,22181.0
33,Female,24.5,No,0,1,0,0,Medium,11053,5.6,7,5,0,7,Government,76.0,Urban,19685,18300.0
68,Male,28.2,Yes,0,0,0,0,Medium,1610,6.9,7,9,0,6,Government,72.0,Rural,3723,16123.0
56,Male,30.1,No,0,0,0,0,Low,8566,4.9,4,6,3,0,Private,81.0,Urban,2592,24001.0
57,Male,29.0,Yes,0,0,0,1,High,10339,7.6,2,7,0,4,Private,89.0,Urban,1126,13248.0
55,Male,31.2,No,0,0,0,0,Medium,7117,6.0,10,1,2,6,Government,77.0,Rural,1459,21674.0
77,Male,20.9,Yes,0,0,0,1,Medium,5741,8.7,5,3,2,2,,0.0,Semi-Urban,3383,23482.0
76,Male,24.9,No,0,0,1,0,Medium,11522,7.1,9,3,4,7,Government,58.0,Rural,13361,43875.0
27,Female,21.3,No,0,0,0,1,Low,3561,5.8,6,2,4,0,Government,74.0,Semi-Urban,14529,33038.0
81,Male,24.1,Yes,0,0,0,0,Medium,8045,7.6,10,3,2,4,Government,68.0,Urban,2124,24380.0
80,Male,31.1,No,0,1,0,0,Medium,1828,8.2,9,4,2,3,Private,94.0,Semi-Urban,18817,27978.0
66,Male,26.5,No,0,0,0,0,Low,2695,8.0,1,1,1,1,,0.0,Urban,16734,14535.0
81,Male,39.0,No,0,0,0,0,Medium,11396,5.3,2,3,3,0,Private,91.0,Urban,2786,23226.0
49,Female,27.0,No,0,0,0,0,Low,11465,6.1,6,3,3,5,,0.0,Semi-Urban,9149,28935.0
24,Female,26.3,Yes,0,0,0,0,Low,12072,6.3,3,2,3,2,Private,72.0,Urban,17482,30514.0
38,Male,26.5,Yes,1,0,0,0,Medium,6774,5.9,2,8,1,1,Government,54.0,Urban,1160,17803.0
37,Male,22.8,No,0,0,0,0,Low,4465,5.6,6,10,2,3,Private,89.0,Semi-Urban,11011,24327.0
43,Male,25.7,No,0,0,0,1,Medium,1265,7.8,7,8,2,3,Private,91.0,Semi-Urban,6289,24018.0
85,Female,31.6,No,0,0,0,0,High,2289,4.1,4,1,2,1,Private,78.0,Urban,3339,17650.0
32,Female,26.6,No,0,0,0,0,Low,12812,5.5,10,4,2,0,,0.0,Semi-Urban,16827,22086.0
31,Female,22.0,No,0,1,0,0,Medium,14599,4.7,9,4,0,0,Private,78.0,Urban,19176,12433.0
44,Female,21.4,No,1,0,0,0,Medium,6411,4.6,3,6,0,4,Government,71.0,Urban,16699,15232.0
57,Male,23.7,No,0,1,1,0,Medium,12583,5.4,2,4,0,4,Government,76.0,Semi-Urban,19102,19782.0
75,Female,26.4,Yes,0,0,0,0,Medium,1472,7.8,5,3,1,0,Government,79.0,Urban,5173,15044.0
45,Female,32.0,No,0,0,1,0,Medium,7542,8.8,9,3,0,2,,0.0,Urban,8303,13951.0
43,Male,19.3,Yes,0,0,1,0,Low,6192,6.6,1,4,2,7,Government,61.0,Semi-Urban,567,29009.0
80,Male,24.4,No,1,1,0,0,Low,11767,5.7,6,5,0,6,Government,54.0,Rural,3677,15935.0
83,Female,26.7,Yes,0,0,0,0,Medium,2896,8.1,8,3,0,3,Government,66.0,Semi-Urban,8696,13270.0
42,Female,16.8,No,0,0,0,0,Low,4154,4.3,7,5,1,6,Private,89.0,Urban,6888,17610.0
20,Female,21.8,Yes,1,0,0,0,High,7317,4.5,6,1,1,4,Private,76.0,Semi-Urban,9264,20133.0
89,Female,22.6,Yes,0,0,0,0,Medium,10081,5.7,3,6,0,1,Government,79.0,Semi-Urban,1327,9656.0
61,Male,22.0,No,0,1,0,0,Low,12691,6.2,9,2,1,5,,0.0,Urban,2524,17237.0
59,Male,27.0,No,1,1,0,0,Low,2611,8.0,5,4,1,5,Private,71.0,Semi-Urban,3394,20108.0
23,Female,25.2,No,0,1,0,0,Low,7434,8.6,1,3,1,1,Private,80.0,Urban,16868,16476.0
56,Female,23.2,No,0,0,0,0,Medium,5476,6.7,9,6,3,0,Government,57.0,Semi-Urban,15039,28528.0
69,Female,28.1,Yes,0,1,0,0,High,9377,6.5,10,5,0,1,,0.0,Semi-Urban,16612,17007.0
40,Female,34.6,No,0,0,0,0,Low,14316,5.1,9,2,1,1,Private,89.0,Urban,19516,17093.0
67,Female,34.2,Yes,0,0,0,0,Low,13197,6.3,1,4,0,0,Government,72.0,Rural,4965,8655.0
60,Male,16.4,No,0,1,0,0,Low,4333,8.6,7,6,0,7,Government,51.0,Urban,8183,15547.0
36,Male,28.9,No,1,0,0,0,Low,3226,6.0,9,3,2,5,,0.0,Semi-Urban,12254,26763.0
86,Male,25.1,Yes,1,0,0,1,Medium,4213,5.1,2,3,2,6,Government,74.0,Urban,14097,32102.0
68,Female,26.8,No,1,0,0,0,Medium,5015,5.7,10,7,1,5,Private,77.0,Semi-Urban,9850,22419.0
28,Female,24.0,No,0,0,1,0,Low,2291,6.6,6,6,0,6,Government,73.0,Urban,7214,16844.0
29,Male,26.6,No,1,0,0,0,Medium,11865,7.0,10,6,1,2,,0.0,Urban,4796,17317.0
25,Male,26.8,No,0,0,0,1,Low,3517,6.2,1,2,0,0,Private,74.0,Urban,19056,9521.0
41,Female,23.1,No,0,1,0,0,Low,14292,7.8,3,5,0,7,Government,52.0,Semi-Urban,15266,16293.0
58,Male,21.5,Yes,0,1,0,0,Low,12955,6.9,5,9,0,3,Government,50.0,Semi-Urban,3773,14937.0
53,Female,23.8,No,0,1,0,0,Medium,12240,7.3,7,4,2,6,Private,89.0,Rural,10997,26873.0
89,Female,27.2,No,0,0,0,0,Medium,9049,8.3,5,3,1,5,Government,55.0,Semi-Urban,17534,20056.0
72,Male,29.0,No,1,1,0,0,Low,14379,8.3,8,5,0,4,Private,94.0,Urban,2172,14262.0
26,Male,30.3,No,0,1,0,0,Low,3154,5.0,5,4,2,2,Private,86.0,Urban,11897,23198.0
64,Male,23.5,No,0,0,1,0,Low,8604,7.1,6,3,1,6,Private,74.0,Urban,8329,22684.0
32,Female,27.4,No,0,0,0,0,Low,4102,7.6,2,5,0,2,Government,78.0,Urban,10497,8611.0
65,Female,30.8,No,1,0,0,0,Medium,4618,4.7,5,4,0,6,Private,76.0,Semi-Urban,10755,15350.0
59,Male,31.8,No,0,0,0,0,Low,4843,8.2,7,0,0,5,Private,94.0,Rural,6854,9590.0
77,Female,25.7,No,0,0,1,1,Medium,1520,4.9,1,5,0,1,Government,50.0,Urban,15353,16417.0
87,Female,24.9,No,0,0,0,0,Low,2644,8.0,10,3,0,4,,0.0,Semi-Urban,15222,13454.0
29,Female,27.0,No,0,0,0,0,Medium,1654,4.8,9,6,2,4,Government,71.0,Urban,18384,26305.0
19,Male,20.3,No,1,0,0,0,Medium,1041,7.7,9,6,0,2,Private,77.0,Urban,15272,13871.0
24,Female,25.0,No,0,0,0,1,Medium,12103,4.7,8,2,0,3,Government,67.0,Urban,6512,9484.0
20,Male,29.7,No,0,1,0,0,Low,4784,5.9,9,7,1,3,,0.0,Semi-Urban,14485,20636.0
20,Male,29.2,No,0,1,0,0,Low,4951,4.7,5,5,2,1,Private,75.0,Urban,5890,20843.0
44,Female,24.6,No,1,0,0,1,Low,11015,5.4,7,3,0,1,Private,90.0,Rural,14192,13276.0
57,Male,27.1,No,0,0,1,0,Medium,14135,8.9,1,0,2,6,Private,71.0,Urban,10336,27054.0
50,Female,21.9,No,0,0,0,0,Low,6420,4.5,7,6,0,3,Government,73.0,Urban,19123,13594.0
18,Male,29.5,No,0,0,0,0,Low,11500,6.0,9,2,2,4,,0.0,Semi-Urban,17130,24184.0
25,Male,25.6,No,0,0,0,1,High,2513,7.4,3,4,1,7,Government,60.0,Urban,19618,22453.0
49,Female,24.6,No,1,1,0,0,Low,5766,4.5,9,6,1,3,Government,76.0,Rural,11903,22389.0
65,Male,24.2,No,1,0,0,0,High,4736,4.5,5,0,1,2,Private,71.0,Urban,3988,14322.0
21,Male,25.7,No,1,1,1,0,High,10472,4.7,9,1,2,0,Government,76.0,Rural,15278,29474.0
87,Male,23.8,Yes,1,1,0,0,High,5924,7.2,8,4,3,5,,0.0,Semi-Urban,1183,35509.0
36,Female,29.3,No,1,0,0,0,High,12330,8.5,7,4,2,6,,0.0,Semi-Urban,15393,28517.0
49,Female,24.0,No,0,0,0,0,Low,8892,8.1,10,1,2,0,Private,85.0,Urban,3554,17166.0
26,Male,34.0,No,1,0,0,0,Low,9411,8.9,6,2,2,0,Private,71.0,Urban,6190,19897.0
29,Male,33.3,No,0,0,0,0,Low,12586,6.9,2,5,1,4,Government,66.0,Urban,10105,16210.0
28,Male,21.5,No,0,0,0,0,Low,5009,8.8,7,2,0,7,Private,89.0,Urban,12315,12699.0
63,Female,26.3,Yes,0,1,1,0,Low,5959,5.5,2,2,1,7,Private,72.0,Urban,15041,29361.0
33,Female,22.7,No,1,1,1,0,High,12999,6.1,6,6,0,3,,0.0,Rural,11256,20218.0
18,Male,24.4,Yes,0,1,0,0,Low,11224,6.0,6,5,1,2,Private,88.0,Semi-Urban,9797,19831.0
80,Female,36.0,No,1,0,0,0,Low,2629,4.2,9,7,2,2,Private,78.0,Urban,16945,28464.0
38,Female,24.5,No,0,0,0,0,Medium,8226,8.1,10,6,0,1,,0.0,Urban,10753,9921.0
47,Female,27.8,No,0,0,1,0,Low,4249,4.1,4,2,0,4,Government,55.0,Semi-Urban,876,11837.0
30,Female,28.7,No,0,0,0,0,Low,1460,7.6,9,5,2,6,,0.0,Rural,17107,27193.0
51,Male,21.0,No,0,0,0,0,Low,1289,6.0,2,0,0,2,Government,68.0,Urban,5948,5434.0
21,Female,21.7,No,0,0,0,0,High,10327,4.0,5,4,2,1,Government,69.0,Semi-Urban,17019,21577.0
45,Female,20.0,Yes,0,0,0,0,Medium,11705,5.4,3,3,2,4,Government,58.0,Semi-Urban,8583,24075.0
76,Male,21.6,No,1,1,0,0,Medium,1223,5.7,6,3,1,7,Government,51.0,Rural,19595,26546.0
44,Male,11.7,No,0,1,0,0,Low,3445,8.8,2,6,0,2,,0.0,Semi-Urban,9820,10577.0
86,Female,28.7,No,0,0,0,0,High,8327,7.3,10,5,0,3,,0.0,Semi-Urban,18278,14464.0
42,Female,36.3,Yes,0,1,0,0,Low,1453,6.7,9,3,0,6,Government,50.0,Rural,2280,15413.0
20,Male,26.7,Yes,0,0,0,0,Medium,13650,4.6,4,6,1,2,Government,75.0,Urban,18075,20424.0
85,Male,18.9,Yes,0,0,0,0,High,3046,6.0,7,7,0,6,,0.0,Urban,18903,19938.0
42,Male,22.8,Yes,0,1,0,0,Medium,11914,4.2,5,2,2,5,Private,83.0,Urban,17497,29573.0
37,Female,23.7,No,0,0,0,0,Medium,6911,7.8,8,3,0,5,,0.0,Urban,8376,10764.0
51,Female,20.9,Yes,0,1,0,0,Low,13290,4.8,4,2,0,4,Government,53.0,Urban,13060,15365.0
43,Male,30.3,No,0,0,0,0,Low,13880,7.0,7,2,1,1,Government,64.0,Semi-Urban,2836,11620.0
22,Female,30.1,No,1,1,0,1,High,13067,7.5,5,4,1,4,Private,81.0,Urban,611,19326.0
78,Male,20.2,No,0,1,0,0,Low,9882,5.8,3,3,2,0,Government,60.0,Urban,13060,21884.0
26,Female,29.6,No,0,0,0,0,High,6479,7.2,8,4,0,6,Private,84.0,Urban,5991,11205.0
67,Male,33.6,Yes,0,0,0,0,Medium,10040,7.8,6,2,1,2,Private,80.0,Urban,11530,18407.0
23,Male,35.5,No,0,0,0,0,Medium,4386,4.9,4,5,0,6,,0.0,Urban,6228,10993.0
77,Female,40.3,No,0,0,1,0,Medium,5701,7.0,9,5,0,0,,0.0,Semi-Urban,2554,12315.0
61,Female,21.5,Yes,0,0,0,0,Low,5824,7.7,9,3,1,6,Private,84.0,Semi-Urban,8244,21138.0
28,Female,40.1,No,0,1,1,0,Low,7165,5.8,2,6,0,6,Private,87.0,Semi-Urban,5559,18031.0
83,Female,24.2,No,0,0,0,0,Low,3468,4.8,10,3,1,5,Private,76.0,Urban,12833,19436.0
64,Female,23.0,No,1,1,0,0,Low,7090,5.4,9,8,2,7,Government,72.0,Semi-Urban,587,29246.0
20,Female,27.6,No,1,1,1,0,High,14437,8.7,4,2,1,5,,0.0,Urban,15191,26885.0
47,Male,23.1,No,1,0,0,0,Low,10620,5.8,9,2,2,3,Private,76.0,Urban,16038,25944.0
38,Female,28.0,Yes,0,0,0,0,Medium,6774,4.5,10,5,1,1,Government,59.0,Urban,10949,18685.0
45,Male,19.4,No,0,0,0,0,Low,3315,4.4,8,1,1,5,Government,52.0,Rural,16928,18560.0
79,Male,24.8,Yes,0,0,0,0,Medium,4925,4.9,10,3,1,3,Private,81.0,Rural,15873,21686.0
50,Female,32.4,No,0,0,0,0,Medium,11807,4.6,3,8,0,4,Private,86.0,Semi-Urban,1424,9399.0
52,Male,25.7,No,0,0,0,0,Medium,1738,6.5,10,3,1,2,Private,73.0,Urban,17744,17934.0
69,Male,26.7,Yes,0,0,0,0,High,6225,5.7,7,6,0,1,Private,70.0,Semi-Urban,18754,15407.0
51,Female,28.4,No,0,0,0,0,High,5751,8.2,2,9,1,0,Government,77.0,Urban,19807,17814.0
58,Female,31.9,No,1,1,0,0,Medium,8796,8.4,2,6,6,0,Private,74.0,Urban,18664,51016.0
68,Female,17.7,No,0,1,0,0,High,3218,6.4,4,2,0,6,Private,73.0,Urban,11911,13864.0
64,Male,28.9,No,0,0,1,0,Medium,11544,8.4,10,5,1,4,Government,70.0,Urban,3994,21545.0
75,Female,24.7,No,0,0,0,0,High,8915,6.3,7,7,2,0,Government,56.0,Urban,4612,19825.0
74,Female,26.8,No,0,1,0,0,Medium,7543,7.2,4,3,1,4,Government,65.0,Rural,3929,16663.0
40,Female,31.3,No,0,1,0,0,Low,12431,4.8,2,4,2,1,,0.0,Urban,6137,20380.0
65,Female,20.0,No,0,0,0,0,High,8106,4.3,2,0,0,5,Government,68.0,Semi-Urban,14408,10622.0
39,Male,20.9,Yes,0,0,0,0,Low,1874,4.8,5,3,1,5,Private,74.0,Semi-Urban,16025,21414.0
34,Female,16.3,Yes,0,0,1,0,Low,9526,5.3,3,6,1,3,Private,93.0,Urban,7662,22868.0
86,Male,23.3,No,0,0,0,0,Low,6987,7.8,3,4,4,7,,0.0,Semi-Urban,992,34517.0
28,Female,32.7,No,0,0,0,0,Low,2178,4.9,1,2,3,2,Private,84.0,Urban,12596,25920.0
32,Male,25.4,No,0,0,1,0,Low,1629,4.7,3,6,1,3,Government,56.0,Urban,13843,21955.0
52,Male,19.3,No,0,0,1,0,Medium,7519,8.6,4,3,1,6,,0.0,Urban,10201,22479.0
50,Male,23.6,Yes,0,0,0,0,High,7014,7.4,6,3,0,3,Private,83.0,Rural,10288,12594.0
33,Female,18.6,Yes,1,0,0,0,Low,1080,6.4,6,3,0,2,Private,81.0,Rural,17161,15866.0
51,Male,20.4,No,0,0,0,0,Medium,1909,4.5,5,1,2,1,Private,77.0,Urban,16384,20747.0
83,Female,27.9,Yes,0,1,0,0,Low,9641,8.3,4,5,0,4,Private,81.0,Urban,1709,14010.0
57,Female,20.1,No,1,0,0,0,Low,4070,4.5,6,4,0,0,Government,61.0,Semi-Urban,16554,12009.0
45,Female,31.6,No,1,1,0,0,Medium,12162,7.1,5,4,1,2,Government,74.0,Urban,6446,18482.0
64,Female,25.6,Yes,1,0,0,0,High,6429,7.3,10,6,0,6,Private,80.0,Urban,17642,22041.0
56,Female,26.4,No,0,0,0,0,Low,5078,6.0,1,2,0,5,Government,50.0,Semi-Urban,6942,8995.0
87,Male,24.6,No,0,0,0,0,Low,2979,8.6,2,3,1,3,Government,58.0,Rural,10181,15532.0
37,Female,29.9,No,0,0,1,0,Low,5775,4.3,9,1,2,2,Private,81.0,Urban,13238,26408.0
18,Male,29.9,No,0,0,0,0,High,7828,8.1,10,5,1,1,Private,71.0,Urban,4941,13539.0
89,Male,27.7,No,1,0,0,0,Low,12587,6.8,4,4,0,7,Government,67.0,Urban,12581,16885.0
80,Male,28.8,No,0,1,0,1,Medium,1729,7.1,6,1,3,2,Government,67.0,Semi-Urban,18476,32707.0
84,Male,24.9,No,1,1,0,0,High,12491,8.9,5,3,2,0,Government,58.0,Urban,4068,22347.0
21,Male,28.7,Yes,0,0,1,0,Medium,12203,6.9,2,2,1,3,Government,60.0,Semi-Urban,10048,21895.0
75,Male,24.3,No,0,1,0,0,High,8905,8.0,1,1,0,0,Private,74.0,Urban,10152,7875.0
42,Male,26.0,Yes,1,0,0,0,High,4020,4.8,1,7,2,5,,0.0,Rural,500,26270.0
64,Female,24.6,Yes,0,0,1,0,Medium,10205,8.0,1,4,1,0,Private,70.0,Urban,11257,21195.0
55,Male,23.7,No,1,0,1,0,Medium,5775,7.8,6,5,1,0,Government,59.0,Rural,7886,20877.0
32,Female,22.6,No,0,0,0,0,Low,2320,8.8,10,2,0,7,,0.0,Semi-Urban,17856,15075.0
80,Male,28.3,Yes,0,0,0,0,High,7332,8.7,7,5,1,0,,0.0,Rural,9782,17784.0
38,Male,32.6,No,0,0,0,1,Low,4264,5.1,7,5,0,5,Government,60.0,Urban,2158,11285.0
74,Male,31.9,No,1,0,0,0,Medium,5608,6.3,9,4,0,2,Private,82.0,Urban,19179,15691.0
70,Male,19.7,Yes,0,0,1,0,Low,14320,8.6,3,5,0,2,Government,50.0,Urban,11841,17743.0
63,Female,32.4,No,0,0,0,0,Low,13874,7.2,9,7,2,7,Government,60.0,Urban,4422,25759.0
31,Female,24.4,Yes,0,0,0,0,Low,14135,6.3,1,3,1,3,,0.0,Rural,13756,18279.0
34,Female,29.0,No,0,0,0,0,Medium,3908,4.5,2,1,1,5,Private,86.0,Semi-Urban,19908,18322.0
56,Male,21.5,Yes,0,0,0,0,Low,4043,5.8,7,3,1,6,Government,51.0,Semi-Urban,14394,22483.0
26,Male,26.7,No,0,1,0,0,Low,3190,7.3,2,7,0,4,,0.0,Urban,8813,12365.0
23,Male,27.6,Yes,0,0,0,0,Low,6946,7.9,10,7,0,4,Government,78.0,Urban,9158,15035.0
40,Female,18.6,No,0,0,0,0,Low,11433,6.2,4,6,1,0,Government,75.0,Semi-Urban,11936,14139.0
76,Male,29.0,No,1,0,1,1,Medium,11761,4.3,2,7,0,5,Government,52.0,Semi-Urban,9772,21522.0
63,Female,32.7,No,0,1,0,0,Low,4504,7.2,2,5,1,1,Government,57.0,Urban,10512,16595.0
55,Female,25.1,No,1,0,0,0,Low,8306,8.6,1,2,2,0,Government,52.0,Semi-Urban,18211,22816.0
31,Male,32.8,Yes,0,0,0,0,Medium,14341,6.5,9,5,0,1,Private,91.0,Semi-Urban,11440,12636.0
89,Male,25.1,No,1,0,0,0,Medium,10494,8.6,10,5,0,1,Private,81.0,Semi-Urban,16736,14854.0
79,Female,30.2,Yes,0,1,0,0,Medium,9981,5.8,3,9,1,5,,0.0,Semi-Urban,9802,24627.0
52,Female,14.9,No,0,0,0,0,High,9114,8.4,1,4,0,0,Private,87.0,Semi-Urban,1418,3712.0
36,Female,38.1,Yes,1,0,0,0,Low,14353,7.9,10,5,2,5,,0.0,Semi-Urban,18743,32986.0
47,Male,33.5,No,0,0,0,0,High,12491,8.8,6,5,0,3,Government,76.0,Rural,13537,11606.0
42,Male,24.6,No,0,0,0,0,Medium,8964,8.0,8,4,1,7,Government,59.0,Rural,11045,19692.0
57,Male,16.1,No,1,0,0,0,Medium,2964,5.6,7,1,0,1,Private,83.0,Semi-Urban,16679,11727.0
31,Male,27.4,Yes,0,1,0,0,Medium,14791,8.5,7,6,0,0,Government,63.0,Urban,13996,14441.0
43,Male,18.8,No,1,0,0,0,Low,9608,7.3,2,3,0,6,Private,72.0,Semi-Urban,2953,11210.0
39,Male,28.2,No,0,0,0,0,Low,12464,4.8,4,3,0,0,Private,75.0,Semi-Urban,4277,4909.0
65,Female,28.1,No,0,0,0,0,Medium,2344,4.2,6,4,0,0,,0.0,Urban,10672,8145.0
68,Female,21.3,No,0,0,0,0,Low,3737,5.8,2,1,1,1,Private,73.0,Semi-Urban,19612,15483.0
20,Female,31.6,No,0,0,0,0,Medium,11607,7.9,5,3,0,2,Government,69.0,Rural,12174,8800.0
59,Male,30.0,No,0,0,0,0,Medium,3645,7.1,5,3,1,5,Private,88.0,Semi-Urban,5662,15979.0
36,Female,30.9,No,0,0,0,0,Low,11799,6.6,3,4,0,7,Government,51.0,Urban,3458,10484.0
45,Male,26.0,No,0,0,0,0,Low,1804,4.0,2,6,1,1,,0.0,Urban,17608,16562.0
62,Male,18.9,No,0,0,0,0,Low,11957,6.2,7,5,1,2,Private,76.0,Urban,14518,17162.0
88,Female,30.9,No,0,1,0,0,Low,9021,4.8,8,8,0,2,Private,93.0,Semi-Urban,6857,13144.0
80,Male,24.6,No,1,0,0,0,Low,11144,6.3,4,4,3,3,Government,61.0,Semi-Urban,14454,31974.0
36,Female,19.1,No,0,1,0,0,Low,7021,9.0,4,1,0,4,Government,63.0,Semi-Urban,6406,9615.0
64,Female,32.8,No,0,0,0,1,Low,12589,8.4,9,3,1,0,Government,79.0,Urban,12570,16535.0
31,Male,36.5,No,1,0,0,0,Low,5918,5.6,4,4,1,0,Private,78.0,Urban,19102,18346.0
55,Female,25.8,No,0,0,0,0,Low,11155,7.0,10,6,0,5,Government,75.0,Urban,5383,11889.0
70,Female,36.8,No,1,0,1,0,High,5405,6.5,3,2,2,1,Government,74.0,Rural,15166,28754.0
78,Female,26.5,No,0,0,0,0,High,5798,4.7,1,4,0,6,Private,75.0,Urban,19673,14857.0
53,Female,24.1,Yes,0,1,0,0,Low,14672,8.9,3,2,0,6,,0.0,Semi-Urban,6411,14906.0
57,Male,22.8,Yes,0,1,0,0,Low,3575,6.1,5,2,3,4,Private,74.0,Urban,13231,33793.0
47,Female,34.2,Yes,0,0,0,0,Medium,7783,6.5,2,3,0,5,,0.0,Semi-Urban,7546,12830.0
26,Female,22.1,No,1,1,0,0,Low,12566,7.2,5,2,2,6,Government,56.0,Rural,18164,29732.0
81,Female,29.7,No,0,0,0,0,Medium,5792,5.0,9,12,1,3,Private,84.0,Semi-Urban,2607,18293.0
50,Male,23.2,No,0,1,0,0,Low,4713,5.1,10,5,0,0,Government,71.0,Urban,7605,9978.0
69,Female,23.7,No,0,0,0,0,Low,12940,5.0,6,1,3,1,Private,80.0,Semi-Urban,4387,23807.0
31,Male,31.2,No,0,1,0,0,High,9796,5.9,3,7,2,7,Government,72.0,Urban,5437,26187.0
70,Female,24.1,No,0,0,1,0,High,12542,5.0,5,3,3,3,Government,67.0,Rural,3399,30743.0
76,Female,24.0,No,0,1,0,0,High,12988,8.6,1,4,0,4,Private,91.0,Urban,9195,11998.0
58,Female,31.7,No,1,0,1,0,Low,11892,7.6,8,2,0,6,Private,76.0,Semi-Urban,14756,21238.0
85,Male,34.0,Yes,1,0,0,0,High,10842,8.5,9,2,2,1,Government,53.0,Urban,4003,24821.0
85,Male,29.2,Yes,0,0,0,0,Medium,5416,8.2,5,7,0,3,Government,59.0,Rural,9746,14700.0
25,Male,22.7,Yes,0,1,1,0,Medium,12740,7.5,9,1,0,4,Government,57.0,Rural,16422,21508.0
19,Male,23.4,No,0,0,0,0,High,1303,5.2,8,0,0,0,,0.0,Urban,11951,6267.0
58,Male,26.4,No,0,0,0,0,High,1518,7.1,8,4,1,4,Government,72.0,Urban,17967,19742.0
72,Male,27.6,Yes,0,0,0,0,Medium,14214,4.9,2,3,0,1,Government,76.0,Rural,6722,9685.0
33,Female,21.1,Yes,0,1,0,0,Low,5030,4.7,5,5,3,0,Government,75.0,Urban,17214,32457.0
79,Male,29.6,Yes,0,0,1,1,Medium,10132,7.2,8,3,0,2,Government,74.0,Semi-Urban,15030,20877.0
65,Female,26.4,No,1,0,0,0,Medium,7335,7.1,3,5,2,1,,0.0,Urban,10969,23283.0
47,Male,17.4,No,1,1,0,0,High,7165,4.8,1,3,0,2,,0.0,Semi-Urban,14053,13178.0
29,Male,21.4,No,0,0,0,0,Medium,12070,5.8,4,5,1,7,Private,91.0,Urban,16975,20714.0
52,Male,23.5,No,0,0,0,0,Low,1079,4.3,4,7,0,4,,0.0,Semi-Urban,13626,12633.0
28,Female,25.6,No,0,0,0,0,Medium,14595,7.6,10,1,0,5,Government,50.0,Urban,3434,8758.0
81,Male,35.4,Yes,0,1,0,1,Low,9294,8.9,4,5,1,5,Private,88.0,Semi-Urban,10003,24983.0
67,Male,27.2,Yes,0,0,0,0,High,9920,7.7,4,2,0,3,Private,82.0,Semi-Urban,14320,13452.0
38,Female,21.8,No,0,0,0,0,Low,13429,8.2,9,2,0,6,,0.0,Urban,14628,13202.0
86,Female,27.1,No,1,1,0,1,Medium,3450,6.4,1,2,0,0,Private,78.0,Urban,14619,13919.0
65,Female,24.2,No,1,0,0,0,High,10147,4.5,9,8,1,1,Government,72.0,Urban,2279,17010.0
37,Female,27.6,No,0,1,0,0,Medium,12852,7.6,7,4,0,0,,0.0,Urban,17981,11962.0
84,Male,28.9,No,0,0,0,0,High,14057,5.3,5,2,0,4,,0.0,Urban,15025,12054.0
61,Female,32.0,Yes,0,0,1,0,High,5914,5.9,2,6,2,5,Private,77.0,Urban,17526,34238.0
50,Male,25.9,No,1,0,0,0,Low,9931,7.5,10,5,0,4,Private,89.0,Semi-Urban,3061,12395.0
78,Male,34.2,Yes,1,0,0,0,Medium,6709,8.5,10,5,1,7,,0.0,Semi-Urban,7510,25939.0
26,Female,30.5,No,0,0,0,0,Medium,13449,6.4,10,3,3,5,Government,78.0,Semi-Urban,15321,31231.0
85,Male,22.5,No,0,0,0,1,Medium,9785,8.8,4,2,0,6,Government,60.0,Urban,9426,13103.0
52,Female,37.0,No,0,1,0,0,Medium,4549,6.6,4,5,1,3,Private,92.0,Semi-Urban,16521,20306.0
82,Male,27.6,No,0,0,0,0,Medium,1562,4.6,4,6,2,3,Private,87.0,Urban,5256,21645.0
25,Female,21.8,No,0,1,0,0,Low,6010,6.6,2,4,1,6,Government,58.0,Urban,3047,16868.0
62,Female,34.3,No,0,0,0,0,Medium,2699,8.3,8,7,4,7,Government,71.0,Rural,5234,37839.0
64,Female,36.4,No,0,0,1,0,Low,7394,6.7,4,3,0,1,Government,64.0,Semi-Urban,8328,12670.0
57,Female,25.8,No,0,1,0,0,Low,9916,7.7,9,3,0,5,,0.0,Urban,6211,12777.0
71,Female,23.5,No,1,0,1,0,Medium,10625,6.7,2,3,1,0,Private,78.0,Urban,10256,20302.0
63,Female,25.1,No,0,1,0,0,Medium,2342,6.7,7,8,1,1,Private,78.0,Rural,19220,21179.0
64,Male,29.6,No,0,0,0,0,Low,2895,5.4,5,4,2,2,,0.0,Urban,5054,19884.0
32,Male,32.4,Yes,0,0,0,0,Medium,13675,5.0,5,2,2,4,Government,70.0,Urban,17028,26720.0
36,Male,28.9,No,0,0,0,0,Low,7228,5.4,7,1,1,7,,0.0,Rural,16685,19992.0
43,Female,26.5,Yes,0,0,0,0,High,5100,6.2,4,5,1,6,Government,72.0,Semi-Urban,13629,22344.0
69,Male,33.5,Yes,0,0,1,0,Low,3282,8.0,3,5,0,2,Private,86.0,Semi-Urban,19792,20523.0
39,Female,24.4,No,1,1,0,0,Low,1374,8.1,9,3,1,2,Private,80.0,Semi-Urban,7417,18837.0
38,Male,31.2,No,0,0,0,1,Medium,3322,4.8,3,6,0,0,Private,83.0,Semi-Urban,2173,6848.0
68,Male,24.6,Yes,0,0,0,0,Medium,10586,6.8,5,1,1,2,Private,83.0,Rural,6433,16028.0
55,Female,28.2,Yes,0,1,0,0,Low,14200,6.1,2,2,1,6,Private,90.0,Rural,14138,23187.0
37,Male,25.4,No,0,1,0,0,Low,13065,6.9,7,2,2,2,Government,55.0,Urban,17406,24524.0
46,Male,25.7,No,1,0,0,0,Low,10747,7.2,7,5,0,3,Private,86.0,Semi-Urban,13806,14133.0
68,Male,24.1,No,0,0,0,0,Low,10115,5.4,5,7,2,1,Government,59.0,Semi-Urban,4300,19973.0
21,Female,32.7,No,0,0,0,0,Low,10032,8.6,8,9,2,6,Government,76.0,Rural,13750,27526.0
72,Male,22.3,No,0,0,1,0,Medium,10922,8.7,9,3,2,3,Private,79.0,Rural,16591,29486.0
88,Female,22.3,Yes,0,0,0,0,High,14705,4.5,4,3,1,0,Government,70.0,Urban,3708,14541.0
45,Male,36.6,Yes,1,1,0,0,Medium,13264,7.5,2,2,1,1,Government,77.0,Urban,13047,21412.0
21,Male,30.9,No,0,0,0,0,Low,5723,4.2,2,4,0,6,Private,84.0,Urban,11813,11691.0
39,Male,14.1,No,0,0,0,0,High,3051,4.2,4,4,3,1,,0.0,Semi-Urban,7744,24726.0
62,Male,23.2,Yes,1,1,0,0,Medium,13102,8.8,6,7,2,4,Private,89.0,Rural,3644,29729.0
84,Female,16.9,Yes,0,0,0,0,Low,2547,7.5,6,3,0,5,Private,92.0,Semi-Urban,18946,17271.0
83,Male,21.2,Yes,0,1,1,0,Medium,13170,5.6,2,1,3,7,,0.0,Semi-Urban,1966,37286.0
51,Female,10.3,No,0,0,0,0,Low,3453,7.3,1,4,0,7,Government,68.0,Rural,14693,13137.0
72,Female,25.3,No,0,0,0,0,Low,10628,8.2,2,7,1,4,Government,78.0,Rural,19912,20573.0
18,Male,20.3,No,0,1,1,0,Low,12452,8.4,8,2,4,2,Private,74.0,Rural,8711,38582.0
89,Male,26.3,No,0,0,0,0,Medium,3364,4.1,5,5,2,1,Private,88.0,Semi-Urban,1246,18743.0
55,Female,17.9,No,0,1,0,0,Low,8598,8.1,3,6,0,1,Government,50.0,Rural,5303,9028.0
23,Female,26.4,No,0,0,0,0,Medium,7483,8.3,9,3,1,4,Private,86.0,Semi-Urban,11615,16936.0
42,Male,23.9,Yes,0,1,0,0,Medium,8821,7.0,7,2,0,2,Government,69.0,Semi-Urban,1495,10806.0
34,Male,33.5,Yes,0,0,0,0,Medium,5614,6.4,8,7,2,4,Private,76.0,Urban,9600,27165.0
78,Male,33.1,Yes,1,0,0,0,Low,7030,4.6,6,2,0,1,Government,56.0,Urban,11504,14304.0
29,Male,29.9,No,0,0,0,0,High,14741,5.2,7,5,1,0,,0.0,Semi-Urban,10490,14024.0
23,Male,24.4,No,1,0,0,0,Medium,1923,6.5,3,4,1,4,Private,83.0,Semi-Urban,12891,18959.0
44,Female,35.9,No,0,0,0,0,Medium,10642,8.3,1,4,0,6,Government,53.0,Urban,516,8712.0
25,Male,18.2,Yes,0,0,0,0,Medium,10737,8.0,1,6,1,3,Government,53.0,Rural,10406,18168.0
82,Male,19.0,No,0,0,0,1,Low,5786,6.5,1,7,0,5,Government,79.0,Rural,18236,16181.0
74,Female,25.6,No,1,0,0,0,Low,14259,7.9,7,1,2,4,Private,74.0,Rural,10201,24808.0
57,Male,37.3,No,0,1,1,0,Medium,14260,7.8,2,3,3,6,,0.0,Semi-Urban,3995,34858.0
31,Male,25.0,No,0,0,0,0,Medium,7758,6.9,6,3,2,7,Government,70.0,Urban,5269,22951.0
52,Female,25.1,Yes,1,0,0,0,Low,8467,5.1,1,2,1,1,Government,64.0,Rural,14689,19500.0
65,Male,18.8,No,1,0,1,0,Low,8221,5.7,10,4,0,6,,0.0,Semi-Urban,8284,20249.0
73,Female,30.7,No,0,0,0,0,Low,13005,4.8,8,5,0,2,,0.0,Urban,5328,9179.0
66,Male,30.8,No,1,1,1,0,High,12096,4.0,5,5,1,6,Government,76.0,Semi-Urban,7395,27762.0
30,Male,29.9,Yes,0,0,0,0,Low,3258,4.4,9,2,1,5,Private,79.0,Rural,2977,17990.0
78,Male,22.9,No,0,0,0,1,Low,13056,7.8,3,3,1,1,Private,76.0,Semi-Urban,2592,13125.0
66,Female,22.5,No,0,0,0,0,High,5542,4.2,2,4,1,2,,0.0,Urban,3995,12794.0
63,Female,19.5,No,0,1,0,1,Medium,1069,6.0,8,3,0,1,Government,53.0,Urban,12531,12704.0
79,Female,26.4,No,0,0,1,0,Medium,10516,8.9,5,5,2,3,Private,77.0,Urban,15115,29307.0
25,Female,20.6,No,0,1,0,0,Medium,12331,8.0,1,6,0,3,,0.0,Semi-Urban,12723,11935.0
60,Male,20.1,No,0,0,0,0,Medium,6913,7.8,6,3,2,2,,0.0,Urban,2469,18544.0
37,Female,23.9,No,0,1,0,0,Medium,11521,5.4,3,5,3,3,Private,70.0,Urban,10280,29541.0
56,Female,23.6,No,1,0,0,0,Low,14465,7.2,8,6,3,6,Government,75.0,Urban,17286,36314.0
66,Female,23.3,No,0,1,0,0,High,9125,6.5,6,4,1,0,Government,55.0,Urban,4830,14268.0
81,Male,28.3,No,1,0,0,0,Low,8391,7.1,2,5,1,5,Government,65.0,Urban,15534,22029.0
79,Male,26.4,Yes,1,0,1,0,Low,1367,6.2,6,5,1,6,,0.0,Semi-Urban,12057,30489.0
71,Female,24.6,No,1,1,0,0,Low,2883,6.7,3,4,1,6,Government,61.0,Semi-Urban,14182,23913.0
26,Female,26.9,No,1,0,0,0,Medium,6308,8.9,7,4,1,0,Government,57.0,Semi-Urban,9051,15542.0
54,Male,21.0,No,0,0,0,1,Medium,7529,5.6,1,4,1,7,Private,93.0,Urban,12773,20442.0
66,Female,26.5,Yes,0,1,0,0,Medium,11280,5.1,1,8,2,3,Private,76.0,Urban,10776,28148.0
58,Female,26.8,No,0,0,0,0,Medium,9876,6.2,10,5,1,4,,0.0,Semi-Urban,1866,15724.0
34,Female,18.5,Yes,0,0,0,0,Low,6076,6.6,4,4,1,3,,0.0,Urban,19746,20959.0
38,Female,31.0,No,0,0,0,0,Low,10965,4.4,7,1,0,2,Private,76.0,Rural,6418,7015.0
68,Male,21.6,Yes,0,0,1,1,Medium,7925,8.0,4,4,1,7,Government,71.0,Rural,6110,27341.0
76,Male,26.5,No,1,1,0,1,Low,7820,6.1,9,5,1,3,Private,78.0,Semi-Urban,8217,22980.0
56,Male,31.8,Yes,1,0,0,1,Low,4713,6.1,8,3,0,3,Government,50.0,Urban,3062,15193.0
72,Female,30.6,No,0,0,0,0,High,11756,7.3,5,9,1,2,Government,68.0,Urban,6576,16531.0
58,Female,26.2,No,0,0,0,1,Medium,13133,7.9,1,8,0,0,Private,78.0,Rural,12095,10474.0
56,Male,24.2,No,0,0,0,0,Low,4201,8.9,3,2,1,4,,0.0,Urban,19090,18173.0
30,Male,30.7,Yes,1,1,0,1,Medium,2920,4.9,8,5,3,1,Government,54.0,Urban,9544,35784.0
81,Male,29.4,No,0,1,0,0,Medium,9879,5.7,7,5,1,4,Government,56.0,Urban,13083,21027.0
28,Female,22.9,Yes,0,0,0,0,Low,12285,4.8,8,2,0,1,,0.0,Urban,19034,13157.0
36,Male,22.0,No,0,0,0,0,Low,11280,8.4,1,7,2,3,Government,69.0,Semi-Urban,6999,20880.0
28,Female,15.6,No,0,1,0,0,Low,1152,6.7,2,6,0,0,Government,73.0,Semi-Urban,19751,11753.0
63,Female,26.8,No,1,0,0,0,Low,5653,8.3,10,4,1,7,,0.0,Rural,18664,25363.0
62,Male,25.6,No,0,0,0,0,Low,8517,8.9,7,7,1,3,,0.0,Urban,17878,19971.0
18,Male,31.7,Yes,0,0,0,0,High,8176,6.8,5,1,2,7,Government,54.0,Urban,16062,28130.0
57,Female,27.8,No,1,0,0,0,Medium,13220,4.6,5,2,0,6,Government,52.0,Urban,9341,13876.0
36,Male,32.7,No,1,1,0,0,High,14924,5.8,10,4,3,5,Government,66.0,Urban,7962,34190.0
89,Male,22.5,No,1,0,0,0,Low,10262,4.2,9,1,0,1,,0.0,Rural,12754,11781.0
89,Female,31.7,No,0,1,0,0,Low,7473,8.2,1,6,2,6,,0.0,Semi-Urban,14599,28511.0
78,Female,23.4,No,0,0,0,1,High,4790,4.1,5,4,1,7,,0.0,Urban,18544,23525.0
29,Female,29.9,Yes,0,0,0,0,Medium,7896,7.0,7,2,0,6,,0.0,Urban,15095,16006.0
78,Female,18.7,No,0,1,0,1,High,5098,4.5,5,1,1,0,Private,70.0,Semi-Urban,2721,13837.0
50,Female,27.2,No,0,1,0,0,Low,14063,4.0,10,3,0,1,Private,73.0,Semi-Urban,4543,9179.0
62,Male,16.1,No,0,1,0,0,High,8576,5.3,7,5,1,7,Government,68.0,Semi-Urban,4089,19950.0
86,Female,24.7,No,0,0,0,0,Medium,2059,6.8,1,2,1,3,Private,72.0,Rural,7592,14139.0
25,Female,28.2,Yes,1,1,0,0,Low,3858,4.4,5,5,1,7,,0.0,Semi-Urban,4579,24820.0
42,Female,23.4,Yes,0,0,0,1,Medium,13283,7.1,6,4,1,7,Government,79.0,Urban,6118,22277.0
63,Male,20.7,Yes,1,0,1,0,Medium,13530,7.4,6,0,1,6,,0.0,Urban,7959,26769.0
47,Female,30.2,Yes,0,0,0,1,Low,13013,8.8,4,8,0,1,Private,79.0,Rural,12248,14820.0
64,Female,25.5,Yes,0,0,0,0,High,8601,8.5,5,7,0,5,,0.0,Rural,7274,15027.0
66,Female,23.6,No,0,1,1,0,Medium,6950,6.8,8,2,0,0,Government,66.0,Semi-Urban,6890,13495.0
64,Male,26.2,No,0,0,0,0,Low,9148,8.0,6,6,0,5,,0.0,Semi-Urban,16588,14642.0
35,Female,39.2,Yes,0,0,0,0,Low,10633,5.8,1,2,0,4,,0.0,Urban,1811,9619.0
83,Female,31.8,No,1,0,0,1,Low,3266,6.9,5,4,1,3,Private,93.0,Rural,10304,20705.0
85,Female,31.8,Yes,0,0,0,0,Low,3248,6.0,7,3,0,1,,0.0,Urban,19297,14843.0
50,Male,28.2,No,1,0,1,0,Medium,5489,5.7,8,3,0,1,,0.0,Urban,13713,17060.0
53,Male,26.8,No,0,0,1,0,Medium,8706,7.6,4,3,2,5,Private,86.0,Urban,10896,28133.0
36,Male,14.0,No,1,0,0,0,Medium,9792,5.5,2,3,1,4,,0.0,Rural,15700,19150.0
45,Male,22.6,No,0,0,0,0,Medium,8986,5.9,4,2,1,0,Private,78.0,Urban,18223,14645.0
57,Female,23.6,Yes,1,1,0,0,Low,1835,5.8,6,2,0,5,Private,77.0,Rural,18962,21037.0
32,Female,16.6,No,0,0,0,0,High,9591,8.4,6,2,1,2,Private,89.0,Urban,18570,16309.0
58,Male,20.2,No,0,0,0,1,Low,11520,4.9,6,7,1,2,,0.0,Rural,5079,16390.0
56,Male,16.1,No,1,1,0,0,Low,2007,5.9,1,4,2,2,,0.0,Urban,3028,22411.0
19,Female,25.8,No,0,0,0,0,Medium,9958,8.4,7,6,1,7,,0.0,Semi-Urban,3739,17676.0
80,Female,30.1,No,0,1,1,0,Medium,1432,4.1,7,1,1,6,Private,82.0,Urban,4572,23475.0
46,Male,31.5,No,1,0,0,0,High,9591,8.7,5,2,0,3,,0.0,Semi-Urban,12267,12245.0
83,Male,28.1,No,0,1,0,0,High,6121,8.5,4,6,0,6,,0.0,Urban,6477,14446.0
68,Male,21.2,Yes,0,0,0,0,High,1328,6.1,3,3,0,7,Government,53.0,Semi-Urban,8458,14933.0
27,Male,16.3,Yes,0,0,1,0,Medium,5730,7.3,8,3,1,5,Government,69.0,Urban,17537,27090.0
31,Female,17.2,No,1,0,0,0,Low,10963,9.0,8,5,0,7,Government,76.0,Urban,18109,18269.0
68,Male,19.7,Yes,0,0,0,0,Medium,2612,6.8,3,3,0,2,Government,57.0,Semi-Urban,10491,11498.0
56,Male,21.6,No,0,1,0,0,Low,13365,4.5,5,8,0,6,Government,73.0,Urban,10432,15898.0
45,Female,25.2,Yes,0,0,1,0,Low,13619,8.3,8,6,0,5,Government,58.0,Urban,7852,20012.0
20,Female,20.9,Yes,1,0,1,0,Low,5245,4.7,10,2,2,2,Private,85.0,Urban,8355,30434.0
87,Female,27.7,Yes,1,0,0,0,Low,3004,5.3,10,4,2,4,Private,92.0,Semi-Urban,15305,31463.0
44,Female,24.8,No,0,1,0,0,Medium,7703,8.4,6,0,2,2,Government,75.0,Urban,5161,19972.0
19,Female,26.1,Yes,0,1,0,0,Low,7769,5.3,2,2,1,6,,0.0,Urban,13607,22245.0
55,Male,31.7,Yes,0,0,0,1,Low,6624,7.7,1,5,2,1,Private,73.0,Urban,14040,25763.0
20,Male,20.1,Yes,0,0,1,0,High,7719,6.2,7,5,0,7,Private,79.0,Semi-Urban,2175,18655.0
33,Male,28.1,No,0,0,0,0,Medium,4010,7.8,2,3,0,4,,0.0,Rural,15709,11016.0
57,Female,25.9,No,1,0,0,0,High,5245,5.2,10,3,2,1,Private,92.0,Rural,4641,21809.0
19,Male,24.3,No,0,0,0,0,Medium,10800,6.1,10,6,1,3,Government,64.0,Semi-Urban,7316,16104.0
58,Female,30.4,Yes,0,0,0,0,Low,4118,5.6,4,6,0,4,,0.0,Urban,11372,14884.0
29,Male,30.4,No,0,1,0,0,Low,1361,5.2,6,2,0,1,Private,77.0,Urban,10750,9517.0
52,Male,21.3,No,0,1,0,0,Medium,2716,5.6,7,2,1,1,Government,51.0,Semi-Urban,1194,13037.0
82,Female,25.1,No,0,0,0,0,High,3421,5.6,7,5,2,0,Private,86.0,Semi-Urban,11018,21098.0
72,Female,27.4,No,0,0,0,0,Low,5190,8.8,7,6,0,0,,0.0,Urban,10583,9237.0
62,Male,24.6,No,0,1,0,0,High,8268,6.7,4,8,0,0,Private,71.0,Semi-Urban,3866,9138.0
79,Male,28.9,No,0,0,1,0,Medium,4461,6.3,10,1,1,0,,0.0,Rural,17098,20976.0
66,Male,27.4,No,1,0,0,0,Low,4981,6.5,10,3,0,2,,0.0,Urban,11328,12840.0
42,Male,35.2,No,0,1,0,0,Medium,14906,9.0,6,4,0,6,Government,54.0,Rural,14794,15934.0
40,Male,18.3,Yes,0,0,0,0,Medium,11321,7.3,3,6,0,3,Private,80.0,Semi-Urban,19500,15599.0
41,Female,25.4,No,0,0,0,0,Low,5728,7.5,8,5,3,2,,0.0,Rural,4929,26261.0
55,Female,21.5,Yes,1,0,0,0,Low,11652,5.6,1,6,1,3,Private,87.0,Rural,11623,21732.0
45,Female,29.0,No,1,0,0,1,Medium,3050,6.4,8,5,1,4,Private,71.0,Rural,5996,20369.0
38,Female,17.9,Yes,0,0,1,0,Medium,13300,4.9,5,4,1,3,Government,55.0,Urban,7024,22404.0
71,Male,27.7,No,0,0,0,0,Low,5259,7.4,8,6,2,2,Government,79.0,Urban,10810,23094.0
35,Male,22.8,No,0,0,0,0,High,5712,5.7,4,3,1,6,Private,83.0,Semi-Urban,6481,16128.0
53,Female,22.3,No,0,1,0,0,Low,10560,7.7,2,6,2,6,Private,82.0,Semi-Urban,16740,28351.0
62,Male,18.8,Yes,0,0,0,0,Low,9027,5.1,4,5,0,6,Private,80.0,Urban,12687,16210.0
70,Female,23.7,No,0,0,0,0,Low,5261,6.0,8,7,0,4,Government,63.0,Rural,9526,12569.0
47,Male,31.4,No,0,0,1,0,High,12338,6.4,10,5,0,5,Private,78.0,Rural,17750,20207.0
77,Male,25.9,Yes,0,0,0,0,Medium,7203,4.8,1,3,2,4,Private,73.0,Urban,649,22112.0
49,Male,29.1,No,0,1,0,0,Medium,6864,4.3,5,1,4,5,Government,62.0,Rural,10377,36366.0
84,Female,34.3,Yes,0,0,0,0,High,7525,5.6,6,2,0,4,Private,85.0,Rural,18255,16386.0
84,Female,27.3,No,0,0,0,0,Medium,9852,6.7,4,3,1,0,Government,75.0,Urban,13640,14591.0
45,Female,23.2,Yes,0,0,1,0,Low,6242,7.3,4,3,0,6,Private,89.0,Rural,6052,18212.0
61,Female,28.3,No,0,0,0,0,Medium,5562,6.1,4,5,2,2,Private,83.0,Urban,16760,23497.0
58,Male,23.3,No,0,0,0,0,Medium,8456,6.5,3,6,1,0,,0.0,Urban,12362,14568.0
80,Male,23.5,No,1,0,0,0,Low,9707,6.7,10,5,1,6,Government,67.0,Rural,10550,22770.0
40,Male,18.4,No,0,0,0,0,Low,7380,6.6,5,3,1,5,Private,92.0,Semi-Urban,11894,17120.0
65,Male,30.6,No,1,1,0,0,Medium,9911,4.5,6,1,1,7,Government,59.0,Urban,7309,22111.0
49,Female,24.1,Yes,0,1,0,0,Low,9363,6.0,3,5,1,1,Private,70.0,Rural,894,16371.0
74,Male,26.9,No,0,1,0,0,Low,14696,5.0,3,2,3,6,Government,65.0,Urban,19603,34368.0
50,Male,20.8,No,0,1,0,0,Medium,2469,6.7,9,7,2,6,Private,84.0,Urban,12934,28904.0
41,Male,28.2,Yes,1,1,0,0,High,2173,7.8,2,2,0,4,Government,58.0,Semi-Urban,11472,17008.0
56,Female,22.2,No,0,1,0,0,Low,5666,6.9,6,6,0,4,Private,77.0,Urban,15274,15168.0
51,Female,25.3,No,0,0,0,0,Medium,5900,5.1,8,4,2,4,Government,75.0,Rural,14394,24497.0
73,Female,30.4,No,0,0,0,0,Medium,2174,5.0,8,2,1,6,Government,59.0,Urban,7504,17823.0
45,Male,30.0,No,1,1,0,0,Medium,4744,4.2,1,3,0,2,Government,50.0,Semi-Urban,10753,12526.0
54,Female,25.9,Yes,1,0,0,0,High,5208,6.1,1,6,0,4,Private,85.0,Urban,516,13312.0
24,Male,17.2,No,0,0,0,1,Medium,14543,6.2,8,5,0,2,Private,91.0,Urban,5036,9207.0
85,Male,41.0,No,0,0,0,0,Medium,11133,5.2,1,5,0,7,,0.0,Urban,16590,15707.0
54,Male,34.7,Yes,0,0,0,0,High,5031,7.8,3,3,3,1,Government,79.0,Urban,16310,30614.0
73,Female,29.6,No,1,0,0,0,Low,7631,5.9,9,3,0,1,Private,88.0,Semi-Urban,2499,9398.0
82,Female,22.2,No,0,0,0,0,Low,8101,7.3,3,7,1,7,,0.0,Urban,12137,20947.0
82,Male,25.4,No,1,0,0,0,Medium,10589,7.2,2,6,2,1,Private,82.0,Urban,10388,23618.0
64,Male,23.3,No,0,1,0,1,Low,5021,7.0,1,6,3,7,Government,53.0,Urban,19202,37440.0
37,Female,32.3,Yes,0,1,0,0,Low,9889,8.5,1,2,1,0,,0.0,Urban,11032,17019.0
36,Female,27.3,No,1,1,1,0,Low,2774,4.1,10,4,4,7,Government,79.0,Semi-Urban,5891,46006.0
46,Female,22.1,No,0,1,0,0,Medium,6366,4.3,3,9,0,4,Private,87.0,Semi-Urban,2339,11685.0
77,Male,23.6,No,1,0,0,0,High,12403,7.6,6,2,1,1,Private,87.0,Semi-Urban,18552,19114.0
35,Male,31.6,No,0,0,0,0,Low,4473,5.8,7,6,1,3,,0.0,Rural,3803,14989.0
52,Male,34.0,No,1,0,0,0,Medium,5063,8.9,6,7,1,5,Private,80.0,Urban,17923,23937.0
60,Female,33.6,No,0,1,0,0,Low,11946,5.1,6,4,2,7,Private,76.0,Rural,14500,28958.0
28,Female,29.8,No,0,0,0,0,Medium,9123,4.9,9,1,3,5,Private,93.0,Urban,18423,31181.0
66,Female,24.7,No,0,1,0,1,Medium,7268,6.9,4,1,3,2,Government,50.0,Semi-Urban,4718,27776.0
55,Male,9.8,No,0,0,0,0,High,13643,5.4,5,8,0,5,Private,85.0,Semi-Urban,1591,10071.0
81,Male,27.5,No,0,1,0,1,Low,13526,5.7,1,2,2,3,,0.0,Rural,15307,25937.0
86,Female,26.0,No,1,0,0,0,Medium,12245,8.6,4,1,1,1,Private,70.0,Urban,14882,17465.0
25,Male,26.7,Yes,0,1,0,1,Low,5608,4.1,10,3,1,0,Government,52.0,Urban,7461,19239.0
51,Female,26.3,No,0,0,0,0,Medium,3680,6.7,6,4,0,0,Private,74.0,Urban,7762,6938.0
65,Male,19.4,No,1,0,0,0,High,7744,5.7,7,2,0,3,Government,69.0,Urban,4210,10245.0
73,Female,28.8,No,0,0,0,0,High,14311,5.7,2,2,0,6,Private,71.0,Semi-Urban,14782,12759.0
82,Male,29.2,No,0,1,0,0,Low,4603,5.2,10,4,1,1,Private,85.0,Rural,8309,17409.0
48,Male,29.4,No,0,0,0,0,High,4344,4.7,6,4,1,4,,0.0,Urban,2727,14660.0
21,Female,30.7,No,1,1,0,0,Low,14488,4.2,3,5,2,2,Government,57.0,Urban,9938,25022.0
67,Female,29.0,Yes,0,1,0,1,Low,10621,8.9,7,4,0,6,Government,56.0,Semi-Urban,14091,20737.0
86,Female,23.9,Yes,0,1,0,0,High,11353,7.3,9,2,0,2,Private,78.0,Semi-Urban,15998,16436.0
47,Female,25.6,No,1,0,0,0,Low,14216,7.9,4,1,1,0,Private,73.0,Urban,19106,17140.0
76,Female,26.5,No,1,0,1,0,Low,6913,4.3,8,5,0,5,Government,77.0,Semi-Urban,14783,21850.0
84,Male,26.5,No,0,0,0,0,Low,9218,4.1,10,1,1,3,Private,85.0,Rural,7603,15556.0
62,Female,31.0,No,0,1,0,0,Low,4771,7.0,6,3,1,1,Private,82.0,Semi-Urban,13231,17339.0
21,Female,29.2,No,1,1,0,0,Low,10633,7.6,3,7,2,1,Private,84.0,Urban,15947,26780.0
43,Female,36.4,No,0,1,0,0,High,7742,6.0,3,3,0,6,,0.0,Semi-Urban,11293,13940.0
44,Male,37.0,No,1,0,0,0,Medium,13879,5.9,3,6,1,4,Private,91.0,Urban,9110,19423.0
63,Female,26.4,No,0,0,0,1,Medium,14773,5.9,4,0,1,4,Government,66.0,Semi-Urban,10351,16657.0
81,Female,6.8,No,0,1,0,0,Low,11419,4.8,2,4,1,5,Private,93.0,Rural,4282,17109.0
68,Female,32.2,No,0,0,1,0,Medium,9758,7.8,5,4,1,6,Private,83.0,Urban,14926,25204.0
67,Male,23.3,No,0,1,0,1,Medium,9438,5.1,8,7,3,1,,0.0,Urban,8179,31193.0
23,Male,22.0,No,0,0,1,1,High,2523,5.6,7,5,0,1,Private,75.0,Semi-Urban,11469,15261.0
76,Female,24.0,No,0,0,0,1,High,3364,7.4,9,5,1,2,Government,65.0,Urban,7298,17329.0
32,Male,23.8,No,0,1,1,0,Medium,8601,4.0,3,4,0,7,,0.0,Semi-Urban,8470,18695.0
47,Female,29.1,No,0,0,1,0,High,6352,7.8,4,1,2,7,Government,63.0,Urban,10310,28706.0
59,Male,18.2,Yes,0,0,0,0,Low,6054,8.5,8,7,0,5,Government,72.0,Rural,2544,13889.0
54,Female,20.6,No,1,1,0,0,Low,7925,4.3,10,4,1,7,Private,93.0,Rural,2219,22064.0
59,Male,27.7,No,0,0,0,0,Medium,4965,7.0,3,3,0,3,Private,82.0,Urban,8670,8812.0
52,Female,29.1,No,0,1,0,0,Low,4692,6.0,1,10,1,2,,0.0,Urban,7705,18024.0
23,Female,29.2,No,0,1,1,0,Low,6081,4.4,2,8,1,4,,0.0,Rural,10396,24255.0
85,Male,22.1,Yes,0,0,0,1,High,2773,7.4,10,5,0,6,Private,89.0,Urban,16962,20752.0
35,Female,21.1,Yes,0,0,0,1,Medium,3937,7.1,10,4,4,7,Private,83.0,Urban,14027,43241.0
46,Female,23.5,No,0,0,0,0,Low,4890,7.2,8,1,1,0,,0.0,Urban,7080,11749.0
76,Female,27.2,Yes,0,0,0,0,Medium,8536,8.1,7,2,0,5,Government,61.0,Urban,2409,12259.0
64,Female,33.4,No,0,0,0,0,High,8335,5.4,4,2,1,1,,0.0,Urban,18045,16096.0
34,Male,15.8,Yes,0,1,0,0,High,2091,7.4,8,2,1,1,Private,81.0,Urban,6041,17166.0
39,Female,24.9,No,1,0,0,0,Medium,9119,7.7,3,2,1,7,,0.0,Rural,18749,22652.0
85,Male,19.3,Yes,0,0,0,0,Medium,7106,4.8,1,6,1,6,,0.0,Semi-Urban,15889,23446.0
86,Male,17.7,No,0,0,1,0,Medium,9938,8.8,4,8,2,6,Private,91.0,Urban,6562,30020.0
54,Male,30.8,No,0,0,0,0,Medium,10766,5.7,6,3,2,3,Private,71.0,Urban,16035,23615.0
66,Male,28.7,Yes,0,0,0,0,Medium,14966,7.6,6,3,1,4,Government,69.0,Urban,3125,17719.0
30,Female,28.2,No,0,1,0,0,Medium,5440,7.8,4,2,1,1,Government,70.0,Urban,3105,12777.0
51,Female,30.6,No,1,0,0,0,Medium,4601,6.5,8,3,2,2,Government,53.0,Rural,1641,21330.0
70,Male,23.6,No,0,0,0,0,High,11291,4.6,9,3,0,5,Private,84.0,Rural,5708,10820.0
68,Female,23.8,Yes,0,0,0,1,Low,4516,5.4,2,3,6,5,Government,51.0,Rural,5522,49831.0
20,Male,36.9,No,0,0,0,0,Low,12997,5.2,3,7,0,7,,0.0,Urban,11556,13974.0
59,Female,24.8,No,0,0,0,1,Medium,3852,6.6,8,3,2,5,Government,76.0,Urban,9186,24980.0
49,Female,29.7,No,0,1,0,0,Low,1591,5.3,1,2,1,3,Private,80.0,Urban,18260,18749.0
68,Female,26.0,No,0,0,0,0,Medium,1692,6.7,1,1,3,1,Government,62.0,Urban,8636,24131.0
63,Male,16.8,No,1,0,1,0,Low,2163,5.4,7,5,1,0,Government,54.0,Urban,9335,21464.0
38,Male,15.8,No,0,0,0,0,Medium,12984,4.0,10,1,2,4,Private,70.0,Urban,11714,22348.0
61,Female,23.1,No,0,0,0,0,High,9600,5.8,7,6,0,6,Government,65.0,Urban,11111,13846.0
28,Male,31.3,Yes,0,0,0,0,Medium,3382,7.0,7,6,1,3,Private,81.0,Urban,12308,20391.0
85,Male,29.9,No,0,0,1,0,Low,6400,7.9,5,5,0,6,Private,72.0,Urban,9927,18375.0
18,Female,30.6,No,1,0,1,0,High,9596,4.1,7,5,3,2,Government,66.0,Semi-Urban,6466,33718.0
80,Male,21.1,No,1,0,1,0,Low,6842,5.3,9,5,0,4,,0.0,Urban,12379,20447.0
41,Female,34.1,No,0,0,0,1,Medium,6975,8.9,6,6,2,1,,0.0,Urban,16487,24689.0
30,Female,21.2,No,0,0,0,0,Medium,5742,5.3,6,5,0,0,Private,94.0,Semi-Urban,15810,9179.0
28,Female,27.1,No,0,0,0,0,High,2483,7.9,3,4,0,2,Private,80.0,Urban,3240,6145.0
68,Male,25.9,No,0,1,1,0,Low,6158,6.5,7,2,2,4,Government,57.0,Semi-Urban,11836,30088.0
34,Female,25.1,No,0,0,0,1,Medium,11314,4.6,6,1,0,1,Private,74.0,Rural,10948,8617.0
41,Female,32.7,Yes,1,1,1,0,Low,10056,7.2,5,2,1,3,Private,77.0,Rural,665,24701.0
36,Male,22.5,No,0,0,0,0,Low,2584,8.8,3,6,1,5,,0.0,Urban,7506,16647.0
54,Male,19.3,No,0,0,0,1,High,9408,8.4,3,4,0,1,Government,52.0,Semi-Urban,2603,6940.0
25,Male,26.1,No,0,0,0,0,Medium,8413,7.5,6,7,0,3,Government,55.0,Urban,8411,10206.0
45,Male,24.0,No,0,1,0,0,Medium,1742,6.6,6,7,1,3,Private,77.0,Urban,3548,17084.0
22,Female,42.9,No,0,0,0,0,Low,5513,5.6,5,1,2,1,,0.0,Urban,4324,17224.0
34,Male,29.4,No,0,0,0,0,Medium,13030,5.8,3,6,1,0,Private,74.0,Urban,16081,15386.0
53,Male,24.0,No,0,0,0,0,High,12466,5.7,2,7,3,5,Private,82.0,Semi-Urban,8389,29497.0
36,Male,20.7,No,0,0,0,1,Medium,13943,8.6,4,3,2,3,,0.0,Rural,3502,20292.0
81,Male,16.6,Yes,0,0,0,1,Medium,10055,5.1,4,2,2,5,Government,61.0,Urban,7709,26531.0
28,Female,20.9,No,0,0,0,0,High,4982,5.9,10,5,3,3,Private,70.0,Urban,17642,30880.0
71,Male,26.6,Yes,1,0,1,0,High,3855,6.2,2,5,0,7,Private,85.0,Urban,2563,21487.0
62,Female,33.1,No,1,0,0,0,Medium,5046,6.0,9,5,1,1,Government,61.0,Semi-Urban,19152,21079.0
64,Male,31.6,No,1,0,0,0,Medium,14830,4.0,3,5,1,7,,0.0,Urban,9420,21754.0
29,Female,27.1,No,0,0,0,0,Medium,4684,5.4,1,8,2,3,Government,54.0,Urban,12946,23077.0
38,Female,24.4,No,0,0,0,0,Low,13583,6.5,5,4,2,6,Private,75.0,Urban,1863,21451.0
28,Male,27.3,Yes,0,0,0,0,Medium,9641,7.8,10,4,2,2,Private,91.0,Semi-Urban,18901,27249.0
22,Female,23.4,No,1,0,0,0,High,14539,6.8,3,4,2,4,Private,85.0,Urban,2775,21875.0
73,Male,34.6,No,0,0,0,0,High,11342,5.9,6,6,1,1,Government,59.0,Rural,7036,15009.0
37,Female,25.1,No,0,0,0,0,High,2115,7.3,1,7,1,6,Government,62.0,Urban,11802,18834.0
58,Female,25.6,No,0,0,0,0,Low,3837,7.3,10,4,2,2,Government,54.0,Urban,14739,23550.0
63,Female,14.9,No,0,0,1,0,High,4428,5.2,4,7,0,6,Government,66.0,Urban,16618,20092.0
29,Male,25.0,No,0,0,0,0,Medium,8044,4.5,1,3,2,5,Private,82.0,Semi-Urban,13215,22694.0
87,Female,30.2,No,0,0,0,0,Low,3193,8.0,1,3,0,3,Government,55.0,Semi-Urban,9761,9374.0
34,Male,20.7,No,0,0,1,0,Medium,4338,6.6,10,5,2,3,,0.0,Urban,6564,26670.0
36,Female,22.2,No,1,0,0,0,High,3166,4.9,8,11,2,3,Private,82.0,Semi-Urban,11593,27764.0
43,Female,30.0,No,0,0,0,0,Low,2526,5.3,10,5,1,4,Private,91.0,Urban,5143,16503.0
65,Female,18.6,No,1,1,0,0,High,9455,7.8,4,7,0,6,Private,71.0,Semi-Urban,6809,16801.0
69,Female,31.3,Yes,0,0,0,1,High,10491,7.3,10,0,0,0,Private,77.0,Semi-Urban,3917,9994.0
87,Female,23.3,No,0,0,0,0,Low,4418,8.7,3,5,1,1,Government,72.0,Urban,6840,13891.0
72,Female,24.1,Yes,0,0,1,0,High,12228,6.3,6,7,1,2,,0.0,Semi-Urban,12855,25620.0
50,Male,20.4,Yes,0,0,0,0,High,3712,4.3,10,3,0,7,Private,86.0,Semi-Urban,18316,18907.0
79,Male,27.9,No,0,1,0,0,Low,1786,7.5,9,3,1,0,Private,72.0,Semi-Urban,14947,17901.0
40,Male,38.3,Yes,0,1,1,0,Low,5988,5.3,6,5,0,1,,0.0,Urban,18414,21473.0
32,Female,29.9,No,0,1,1,1,Low,13161,5.6,1,4,2,3,Government,77.0,Rural,12562,30006.0
44,Male,21.7,Yes,0,1,0,0,Low,11601,5.0,8,6,1,3,Government,74.0,Urban,9884,21896.0
81,Female,31.7,Yes,0,0,0,0,Medium,12238,5.5,1,4,1,2,Government,64.0,Urban,8254,17447.0
68,Male,24.4,Yes,0,0,0,0,Low,1235,8.1,3,2,1,0,,0.0,Urban,6308,14384.0
70,Male,32.9,Yes,0,1,0,0,High,14753,6.9,9,4,1,3,Government,73.0,Rural,6571,21158.0
68,Female,30.0,No,0,0,0,0,High,14889,4.5,4,3,0,4,Government,50.0,Semi-Urban,4743,8883.0
64,Female,11.3,No,0,1,0,0,Low,4334,6.9,8,3,0,1,,0.0,Urban,6766,9249.0
21,Male,21.0,No,0,0,0,0,Medium,2074,7.2,9,3,0,2,Government,73.0,Rural,12567,9420.0
24,Male,30.7,No,0,0,0,0,Medium,13638,8.4,8,3,2,4,,0.0,Urban,1892,19969.0
52,Male,26.8,No,0,1,0,0,Medium,13704,8.3,6,6,0,2,Government,60.0,Urban,5516,10699.0
65,Male,20.9,Yes,0,0,0,0,Low,12082,4.3,9,6,0,1,Private,74.0,Urban,5967,11717.0
89,Female,22.8,No,0,1,0,0,Low,1743,8.3,6,8,3,7,Private,77.0,Semi-Urban,2260,33142.0
62,Male,16.5,Yes,0,0,1,0,Low,13135,4.3,5,5,1,0,Government,68.0,Urban,6418,20660.0
89,Female,25.6,No,0,0,0,0,Low,2005,4.8,8,11,2,7,Government,51.0,Urban,1660,26646.0
36,Female,37.1,Yes,0,1,0,0,High,9204,4.6,4,6,0,6,Government,69.0,Urban,17640,20125.0
80,Male,30.0,No,1,0,1,0,Low,8024,4.9,3,1,0,4,Private,78.0,Urban,6916,16275.0
55,Female,37.0,Yes,0,0,0,0,Low,2850,8.0,4,6,1,7,,0.0,Urban,4095,21238.0
84,Male,30.4,Yes,0,0,0,0,Medium,5901,7.4,9,2,1,3,Government,58.0,Urban,16598,21571.0
76,Female,31.1,No,1,1,0,0,Low,4603,7.4,4,2,1,2,Private,77.0,Urban,3986,17349.0
86,Female,35.9,No,0,1,0,0,Low,3260,8.6,7,5,1,7,,0.0,Semi-Urban,19718,25712.0
30,Male,27.9,No,0,0,0,0,Medium,13557,6.0,1,3,2,0,,0.0,Semi-Urban,17442,20070.0
64,Female,25.1,No,1,0,1,0,Medium,10175,4.0,6,2,0,1,Government,73.0,Urban,16015,17137.0
78,Female,31.2,No,1,1,0,0,Low,8814,7.2,8,5,0,3,Government,74.0,Urban,15470,17637.0
48,Male,33.3,No,0,1,0,0,Medium,14061,8.3,7,9,3,2,Government,52.0,Rural,17152,33705.0
39,Female,23.6,No,0,0,0,1,Medium,11151,8.9,5,4,1,6,Private,92.0,Urban,17782,21723.0
60,Female,22.4,No,0,0,0,0,Medium,11420,5.8,4,1,1,0,,0.0,Semi-Urban,14146,13316.0
84,Male,26.7,No,0,1,0,0,Medium,10954,8.1,2,4,1,1,Government,66.0,Semi-Urban,17977,18674.0
71,Male,30.2,No,0,0,0,0,Low,2288,8.2,1,2,1,5,Private,88.0,Rural,8270,15807.0
27,Female,30.0,No,0,1,0,0,Medium,10208,4.7,1,6,2,6,,0.0,Urban,16684,27845.0
59,Female,18.9,No,1,0,0,0,Medium,3153,7.2,5,8,0,5,Private,81.0,Urban,11886,16013.0
81,Female,35.6,No,0,0,0,1,High,5582,4.9,9,4,2,5,Government,56.0,Rural,7926,25966.0
38,Male,22.8,No,0,0,1,0,High,5499,6.2,7,2,2,0,Private,93.0,Semi-Urban,18108,26076.0
83,Female,24.7,No,0,1,0,0,Medium,5485,8.4,2,7,2,1,Government,63.0,Urban,14680,24805.0
58,Female,21.5,No,0,0,0,0,Medium,1607,7.9,6,4,1,3,Government,77.0,Urban,17964,18394.0
41,Female,39.5,No,0,0,0,0,Medium,5044,6.9,10,4,1,5,Government,71.0,Urban,6538,17566.0
52,Female,27.2,No,0,0,0,0,High,8143,8.0,7,4,1,4,,0.0,Urban,4204,15317.0
73,Female,21.7,Yes,0,1,0,0,High,13410,4.8,8,4,1,2,Government,57.0,Semi-Urban,12197,21570.0
47,Female,30.3,No,0,0,0,1,Low,3836,5.0,9,1,0,7,Private,81.0,Urban,14661,15547.0
74,Male,29.8,Yes,0,0,1,0,Low,13324,5.0,3,2,0,4,Private,77.0,Urban,5318,16569.0
64,Male,25.1,No,0,0,0,0,Low,9901,7.9,2,2,3,3,Private,70.0,Urban,15983,28428.0
52,Female,30.2,No,0,0,1,0,Low,1766,8.5,7,1,2,6,Private,83.0,Semi-Urban,6767,27576.0
36,Female,21.9,No,0,0,1,0,High,13790,6.8,8,3,1,4,Government,76.0,Urban,16954,23463.0
25,Male,23.5,No,0,0,0,0,Low,4598,8.8,9,10,0,2,Government,65.0,Urban,4211,9868.0
43,Male,15.9,Yes,0,0,0,0,Low,12156,7.6,10,4,0,3,Private,70.0,Semi-Urban,11448,13771.0
88,Male,19.4,Yes,0,1,0,0,High,1091,6.8,5,4,0,6,Private,71.0,Urban,12147,18386.0
47,Female,35.0,No,1,1,0,0,Low,1099,7.1,9,3,2,2,,0.0,Urban,6272,24972.0
24,Female,34.2,Yes,0,1,1,1,Low,12216,8.2,1,4,0,4,Government,58.0,Rural,13203,21967.0
84,Female,26.3,No,0,0,0,0,Medium,9877,4.5,9,1,2,7,Private,89.0,Urban,3933,23449.0
82,Female,34.3,No,0,1,0,0,Medium,8622,4.8,10,2,0,6,Private,74.0,Urban,16454,17205.0
53,Male,25.2,No,0,0,0,0,Low,2750,5.3,5,7,0,7,Government,66.0,Rural,17204,16377.0
42,Male,24.8,No,0,0,0,0,Medium,13140,8.5,2,6,2,0,Private,94.0,Semi-Urban,13932,20564.0
54,Male,26.3,No,0,0,0,0,Low,4669,8.7,6,8,0,6,,0.0,Urban,4612,12453.0
18,Male,25.4,No,1,0,0,0,Medium,1393,5.8,1,5,0,5,Government,52.0,Urban,15661,14520.0
32,Female,24.9,No,0,0,0,0,Medium,9785,8.6,7,5,4,6,Private,79.0,Rural,2943,34470.0
54,Female,31.7,Yes,0,0,0,1,High,12073,6.7,7,1,0,6,Private,76.0,Urban,13339,17133.0
30,Male,26.8,No,0,0,1,0,Medium,10077,6.4,10,5,0,0,Private,79.0,Urban,10053,13420.0
25,Male,29.6,No,0,0,0,0,Medium,9139,8.2,8,5,0,2,Private,75.0,Urban,5153,8134.0
22,Male,31.2,Yes,0,0,1,1,Medium,4052,6.7,1,5,0,0,Government,68.0,Urban,3961,14264.0
77,Male,27.9,No,0,0,0,0,Low,9696,6.3,2,5,2,2,Private,77.0,Urban,5980,20171.0
18,Male,21.1,No,1,0,0,0,Low,6236,4.1,1,8,1,4,Government,78.0,Urban,7214,18257.0
53,Female,19.2,No,1,0,0,1,Medium,4750,4.1,8,8,1,1,Private,78.0,Urban,6768,19266.0
52,Female,26.7,No,0,0,0,0,Low,2777,7.1,8,3,0,3,,0.0,Rural,1114,7375.0
83,Male,25.1,No,0,0,0,0,Medium,7933,4.4,3,3,2,4,Private,75.0,Semi-Urban,9377,22226.0
80,Male,26.4,No,0,0,0,0,Low,13629,7.7,10,1,0,1,Government,56.0,Rural,6997,7691.0
40,Male,25.9,No,0,1,1,0,High,12689,7.1,2,4,1,7,Private,90.0,Urban,3982,23372.0
26,Female,38.9,No,1,0,0,1,High,9325,6.3,9,7,0,5,,0.0,Urban,19190,20044.0
51,Female,19.3,No,0,0,1,0,Low,3925,7.5,5,5,2,4,,0.0,Urban,8407,27321.0
63,Female,16.1,No,0,1,0,0,Medium,8347,9.0,9,4,0,1,,0.0,Urban,19029,13652.0
21,Male,27.7,Yes,0,0,1,0,Medium,7820,5.2,2,9,3,7,Government,71.0,Rural,4557,38218.0
47,Female,24.1,Yes,0,0,0,0,High,13499,6.8,6,8,1,2,Government,74.0,Urban,5727,18381.0
89,Male,27.6,No,0,0,0,0,Low,1584,8.2,1,3,0,3,Government,78.0,Semi-Urban,6555,8375.0
20,Female,28.9,No,1,0,0,1,Medium,10628,4.1,7,4,3,5,Government,58.0,Rural,17154,35413.0
31,Female,32.4,No,0,0,1,0,Medium,9548,5.0,4,4,2,6,Government,78.0,Semi-Urban,6449,27727.0
77,Female,18.5,No,0,1,0,0,Low,8602,6.6,7,2,0,2,Private,89.0,Semi-Urban,1172,8247.0
62,Male,23.2,Yes,0,0,0,0,Low,6196,6.8,9,5,0,6,Government,70.0,Semi-Urban,17809,18879.0
51,Male,28.1,No,0,0,0,0,Low,12546,4.4,1,3,1,3,Government,72.0,Urban,18410,17186.0
62,Female,29.9,Yes,0,0,0,0,High,10942,6.0,1,3,0,1,Government,61.0,Urban,2032,7947.0
78,Male,37.0,No,0,1,1,0,Low,2700,6.6,7,6,1,5,Private,70.0,Rural,12302,27161.0
33,Male,30.8,No,0,1,0,0,Medium,10901,6.1,10,1,1,0,Government,76.0,Urban,1663,12483.0
83,Male,25.7,No,0,0,0,0,Low,4681,7.5,2,5,3,7,Government,63.0,Urban,5329,30030.0
57,Male,21.5,Yes,0,0,0,0,Low,9728,7.9,8,5,1,0,Government,64.0,Urban,5843,16138.0
34,Male,23.2,No,0,0,1,0,Medium,3468,6.3,4,6,0,6,Government,68.0,Urban,1650,14871.0
51,Male,23.0,No,0,0,1,0,High,9342,6.1,7,4,1,0,Government,72.0,Urban,10850,18965.0
33,Male,29.3,No,1,0,0,1,Medium,10947,7.5,10,1,0,5,Private,91.0,Urban,3421,12965.0
77,Female,27.3,No,0,0,0,0,Medium,3550,6.8,2,3,0,6,Government,71.0,Rural,17949,14144.0
83,Male,19.4,No,0,1,0,0,Medium,1887,8.4,8,5,0,6,Government,78.0,Rural,18797,18281.0
83,Male,23.8,No,1,0,0,0,Medium,12187,6.4,6,5,0,5,Private,88.0,Semi-Urban,2786,12910.0
30,Female,30.4,No,0,0,0,0,Medium,5838,6.9,1,2,0,6,Private,86.0,Semi-Urban,9517,10167.0
73,Female,27.8,No,0,0,0,0,High,3562,4.6,9,3,1,0,,0.0,Urban,1460,11732.0
48,Female,28.8,No,0,0,0,0,Medium,10800,8.2,2,5,0,5,Private,86.0,Urban,12548,11988.0
51,Female,27.9,No,0,0,0,0,Medium,8790,6.1,4,4,0,7,Private,93.0,Semi-Urban,19776,15790.0
56,Male,34.1,No,0,1,0,0,Medium,7727,7.6,9,3,2,4,,0.0,Rural,15553,27009.0
84,Female,27.2,Yes,0,0,0,0,Low,6531,6.1,8,1,1,6,Private,72.0,Rural,10371,21407.0
25,Female,24.1,No,1,1,0,0,Low,10433,4.0,8,4,0,7,,0.0,Semi-Urban,12578,18296.0
72,Male,21.4,Yes,0,0,0,0,Low,1207,6.0,4,8,1,4,Private,93.0,Rural,4572,19654.0
44,Male,27.2,No,0,0,0,1,Medium,4832,4.7,1,3,1,0,Government,72.0,Urban,8905,13267.0
70,Male,13.8,No,0,0,0,0,Low,4361,6.0,10,1,0,5,Private,89.0,Semi-Urban,14639,12606.0
56,Female,25.1,No,0,0,1,0,Low,3899,5.6,4,6,1,2,,0.0,Urban,1957,18260.0
82,Male,25.0,No,0,0,0,0,High,9151,5.0,3,2,2,1,,0.0,Rural,5062,18109.0
34,Female,19.2,No,0,0,0,0,Medium,14596,4.6,3,6,3,0,Private,81.0,Urban,743,22479.0
47,Male,21.4,No,0,0,0,0,Low,12779,7.6,1,5,0,2,Private,91.0,Urban,4706,6794.0
70,Male,30.0,No,0,1,0,0,Medium,11947,7.8,9,2,1,2,Government,75.0,Urban,19753,20426.0
30,Female,27.2,No,0,0,0,0,Low,6750,5.3,3,2,0,2,Government,71.0,Urban,14944,8899.0
38,Male,26.5,No,1,0,0,0,Medium,11917,6.5,4,5,0,6,,0.0,Urban,938,11936.0
36,Male,27.5,No,0,0,0,0,Medium,5034,6.3,1,1,0,4,Private,74.0,Urban,2201,6005.0
70,Male,26.5,Yes,1,0,0,0,Low,3279,5.8,3,3,1,7,Private,88.0,Rural,17261,26273.0
36,Male,32.2,No,0,0,1,0,Low,6761,5.4,1,7,1,3,,0.0,Semi-Urban,18662,23685.0
74,Male,26.6,No,0,0,0,1,Low,10180,4.9,4,2,2,5,Government,76.0,Urban,552,21544.0
42,Female,18.7,No,0,0,0,0,Low,14168,8.4,10,6,0,4,Private,88.0,Urban,10057,12018.0
48,Female,34.2,No,1,0,0,0,Low,7747,8.2,7,1,2,0,,0.0,Urban,4023,19493.0
72,Male,27.9,No,0,1,0,0,High,7475,6.1,10,1,1,6,Private,91.0,Rural,13083,21402.0
40,Female,23.1,No,0,1,0,0,Medium,8804,7.6,8,4,0,5,Government,71.0,Rural,3686,11799.0
49,Female,19.7,No,0,0,0,0,High,12051,6.5,8,5,1,6,,0.0,Urban,11758,19498.0
79,Female,28.0,No,0,0,0,0,Medium,13494,4.4,1,4,0,0,,0.0,Semi-Urban,9563,7089.0
27,Male,25.4,Yes,0,1,0,0,Medium,2649,8.1,6,3,1,0,Private,73.0,Rural,9596,17581.0
89,Male,33.9,No,0,0,0,0,Low,3408,5.1,8,4,3,1,,0.0,Semi-Urban,10418,27922.0
71,Male,24.3,No,1,0,0,0,Low,14662,7.5,10,1,1,1,,0.0,Urban,15630,18538.0
69,Female,21.8,No,0,1,0,0,Medium,11612,6.6,10,6,0,3,Private,73.0,Urban,18392,16352.0
37,Female,30.5,No,0,0,0,0,High,10316,7.5,8,7,4,4,Private,74.0,Urban,3207,34217.0
49,Male,30.6,Yes,0,1,0,0,Low,14781,6.4,9,6,1,2,Private,76.0,Semi-Urban,9220,21464.0
31,Male,26.8,No,0,0,0,0,Medium,9720,7.5,8,5,1,5,Government,50.0,Rural,17783,20359.0
67,Female,29.4,No,0,0,0,1,Low,6596,4.2,5,4,2,6,,0.0,Semi-Urban,15322,27719.0
45,Female,25.8,No,0,0,1,0,Medium,10463,4.2,1,3,3,4,,0.0,Urban,9171,32025.0
70,Male,27.2,No,0,1,0,0,Medium,8542,8.5,9,4,3,0,Private,77.0,Rural,11849,29171.0
41,Female,31.8,No,1,0,0,0,Medium,2419,7.7,10,4,0,3,Private,70.0,Urban,12798,14113.0
39,Female,29.1,No,0,0,0,0,Low,6695,8.1,10,3,1,1,Private,81.0,Urban,4177,12906.0
47,Female,25.2,Yes,0,1,0,0,Low,9126,6.3,10,2,1,5,Government,72.0,Urban,19603,25377.0
80,Female,32.8,No,0,1,0,0,Medium,5173,6.3,10,2,1,3,Private,84.0,Semi-Urban,17438,21015.0
21,Female,14.2,No,0,1,0,0,High,2735,6.7,5,1,2,2,,0.0,Rural,15671,22547.0
76,Female,36.3,No,1,0,0,0,Low,13328,5.2,7,3,2,3,Private,81.0,Semi-Urban,17764,27438.0
25,Female,17.5,No,0,1,0,0,Medium,14492,7.7,7,3,0,3,Government,52.0,Urban,9019,10731.0
29,Male,22.9,No,1,0,0,0,Medium,5385,8.1,4,1,1,3,Private,73.0,Semi-Urban,9662,16266.0
48,Male,25.8,Yes,0,0,1,0,Low,2148,8.5,8,3,1,0,Government,55.0,Rural,597,18713.0
51,Female,25.3,No,0,1,0,0,Medium,9023,6.6,10,2,2,2,Government,61.0,Semi-Urban,4896,21648.0
66,Female,31.0,No,0,0,1,0,Low,6587,6.1,9,5,0,1,Government,55.0,Urban,14723,16267.0
74,Female,20.7,No,0,0,0,0,Medium,14546,8.2,4,7,1,4,Private,75.0,Semi-Urban,12715,18716.0
43,Male,27.3,No,0,0,0,0,Medium,10715,7.8,2,4,1,1,,0.0,Urban,15284,15064.0
35,Male,23.1,Yes,1,1,1,0,Medium,11953,8.3,10,6,1,3,,0.0,Semi-Urban,12903,30564.0
55,Female,27.5,No,0,0,1,1,Low,7695,7.3,4,3,0,3,Private,76.0,Rural,19968,18815.0
67,Male,25.7,No,0,0,0,0,High,9902,8.4,2,2,2,4,Private,77.0,Urban,10408,21633.0
25,Female,26.5,Yes,0,0,0,0,Low,10152,4.4,1,4,1,2,Private,86.0,Urban,5730,15414.0
58,Female,23.3,No,0,0,0,0,Medium,14110,7.4,1,6,1,3,Government,65.0,Semi-Urban,10089,15886.0
23,Female,23.4,No,0,1,0,0,Medium,12901,4.4,4,4,0,0,Government,71.0,Semi-Urban,13292,9550.0
86,Female,27.4,No,0,0,0,0,Medium,8858,7.7,9,3,0,6,Government,52.0,Urban,5875,12104.0
61,Female,30.7,No,0,0,0,0,Low,1004,7.1,9,4,1,5,Private,88.0,Urban,18459,21079.0
81,Female,23.0,No,0,1,0,0,High,5919,4.1,7,5,1,0,Government,57.0,Semi-Urban,15262,18289.0
46,Female,21.7,Yes,0,0,0,0,Low,9309,7.0,5,2,1,1,Government,71.0,Urban,12071,16792.0
45,Male,29.1,No,0,0,0,0,High,3791,4.7,6,2,1,6,Private,79.0,Urban,9246,17347.0
28,Female,25.8,No,1,0,0,0,Low,13948,4.7,1,8,1,0,Government,73.0,Rural,17772,18566.0
82,Male,30.2,No,0,1,0,0,Low,14625,4.8,3,2,2,7,Government,50.0,Rural,16963,28635.0
36,Female,21.5,No,0,0,0,1,Low,14512,6.4,1,3,1,1,Private,92.0,Urban,9382,13880.0
26,Female,17.1,Yes,0,0,0,0,Low,10758,4.6,10,4,1,6,Government,70.0,Rural,3892,19601.0
44,Male,23.3,No,1,0,0,0,Low,7892,4.6,5,2,0,3,Private,85.0,Urban,11183,11634.0
51,Male,22.2,No,1,0,0,0,Low,7573,5.3,4,5,1,0,Private,94.0,Urban,3369,13997.0
61,Female,25.6,No,1,1,0,0,High,13954,4.0,3,3,2,7,,0.0,Semi-Urban,17825,31236.0
85,Male,22.8,No,0,1,0,0,Medium,6829,5.4,6,4,0,0,Private,79.0,Semi-Urban,4359,8492.0
32,Female,29.7,No,0,0,0,0,Low,7824,7.1,6,3,0,4,Private,82.0,Urban,5597,8810.0
68,Female,24.6,No,1,0,1,0,Low,4372,7.0,9,3,0,1,,0.0,Rural,932,13678.0
30,Male,26.8,No,0,1,0,0,Medium,6539,8.8,4,1,2,4,Private,86.0,Semi-Urban,10753,23030.0
66,Male,26.8,Yes,0,0,0,0,Low,12521,4.6,9,5,1,2,,0.0,Rural,2164,17173.0
87,Male,27.0,No,1,0,0,0,High,6181,8.3,4,3,0,6,Government,54.0,Urban,10825,15098.0
73,Male,25.9,Yes,0,1,0,0,Medium,14303,6.0,8,3,1,5,Government,57.0,Semi-Urban,16698,25046.0
68,Female,28.6,No,0,0,0,0,Medium,11900,5.9,8,5,0,4,Government,58.0,Urban,17624,14305.0
54,Male,22.0,Yes,0,0,1,0,Medium,10377,5.7,2,5,2,6,Private,72.0,Rural,6035,30750.0
34,Male,33.0,No,0,0,0,0,Medium,8253,4.6,10,3,0,7,Private,89.0,Urban,17783,15805.0
75,Male,24.8,Yes,0,1,0,1,Low,6132,6.4,8,2,2,6,Government,60.0,Semi-Urban,16771,32975.0
46,Male,19.4,Yes,0,0,0,1,Low,12538,7.9,2,3,0,0,Government,68.0,Urban,8679,10206.0
50,Male,26.9,No,0,1,0,0,Low,5512,8.4,8,1,1,7,Government,52.0,Rural,19652,23303.0
77,Female,21.7,No,0,1,1,0,Medium,2147,8.8,6,5,1,6,,0.0,Urban,11921,26767.0
72,Female,29.3,No,0,1,0,0,Medium,14157,7.9,3,4,1,7,Government,67.0,Urban,16570,23090.0
27,Male,37.0,No,0,1,0,0,Medium,4066,7.1,7,4,2,0,,0.0,Rural,10927,21928.0
64,Male,22.1,Yes,0,0,0,0,Low,9807,6.5,6,7,0,2,Private,74.0,Semi-Urban,10516,13698.0
40,Female,27.7,No,0,1,0,0,Medium,4120,8.4,3,1,1,1,Private,73.0,Urban,5463,13070.0
38,Male,17.2,No,0,0,0,0,Low,2026,7.7,5,3,2,7,Private,76.0,Urban,18495,26624.0
30,Female,28.3,No,0,1,0,0,Medium,14221,4.8,4,6,1,1,,0.0,Urban,17964,18838.0
50,Female,21.6,No,1,0,0,0,High,4070,7.4,6,2,2,5,Private,77.0,Semi-Urban,8194,24606.0
41,Male,22.9,No,0,0,0,0,Medium,9953,6.2,1,4,4,1,,0.0,Urban,7815,30452.0
28,Female,20.5,No,0,0,0,0,High,6842,7.0,1,4,0,7,Private,77.0,Semi-Urban,15133,13115.0
34,Male,29.7,Yes,0,1,1,0,High,11822,8.5,8,1,1,2,Government,64.0,Urban,8801,23811.0
85,Male,31.0,No,0,0,0,0,Medium,13558,7.3,8,4,0,3,Private,80.0,Semi-Urban,17872,13592.0
64,Female,26.1,No,1,0,0,0,Low,6669,8.7,9,4,3,3,Private,89.0,Urban,13212,32327.0
42,Female,21.7,No,1,1,0,0,Low,8320,8.3,8,3,1,2,Government,63.0,Urban,2943,17274.0
38,Male,33.9,No,0,0,0,0,Medium,8484,4.6,2,7,0,4,Government,73.0,Semi-Urban,3334,9177.0
29,Female,22.2,No,0,0,0,0,High,11197,4.1,5,6,2,2,,0.0,Semi-Urban,17024,23353.0
54,Male,15.2,Yes,0,0,0,0,Medium,5822,5.9,8,3,1,7,Government,55.0,Urban,7013,21040.0
59,Female,28.3,No,0,0,0,1,Low,9625,8.3,9,1,2,3,Government,61.0,Urban,9704,23040.0
34,Female,20.5,No,0,0,0,0,High,13809,5.2,6,7,1,5,Private,71.0,Urban,17044,20408.0
65,Male,30.9,Yes,0,1,0,0,Low,12108,7.5,4,5,0,5,Government,65.0,Rural,9319,16823.0
45,Male,24.1,Yes,0,0,0,1,Medium,13154,6.4,9,6,0,3,Government,57.0,Rural,12410,16446.0
58,Male,29.0,Yes,0,0,0,0,Medium,11729,7.7,4,5,1,4,Private,94.0,Semi-Urban,4639,18422.0
64,Female,33.0,No,0,0,0,1,High,14097,4.8,6,4,1,0,Private,73.0,Urban,7941,14952.0
35,Male,20.0,No,0,1,1,0,High,2222,5.2,5,5,2,0,Government,72.0,Semi-Urban,13533,27360.0
88,Male,23.2,Yes,0,0,0,0,High,13723,5.2,1,12,0,0,,0.0,Rural,14115,14690.0
30,Female,25.6,Yes,0,0,0,0,Medium,11456,6.7,4,1,0,1,Government,72.0,Rural,7564,8637.0
30,Female,33.7,No,1,0,0,0,Medium,10725,5.4,10,1,1,3,Government,53.0,Rural,18736,20532.0
48,Male,22.7,No,0,1,0,0,Medium,7183,8.1,3,5,0,6,Private,89.0,Urban,12607,14823.0
19,Male,23.0,No,0,1,0,0,High,5793,5.7,8,0,2,6,Government,56.0,Urban,2120,22106.0
33,Male,28.4,No,1,0,0,0,Low,6608,7.3,7,5,1,2,Private,94.0,Urban,3002,15913.0
26,Male,23.1,No,1,0,0,0,Low,9983,8.7,10,4,1,6,Government,69.0,Urban,9745,21037.0
55,Female,26.8,Yes,0,0,0,0,Low,8748,7.0,1,3,1,4,Private,77.0,Semi-Urban,12355,19211.0
71,Female,18.2,No,0,0,1,0,Medium,14560,5.2,8,4,1,6,Government,66.0,Urban,3246,21940.0
73,Male,37.1,No,0,0,0,0,Low,12348,8.2,7,2,0,3,Government,68.0,Rural,8236,9644.0
62,Male,19.3,No,0,0,0,0,Medium,7547,4.1,2,3,3,0,,0.0,Urban,5065,22938.0
51,Male,24.4,No,1,0,0,0,Low,10244,5.3,10,3,2,7,Private,77.0,Urban,4995,26551.0
26,Female,25.8,No,0,1,0,0,Low,3084,5.9,4,3,1,4,Private,74.0,Urban,9565,17364.0
25,Male,35.6,No,0,0,0,0,Low,3554,5.0,2,5,2,2,Private,91.0,Rural,8581,20142.0
24,Male,19.4,No,0,0,0,0,Medium,12795,7.0,9,3,1,6,Government,76.0,Rural,6980,16956.0
53,Female,35.9,No,0,0,0,0,Low,2681,6.8,8,0,0,7,Private,77.0,Urban,15633,14027.0
35,Female,29.8,No,0,0,0,0,Low,11499,6.0,1,6,1,3,Private,78.0,Urban,1175,12947.0
20,Male,28.1,No,0,0,0,0,High,4722,5.5,1,2,1,2,Private,89.0,Urban,3649,10938.0
45,Male,21.1,Yes,0,0,1,0,High,12518,6.2,8,3,0,3,,0.0,Rural,7908,17105.0
87,Female,28.9,Yes,0,1,0,0,High,3036,5.5,5,8,1,3,Government,66.0,Urban,11248,23581.0
61,Male,22.4,No,0,1,0,0,Medium,8103,5.1,1,2,4,7,Government,69.0,Urban,11931,38071.0
38,Male,32.3,Yes,0,1,1,0,High,4157,5.8,4,3,3,0,Private,84.0,Urban,9553,34595.0
45,Female,21.1,No,0,0,1,1,Medium,12917,7.0,2,4,1,7,Private,85.0,Rural,15117,26168.0
71,Female,25.4,No,0,1,0,0,High,11873,7.2,9,2,0,4,Government,69.0,Rural,2105,10614.0
71,Female,23.2,No,0,0,0,0,Low,11156,5.5,10,2,2,7,,0.0,Rural,2841,23368.0
82,Male,21.1,No,0,0,0,0,Low,11651,8.7,6,5,0,7,Private,82.0,Urban,13382,15088.0
38,Female,29.7,No,1,0,0,0,Low,8555,5.3,9,2,1,5,Private,79.0,Urban,14406,21073.0
30,Female,28.7,Yes,0,0,0,0,High,8567,7.6,1,6,1,5,Government,70.0,Semi-Urban,17854,22417.0
74,Male,32.0,No,1,1,0,0,Medium,9613,4.4,1,4,1,5,Government,62.0,Urban,19500,24590.0
66,Male,17.1,No,0,0,0,0,Medium,1958,7.3,4,4,0,0,Private,82.0,Urban,4017,5438.0
71,Female,31.3,No,0,0,0,0,Medium,6452,6.3,2,4,3,3,,0.0,Rural,4921,26235.0
27,Female,38.5,Yes,0,0,0,0,High,14971,6.8,1,5,2,0,Private,93.0,Rural,16344,23798.0
70,Male,23.7,Yes,0,1,0,0,High,14764,4.9,6,2,1,3,Government,53.0,Urban,7501,19761.0
61,Male,35.5,No,1,1,0,0,Medium,11238,6.2,8,4,2,6,,0.0,Urban,15698,31494.0
64,Female,24.7,Yes,0,0,1,0,Medium,9786,7.8,1,2,4,5,Government,57.0,Semi-Urban,9632,41911.0
70,Female,19.1,No,0,0,1,0,Low,14460,7.8,10,4,0,5,Private,91.0,Semi-Urban,10286,17659.0
63,Male,24.5,No,0,1,0,0,Medium,3217,5.2,10,1,0,0,Government,76.0,Urban,11031,9704.0
30,Female,31.2,No,1,0,0,0,High,10540,5.8,6,3,0,6,Government,51.0,Rural,18621,16822.0
54,Male,21.8,No,0,0,0,1,Medium,3829,4.0,1,2,1,3,Private,94.0,Urban,19213,18398.0
41,Female,23.0,Yes,0,0,0,0,Medium,1227,4.4,8,6,0,5,Private,87.0,Semi-Urban,7165,14660.0
19,Male,29.0,No,0,0,0,0,Low,8493,4.6,6,6,0,1,Private,73.0,Semi-Urban,17351,10855.0
31,Male,26.0,No,0,0,0,0,Low,1004,5.5,1,9,0,1,,0.0,Urban,3630,7089.0
27,Female,28.9,No,0,0,0,0,Low,1151,7.8,9,6,0,5,Government,53.0,Semi-Urban,10598,12786.0
52,Female,27.2,No,0,0,0,0,Medium,11460,6.6,1,4,0,2,Government,74.0,Rural,12287,8942.0
42,Male,28.4,No,1,1,1,1,Medium,13444,8.0,9,3,2,3,,0.0,Urban,1655,30588.0
20,Female,23.8,No,1,0,0,0,High,12521,7.8,3,9,2,0,Government,56.0,Rural,15310,24407.0
34,Female,27.2,No,0,0,0,0,Medium,4077,6.9,8,5,2,3,Private,70.0,Urban,9438,22327.0
29,Female,21.4,No,0,0,0,1,Low,7433,6.5,8,7,0,0,,0.0,Semi-Urban,7311,9315.0
71,Male,32.4,No,0,0,0,0,Low,11517,8.7,7,3,1,2,,0.0,Urban,807,12834.0
41,Female,22.8,No,0,0,0,0,High,4971,6.8,2,4,0,5,Private,76.0,Rural,1982,8099.0
46,Female,31.6,Yes,0,1,0,0,Medium,2004,6.4,3,6,2,5,Government,50.0,Urban,14621,30254.0
60,Male,24.8,No,1,0,0,0,Medium,14168,8.3,5,1,2,5,Private,87.0,Urban,16367,26754.0
42,Female,27.0,No,1,0,0,0,Medium,8301,4.4,5,5,0,3,Private,84.0,Rural,957,9837.0
77,Female,23.5,No,0,0,0,0,Low,9002,7.3,2,7,1,2,Government,60.0,Semi-Urban,2703,13856.0
82,Male,20.9,No,1,0,1,0,Low,4660,4.6,1,3,1,0,,0.0,Urban,10866,20427.0
45,Male,17.3,Yes,1,1,0,0,Low,4518,8.1,5,1,1,4,Government,78.0,Rural,14863,23978.0
33,Female,20.7,Yes,0,0,0,1,Low,14270,8.0,5,8,0,5,Private,78.0,Rural,18523,19538.0
64,Female,24.4,Yes,0,1,1,0,Medium,10186,6.5,3,7,1,0,Government,76.0,Urban,9218,24177.0
75,Male,27.1,No,0,1,0,0,Medium,7489,7.3,8,1,0,2,Government,76.0,Semi-Urban,14548,12277.0
44,Male,31.1,No,0,0,0,0,High,10928,7.9,6,3,0,3,Government,64.0,Urban,2884,7478.0
70,Female,23.8,No,0,0,0,0,High,10814,6.4,2,8,1,7,,0.0,Semi-Urban,12520,21070.0
59,Female,21.6,Yes,0,0,0,0,Medium,3627,8.5,2,5,1,7,Private,86.0,Semi-Urban,15118,23363.0
76,Female,18.8,No,0,1,0,0,Medium,11145,6.2,4,3,0,3,Private,73.0,Semi-Urban,19543,14347.0
64,Male,28.4,No,0,0,0,0,Medium,5708,8.5,6,1,3,2,Private,74.0,Urban,8778,25965.0
51,Female,32.9,No,0,0,0,1,Low,7087,6.9,9,6,1,6,Government,66.0,Semi-Urban,8156,20954.0
54,Male,32.3,No,0,0,0,0,High,7817,6.1,8,4,0,7,Private,78.0,Urban,17678,16152.0
23,Male,29.5,No,1,0,0,0,Medium,7456,4.0,8,5,1,3,Private,74.0,Urban,19014,21549.0
24,Male,29.2,No,0,1,1,0,High,12684,5.5,2,7,0,6,Private,90.0,Urban,12861,20214.0
42,Female,34.5,Yes,0,0,0,0,High,2925,8.3,4,5,2,1,Private,86.0,Urban,19521,26331.0
50,Female,27.7,Yes,1,0,0,0,Medium,6702,6.1,6,5,0,5,Government,63.0,Urban,4596,15910.0
72,Female,29.2,Yes,1,0,0,1,Low,9364,6.1,6,4,1,4,Government,63.0,Semi-Urban,1625,21804.0
75,Male,24.4,No,0,0,0,0,Medium,10384,6.4,10,2,1,2,Government,78.0,Semi-Urban,19659,18530.0
24,Female,19.2,No,1,0,0,1,Medium,10318,5.4,6,2,2,4,Government,76.0,Rural,2888,23122.0
74,Male,22.6,Yes,0,0,0,0,Medium,1227,6.5,8,4,0,2,Private,82.0,Rural,11713,13472.0
29,Male,26.0,No,0,0,0,0,Low,8300,5.9,8,3,2,4,,0.0,Urban,11348,22764.0
33,Male,26.3,No,0,0,0,0,Medium,4643,8.5,7,4,2,0,Government,59.0,Rural,18207,21911.0
60,Male,35.6,No,0,0,0,1,High,11178,6.8,5,4,2,2,Government,52.0,Urban,11690,23475.0
24,Male,26.4,No,0,0,0,0,High,4728,8.2,6,2,0,7,Private,85.0,Urban,15579,13546.0
68,Male,31.9,No,0,1,0,0,Low,10426,7.4,6,4,1,3,Government,70.0,Urban,10239,18589.0
49,Female,23.8,No,0,1,0,0,High,6228,5.1,3,9,0,4,Government,62.0,Urban,15884,15859.0
25,Male,24.4,No,0,0,0,0,Low,12958,8.3,3,3,1,0,Government,69.0,Semi-Urban,6317,10927.0
89,Female,19.4,No,0,0,1,0,High,5616,4.4,7,5,1,0,Government,71.0,Semi-Urban,13669,20863.0
62,Male,22.3,No,0,1,0,0,Low,4715,6.2,6,4,0,6,Government,54.0,Urban,14383,15824.0
76,Female,28.6,Yes,0,0,1,0,High,5521,5.2,5,8,2,5,Government,51.0,Semi-Urban,3055,31494.0
21,Female,26.0,No,0,1,0,0,Medium,3121,6.7,6,3,1,0,Government,65.0,Semi-Urban,8992,14298.0
84,Female,30.7,No,0,1,0,0,Low,8263,5.5,6,5,1,3,Government,56.0,Semi-Urban,14826,20649.0
46,Female,26.9,No,0,0,0,0,Low,8296,7.6,4,3,0,0,,0.0,Rural,6443,5660.0
46,Male,24.2,No,0,0,0,0,Low,1342,8.7,5,1,2,4,Private,94.0,Semi-Urban,652,18442.0
45,Male,36.7,No,0,0,0,0,Medium,13658,7.5,7,0,0,6,Private,78.0,Urban,1685,8707.0
61,Male,25.5,No,1,0,0,0,High,7544,5.8,1,8,4,3,Government,77.0,Urban,12846,38139.0
21,Male,31.8,Yes,1,1,0,0,Medium,12123,7.0,10,2,2,5,,0.0,Urban,16024,32481.0
26,Female,24.0,No,1,1,0,0,High,5317,8.4,6,2,0,7,Private,84.0,Semi-Urban,2713,14154.0
22,Female,29.5,Yes,0,0,0,0,Medium,13927,5.4,5,3,1,2,Government,67.0,Semi-Urban,13553,18191.0
73,Female,30.6,Yes,0,0,0,0,High,14823,4.6,6,9,0,3,,0.0,Semi-Urban,3050,13493.0
67,Male,27.0,No,0,0,1,0,Medium,10550,4.7,1,2,2,2,Private,76.0,Urban,12064,25369.0
32,Female,14.2,Yes,1,0,0,0,Low,11613,6.5,4,2,3,7,Private,87.0,Rural,18865,37426.0
49,Male,26.1,No,0,0,0,0,Medium,14318,7.7,8,3,1,2,,0.0,Semi-Urban,8695,14772.0
45,Female,32.2,No,0,1,0,0,Low,5832,7.3,4,2,2,2,Government,53.0,Urban,6691,21073.0
39,Female,28.6,No,0,0,1,0,High,14700,6.3,10,4,1,2,Private,83.0,Urban,8315,20333.0
34,Female,28.2,Yes,0,0,0,0,Low,14427,7.6,8,2,1,7,Government,73.0,Semi-Urban,5770,20257.0
76,Female,17.4,No,0,0,0,0,Low,4174,7.2,8,2,5,7,Private,78.0,Semi-Urban,10669,43243.0
88,Female,22.4,No,0,0,0,0,Low,9929,7.1,2,5,1,7,,0.0,Urban,16961,21520.0
74,Male,28.1,No,1,0,0,0,Medium,13852,5.0,6,6,1,6,Private,94.0,Urban,11526,22681.0
43,Female,28.1,No,0,0,1,0,Low,9054,5.6,7,5,2,5,Government,79.0,Rural,19914,32077.0
42,Male,32.1,No,0,0,0,0,High,2026,5.7,7,2,2,7,Government,55.0,Urban,18222,27070.0
27,Male,25.3,No,0,1,0,0,Low,6949,8.0,1,4,2,6,Private,89.0,Rural,984,22194.0
62,Male,28.0,No,0,0,0,0,Low,5639,7.9,4,5,1,3,Government,76.0,Urban,7816,15625.0
28,Male,26.1,Yes,0,0,0,0,Low,2103,5.3,7,7,0,7,,0.0,Urban,17534,19403.0
70,Male,21.1,No,0,1,1,0,Low,3683,4.3,6,6,0,6,Government,70.0,Urban,11415,20857.0
89,Male,14.7,No,0,1,1,0,Medium,5944,7.8,3,5,0,5,Government,73.0,Urban,13723,19938.0
85,Male,28.2,No,0,0,0,0,Low,7964,6.0,10,7,0,7,Government,50.0,Semi-Urban,18942,18629.0
45,Male,26.9,No,0,0,0,0,Low,9587,5.1,10,4,1,5,,0.0,Urban,19020,21013.0
82,Female,22.9,Yes,0,1,0,0,Low,12131,4.6,1,3,2,1,,0.0,Semi-Urban,939,21809.0
66,Female,17.9,No,0,0,0,0,Low,13676,4.1,5,3,1,6,Private,94.0,Semi-Urban,971,15148.0
64,Male,29.1,No,1,0,1,0,Medium,12523,6.1,8,6,0,7,Private,93.0,Urban,9739,22175.0
69,Male,24.7,No,0,0,0,1,Medium,14623,5.7,3,5,1,1,,0.0,Urban,15166,17571.0
71,Male,28.8,No,0,0,0,0,Low,8503,7.5,5,6,1,7,Private,74.0,Urban,7393,19502.0
77,Female,35.3,Yes,0,0,0,0,Low,8377,8.9,9,2,2,6,,0.0,Rural,5707,26711.0
74,Female,15.3,Yes,0,0,0,0,Medium,10726,5.0,8,3,1,6,Private,78.0,Urban,11268,21919.0
64,Male,22.5,Yes,0,1,1,0,Low,9236,5.2,9,6,1,0,,0.0,Urban,17517,27410.0
48,Male,25.0,No,0,1,0,0,Medium,2979,5.7,5,3,2,6,Private,90.0,Rural,19419,28536.0
63,Female,33.3,No,0,1,0,0,High,2864,6.3,3,3,1,4,Private,83.0,Semi-Urban,18268,20739.0
43,Female,17.8,No,1,0,0,0,Low,10999,7.5,9,1,0,4,,0.0,Urban,12421,13020.0
22,Male,35.7,Yes,0,0,0,0,Low,11466,5.8,4,3,1,5,,0.0,Semi-Urban,3788,17647.0
69,Male,26.7,No,0,1,0,0,Low,5444,4.5,1,0,2,7,,0.0,Rural,6651,23976.0
71,Male,25.5,No,0,0,0,0,Medium,11352,7.7,2,4,0,4,Private,77.0,Semi-Urban,8986,10081.0
50,Male,25.0,No,0,0,0,0,Low,4101,8.0,8,2,1,0,,0.0,Semi-Urban,10256,13227.0
67,Female,23.8,No,0,0,0,0,Medium,11515,5.2,2,4,1,7,Private,82.0,Urban,4474,16996.0
55,Female,31.2,Yes,0,0,1,0,High,4433,4.7,6,2,2,4,Private,92.0,Urban,8588,29812.0
44,Male,20.7,Yes,1,0,1,0,Low,14013,6.6,5,3,2,3,Government,76.0,Semi-Urban,8088,31027.0
32,Male,27.7,No,0,0,0,0,Low,12699,5.0,9,5,1,6,Private,86.0,Urban,16646,21065.0
78,Male,24.1,No,0,1,0,0,Medium,9995,5.9,8,8,1,5,Private,71.0,Semi-Urban,9909,22056.0
38,Female,22.2,Yes,0,0,1,0,Low,3069,7.9,1,3,2,5,Private,83.0,Urban,19659,32724.0
63,Male,38.9,No,0,1,0,0,Low,13672,5.1,3,5,1,1,,0.0,Urban,11819,17373.0
86,Male,28.1,No,0,1,0,0,Medium,6140,8.0,5,2,0,6,Government,61.0,Urban,16628,16151.0
23,Male,29.1,No,1,0,0,1,Low,14999,7.4,8,5,1,7,,0.0,Urban,13442,24566.0
55,Female,31.7,Yes,1,1,1,0,High,9682,5.1,7,3,2,5,Government,68.0,Urban,9128,35889.0
79,Male,18.9,No,1,0,0,0,Low,14778,6.6,2,5,2,7,Government,56.0,Urban,16881,29711.0
79,Female,34.8,No,0,0,0,0,Medium,2479,7.1,7,3,1,2,Private,78.0,Urban,6723,14841.0
63,Male,13.5,No,0,0,0,0,Medium,12127,5.0,5,10,3,5,,0.0,Urban,3578,29738.0
30,Male,22.2,No,0,0,0,0,Low,2703,4.7,6,7,0,5,Government,51.0,Urban,2373,9978.0
20,Male,23.7,Yes,1,0,0,0,Low,5316,6.7,8,3,0,5,Private,94.0,Rural,3457,14448.0
23,Female,28.9,No,0,0,1,0,Low,12857,7.5,5,2,2,4,Government,60.0,Urban,11204,26688.0
25,Male,27.1,No,0,0,0,0,High,11204,6.3,9,7,0,0,Government,75.0,Urban,1803,6454.0
61,Male,25.2,No,0,0,0,0,Medium,5686,4.4,1,3,3,6,Private,91.0,Urban,14029,30385.0
50,Female,25.9,No,0,0,1,0,Low,6617,8.6,5,1,0,0,Private,83.0,Semi-Urban,15895,12946.0
67,Female,21.1,No,0,0,0,0,Medium,5908,7.5,1,6,2,7,,0.0,Rural,6570,24144.0
28,Female,18.5,No,0,0,0,0,Medium,4230,7.1,1,2,0,3,,0.0,Semi-Urban,19856,10472.0
45,Male,29.6,No,1,1,0,1,High,9334,7.2,1,3,1,2,Government,64.0,Rural,15034,21298.0
87,Female,29.5,Yes,1,0,0,0,Low,2849,6.0,5,4,3,2,Government,78.0,Urban,14379,34639.0
58,Male,33.9,Yes,0,1,0,0,High,5020,8.9,9,7,0,7,Private,86.0,Rural,14916,21852.0
33,Female,22.0,No,1,0,1,0,Medium,9236,4.7,2,3,0,7,,0.0,Semi-Urban,14348,20324.0
85,Female,29.5,No,0,0,0,0,High,1450,7.7,6,3,0,0,,0.0,Urban,9723,7902.0
65,Female,24.6,No,1,0,0,0,Low,2259,6.1,5,2,0,4,Private,85.0,Rural,9079,12262.0
73,Male,32.0,No,0,0,0,0,Low,10195,8.4,7,4,0,7,,0.0,Semi-Urban,16870,16081.0
81,Male,31.1,No,0,1,0,0,High,5777,7.6,7,5,0,5,Government,50.0,Urban,2492,12701.0
76,Male,27.1,No,0,0,0,0,High,8392,6.8,3,4,2,3,Government,75.0,Semi-Urban,11096,22262.0
79,Male,24.3,No,0,0,1,0,Low,8575,8.7,6,4,0,5,Government,56.0,Urban,10433,17239.0
28,Male,30.8,No,0,0,0,0,Medium,14605,8.6,3,4,1,3,Government,76.0,Urban,11043,15397.0
35,Male,29.2,No,0,0,0,0,Low,8986,4.3,2,4,0,7,Government,65.0,Semi-Urban,513,9330.0
36,Male,22.6,No,1,1,0,1,Low,12543,5.0,5,8,1,2,Government,52.0,Rural,13962,23387.0
72,Male,19.4,No,0,0,0,0,Low,2996,7.4,4,5,2,3,Government,51.0,Rural,19988,25218.0
43,Male,24.6,No,0,1,0,0,Low,12866,8.6,4,3,1,5,,0.0,Semi-Urban,18117,21033.0
23,Female,33.6,No,0,0,0,1,Medium,12680,6.2,4,6,1,1,Private,74.0,Urban,10861,16226.0
21,Female,31.7,No,0,0,0,0,Low,5888,4.2,8,10,1,2,Private,71.0,Urban,1981,15165.0
46,Male,20.4,Yes,0,0,0,0,Low,12845,7.2,1,4,0,6,,0.0,Urban,13835,15282.0
76,Male,20.2,No,0,0,1,0,High,8136,5.0,3,4,0,0,Private,80.0,Rural,1249,9701.0
34,Male,32.4,No,0,1,0,1,Low,12224,6.8,9,3,1,6,Private,80.0,Urban,4003,20153.0
60,Male,20.3,No,0,0,0,0,Medium,2494,5.9,3,7,0,3,Private,93.0,Urban,3747,8733.0
83,Female,28.5,No,0,0,0,0,High,10264,6.8,1,1,2,2,Private,86.0,Semi-Urban,12009,20318.0
51,Female,22.9,No,0,1,0,0,Low,13304,8.7,5,0,0,6,Private,90.0,Semi-Urban,17629,14796.0
25,Male,34.1,No,0,0,1,0,Low,13436,6.4,4,5,2,4,Private,74.0,Urban,12615,28308.0
30,Female,22.1,No,0,0,0,0,Medium,2578,4.2,10,2,2,4,,0.0,Urban,2678,20066.0
25,Female,31.7,No,1,0,0,1,Medium,2235,6.9,8,4,1,5,Private,75.0,Urban,7790,20988.0
82,Male,26.9,No,1,0,0,0,Medium,10931,5.6,9,4,0,7,Government,71.0,Rural,16984,19042.0
60,Male,27.3,No,0,0,0,0,Medium,10207,7.9,10,3,1,1,Private,77.0,Rural,1583,12494.0
56,Male,16.1,No,0,0,0,0,High,14004,6.3,5,5,2,5,Private,75.0,Semi-Urban,7107,22735.0
76,Male,15.0,No,0,1,0,0,Low,7993,7.7,1,6,2,0,,0.0,Semi-Urban,6365,20480.0
61,Female,24.9,No,0,0,0,0,Medium,12157,8.5,4,4,0,4,,0.0,Urban,18551,13132.0
26,Male,27.2,No,0,1,0,0,Low,2559,5.8,3,5,0,6,Government,62.0,Urban,1428,11164.0
54,Female,20.4,No,1,0,0,0,Low,10760,8.9,6,6,0,2,Government,64.0,Semi-Urban,8424,11919.0
53,Male,20.6,No,0,0,0,0,Low,11178,4.7,2,3,1,3,Government,77.0,Semi-Urban,19500,17528.0
45,Female,28.8,No,0,1,0,0,Medium,8888,7.2,5,2,0,4,Government,56.0,Semi-Urban,2031,9373.0
59,Male,28.8,No,0,1,0,0,High,10702,4.2,8,2,0,6,Private,87.0,Rural,12221,14910.0
60,Male,25.3,No,0,0,0,0,Low,5575,5.1,5,3,0,4,,0.0,Semi-Urban,8608,9941.0
59,Female,29.9,Yes,0,0,0,0,Low,4856,7.2,5,2,1,1,Government,50.0,Urban,6660,15675.0
83,Female,20.1,No,0,1,0,0,Low,10903,4.2,8,7,1,5,Government,76.0,Rural,955,18950.0
72,Female,24.2,Yes,0,1,0,0,Low,5139,4.5,5,3,1,5,Government,63.0,Urban,15826,24114.0
89,Male,34.2,No,0,1,0,0,Medium,8832,5.5,4,2,4,3,,0.0,Urban,9045,35520.0
65,Female,26.3,No,1,0,0,0,Medium,4527,6.9,10,6,1,5,Private,94.0,Semi-Urban,18996,24688.0
39,Female,26.6,No,0,0,1,0,High,14162,4.1,9,2,1,3,,0.0,Urban,3512,18632.0
44,Female,37.5,No,1,0,0,0,Medium,7498,6.4,2,5,2,4,Government,54.0,Urban,7822,24452.0
84,Female,19.0,No,0,1,0,0,Medium,6819,7.1,1,2,3,7,Government,69.0,Semi-Urban,2785,29686.0
30,Female,30.0,No,1,0,0,0,Low,4868,6.0,4,3,1,3,Government,77.0,Urban,18177,19853.0
62,Female,34.3,Yes,0,0,1,0,Medium,14323,4.3,10,2,2,0,Private,77.0,Urban,2477,25812.0
27,Female,24.4,Yes,0,1,0,0,Medium,5451,7.1,3,4,1,6,Private,80.0,Semi-Urban,7501,21522.0
26,Female,30.3,No,1,0,0,0,High,8304,7.0,9,2,1,0,Government,70.0,Semi-Urban,14418,16854.0
71,Female,21.1,Yes,0,1,0,0,High,13761,6.5,3,3,1,4,Private,80.0,Semi-Urban,13151,21998.0
44,Male,22.6,No,0,0,1,0,High,12861,7.5,3,3,0,4,Government,73.0,Semi-Urban,14581,15932.0
51,Male,27.9,No,0,0,0,0,Low,12836,5.0,10,3,1,0,Government,60.0,Semi-Urban,10895,14325.0
18,Female,30.0,No,0,0,0,0,Low,9094,7.4,7,3,0,5,,0.0,Urban,2569,8631.0
49,Male,31.6,Yes,0,0,0,0,High,11352,4.8,2,6,1,3,Private,80.0,Semi-Urban,17147,21272.0
88,Male,33.8,No,0,0,0,0,Medium,6739,6.0,8,5,0,1,Government,62.0,Urban,5350,8779.0
84,Female,25.7,Yes,0,0,0,0,Medium,10693,4.3,6,0,2,1,Government,60.0,Semi-Urban,13758,23578.0
37,Female,32.0,No,0,0,0,0,Low,1814,8.1,9,4,2,6,Government,74.0,Urban,3828,23048.0
52,Female,24.3,Yes,0,1,1,0,High,8584,6.7,8,4,4,1,Private,72.0,Semi-Urban,9316,42564.0
34,Female,30.5,No,0,0,0,0,Medium,14378,8.9,4,6,0,3,Private,79.0,Rural,6252,9071.0
35,Female,27.0,Yes,0,0,0,0,Medium,5065,8.7,8,13,2,1,,0.0,Rural,11130,27449.0
62,Female,28.2,Yes,1,0,0,0,High,12517,9.0,4,2,1,0,Private,74.0,Urban,5232,16756.0
70,Male,28.1,No,0,0,1,0,Low,13688,4.5,5,3,2,3,Government,53.0,Rural,6612,25827.0
85,Female,18.0,Yes,0,1,1,0,Medium,2323,7.0,10,5,0,0,Government,70.0,Semi-Urban,1603,16721.0
82,Male,20.4,No,0,0,0,0,Medium,9196,6.0,7,3,0,5,Private,81.0,Urban,12150,12497.0
18,Female,26.5,Yes,0,0,0,0,Medium,12709,6.7,6,3,2,6,Government,59.0,Semi-Urban,14984,27850.0
75,Female,17.6,No,0,1,0,0,Low,10450,5.5,5,4,1,5,,0.0,Urban,16494,21576.0
43,Male,30.2,No,0,0,0,0,Medium,3034,4.2,2,1,1,3,Government,51.0,Urban,3173,11918.0
37,Female,30.4,No,0,0,0,0,Medium,7590,7.5,5,8,0,1,Private,90.0,Urban,18794,12290.0
27,Female,27.6,No,1,1,0,0,Medium,6966,8.8,10,8,1,1,Government,69.0,Urban,2024,18475.0
76,Male,20.4,No,0,1,0,0,High,1199,6.7,7,5,4,4,Private,73.0,Urban,11193,38090.0
58,Female,32.9,Yes,0,0,0,0,Low,2705,5.6,6,4,1,2,Government,79.0,Rural,4353,16853.0
22,Male,36.2,Yes,0,0,0,0,High,13133,8.7,6,6,0,6,Private,77.0,Urban,14151,17171.0
82,Female,26.7,No,0,1,0,0,Medium,4931,5.8,5,1,3,0,Private,70.0,Urban,10543,27004.0
34,Female,28.6,No,0,0,0,1,Medium,3068,8.6,9,4,0,1,,0.0,Urban,12853,11094.0
39,Male,27.0,No,0,1,1,0,Low,4758,8.3,1,1,1,3,,0.0,Rural,4289,18877.0
58,Female,28.7,No,0,1,0,1,Low,12337,6.6,4,4,0,7,Private,78.0,Semi-Urban,19660,19419.0
85,Male,25.4,No,0,0,1,0,Medium,3843,7.4,7,2,0,6,Government,62.0,Semi-Urban,5730,16181.0
86,Male,25.8,Yes,0,0,0,0,Low,3196,7.5,1,2,0,6,,0.0,Urban,6235,13164.0
28,Male,30.5,No,0,0,0,0,High,9816,7.2,4,4,0,6,Government,74.0,Urban,6329,10574.0
73,Female,37.7,No,1,0,0,0,Low,3133,4.8,6,2,2,4,Government,74.0,Semi-Urban,4879,23755.0
68,Female,19.0,No,1,0,0,0,High,14413,7.5,10,7,0,0,Government,62.0,Rural,16908,14302.0
38,Male,25.5,No,0,1,0,0,Medium,3578,4.0,8,4,0,1,,0.0,Urban,9475,10368.0
43,Female,20.1,No,0,0,0,0,Medium,7206,7.6,7,4,0,4,Private,93.0,Semi-Urban,11335,11063.0
36,Female,34.0,No,0,0,1,0,Low,14939,6.8,9,5,1,1,Private,90.0,Semi-Urban,10374,20452.0
77,Female,23.1,No,0,1,0,0,Low,9883,5.3,7,1,0,1,Government,64.0,Rural,12112,10467.0
88,Male,18.8,Yes,0,0,0,0,Low,3597,8.0,3,2,1,1,,0.0,Urban,11471,16965.0
64,Female,29.2,Yes,0,0,0,0,Medium,1813,6.0,10,4,4,7,Government,63.0,Rural,11153,41702.0
88,Male,34.7,No,0,0,0,0,Medium,7551,6.4,4,8,0,4,Government,76.0,Urban,9310,12794.0
43,Female,29.3,No,1,0,0,0,Medium,2627,4.1,3,7,0,5,Government,70.0,Semi-Urban,4047,12853.0
57,Female,27.0,Yes,0,1,0,0,High,5616,6.0,9,5,3,5,,0.0,Urban,8682,35355.0
22,Male,28.0,No,0,0,0,0,Medium,4592,4.8,8,4,0,2,Private,83.0,Semi-Urban,7415,8305.0
38,Female,33.1,No,0,0,0,0,Low,3580,5.4,10,0,0,1,,0.0,Urban,1758,5080.0
21,Male,21.6,Yes,1,0,0,0,Low,7238,5.3,9,6,0,7,Government,65.0,Urban,17463,21607.0
40,Female,25.4,No,0,1,0,0,High,4932,4.2,10,3,0,0,Private,89.0,Semi-Urban,14614,11146.0
32,Male,23.7,No,1,1,0,1,Low,9487,6.3,10,7,1,5,Private,70.0,Semi-Urban,12047,25765.0
25,Female,20.2,No,0,0,0,0,Medium,8113,6.6,2,3,4,5,Government,78.0,Urban,7689,33013.0
58,Female,24.4,No,0,1,1,0,Low,4251,6.9,5,2,1,4,Government,75.0,Rural,6896,21961.0
36,Female,31.5,No,1,0,0,0,Low,2154,6.3,5,3,1,1,Government,76.0,Semi-Urban,10797,16404.0
63,Male,28.8,No,0,0,0,0,Medium,13172,8.3,7,2,2,6,,0.0,Urban,4365,22434.0
45,Male,29.2,Yes,1,1,1,0,Medium,1532,4.2,4,3,0,5,Government,68.0,Semi-Urban,16505,25228.0
85,Male,26.7,No,0,0,0,0,Medium,6127,7.1,4,5,0,4,,0.0,Urban,17091,13628.0
32,Female,28.6,No,1,0,0,0,Medium,1887,8.3,8,5,0,0,,0.0,Semi-Urban,5656,9295.0
54,Male,22.0,No,0,0,0,0,Low,4272,4.2,1,7,1,5,,0.0,Semi-Urban,2871,15601.0
18,Male,24.5,Yes,0,0,1,0,Low,3925,6.5,6,5,0,7,Government,69.0,Semi-Urban,7279,20079.0
84,Male,27.0,Yes,0,0,0,1,Medium,3432,6.9,9,5,1,7,Private,88.0,Semi-Urban,13194,26348.0
41,Male,27.4,No,0,0,0,0,Medium,4597,5.0,2,4,0,0,Private,88.0,Rural,19091,9369.0
44,Male,27.6,No,1,0,0,0,Low,9011,5.3,5,2,0,7,Government,79.0,Urban,17578,16881.0
57,Male,25.3,No,0,0,0,0,Medium,6525,7.9,10,9,0,7,Government,76.0,Urban,17480,18343.0
80,Male,24.1,No,0,0,0,0,Medium,11612,6.8,10,6,0,3,Government,67.0,Urban,8574,11695.0
78,Male,41.8,No,0,0,0,1,Low,12427,5.6,9,5,1,6,Private,77.0,Urban,15899,23684.0
53,Male,30.5,No,0,1,0,0,Medium,5618,7.8,4,4,0,3,,0.0,Rural,17080,13899.0
41,Male,28.1,No,0,0,0,1,Medium,10026,7.7,9,7,1,2,Government,76.0,Urban,10530,18522.0
41,Female,24.8,No,0,1,0,0,Low,10569,5.7,8,4,1,6,Private,88.0,Semi-Urban,10686,20770.0
21,Female,23.7,No,0,1,0,0,Medium,4480,6.4,9,5,0,3,Government,58.0,Rural,8671,11932.0
84,Male,25.3,Yes,1,0,0,0,Medium,5606,7.3,2,3,0,4,Government,63.0,Semi-Urban,14190,16996.0
51,Female,27.5,Yes,0,0,0,0,High,9403,5.7,10,3,1,5,Private,70.0,Urban,2930,18924.0
74,Female,16.6,No,1,0,0,0,Medium,10118,7.1,5,3,4,3,Government,50.0,Rural,14185,37334.0
66,Male,18.2,No,0,0,0,1,Low,3672,5.3,10,3,1,7,Government,66.0,Semi-Urban,5654,19862.0
70,Male,22.8,No,0,0,0,0,Low,5032,5.5,9,4,0,4,Private,87.0,Rural,8610,11267.0
40,Male,27.0,No,0,0,0,0,High,9536,5.6,5,3,1,6,Private,81.0,Semi-Urban,2050,15225.0
86,Female,24.8,No,0,0,0,0,High,12274,8.7,4,7,2,7,Government,78.0,Rural,6586,25640.0
70,Male,33.4,No,0,1,1,0,Low,13623,8.2,8,2,0,4,Government,67.0,Rural,18756,20629.0
79,Female,18.6,No,1,1,0,0,Low,14651,6.8,6,6,1,2,Private,73.0,Urban,5755,19565.0
58,Male,22.2,Yes,0,0,0,0,Medium,6993,6.8,2,3,0,4,Government,73.0,Semi-Urban,3612,10710.0
74,Female,33.6,No,0,0,0,0,Medium,7003,4.3,8,7,1,3,,0.0,Urban,1908,15860.0
77,Female,26.7,No,0,0,0,0,Low,10893,7.2,5,5,1,5,Private,86.0,Urban,15251,19916.0
71,Male,30.4,No,0,0,0,0,Medium,8425,5.6,7,5,2,5,Government,69.0,Semi-Urban,6134,23572.0
87,Male,36.3,No,0,1,0,0,Low,13892,7.1,4,5,1,3,Government,75.0,Urban,8003,18430.0
74,Female,22.5,Yes,1,1,1,0,Low,4846,8.2,9,3,0,1,Private,84.0,Semi-Urban,19632,24345.0
27,Female,25.5,No,0,0,1,0,Low,5016,4.2,2,7,3,7,Government,67.0,Urban,9132,35845.0
57,Male,24.6,No,1,0,0,0,Medium,1295,7.0,10,3,2,5,Government,55.0,Rural,2782,24413.0
24,Male,16.2,No,0,0,0,0,High,8724,6.8,9,3,0,6,,0.0,Semi-Urban,17931,14145.0
55,Female,24.4,No,0,1,0,0,Medium,8384,5.0,4,4,1,6,Private,79.0,Rural,3925,18209.0
78,Male,30.4,No,0,0,0,0,Low,11940,7.2,6,4,0,2,Government,55.0,Urban,9175,9624.0
20,Female,28.7,No,1,0,0,0,High,5483,6.8,5,5,1,0,Private,80.0,Semi-Urban,19773,18693.0
68,Male,29.1,Yes,0,1,0,0,Low,2496,7.8,3,9,0,0,Government,67.0,Rural,3877,12596.0
64,Male,24.1,No,0,1,0,0,Medium,12271,4.6,7,2,2,1,Private,85.0,Urban,16269,23884.0
85,Male,22.7,No,1,1,0,0,Medium,2567,6.2,4,2,0,3,Government,61.0,Semi-Urban,7379,13095.0
55,Female,32.3,No,0,0,1,0,Low,7033,9.0,1,2,1,7,Government,50.0,Urban,18163,25118.0
53,Male,23.5,No,1,0,0,0,Low,6450,7.4,8,5,1,2,Government,61.0,Rural,1437,15896.0
58,Female,27.5,No,1,0,0,0,High,2975,7.4,3,3,1,3,Government,63.0,Semi-Urban,12976,18578.0
86,Male,26.8,No,0,1,0,0,Medium,5132,5.6,6,3,2,5,Government,54.0,Semi-Urban,19598,28803.0
30,Female,33.3,Yes,1,1,1,0,Low,8398,4.5,2,4,0,1,Government,61.0,Urban,7613,19183.0
75,Female,30.9,No,0,1,1,0,High,5278,8.7,9,4,2,0,,0.0,Rural,11571,28298.0
67,Male,19.5,Yes,0,0,0,0,Low,8925,4.5,4,3,0,6,Private,87.0,Urban,14532,16085.0
47,Female,20.1,Yes,0,1,1,0,Low,14833,9.0,7,3,0,2,Government,55.0,Urban,7743,18066.0
79,Female,28.9,No,0,0,0,0,Medium,5165,4.6,9,1,0,7,Government,65.0,Urban,12740,14069.0
42,Female,25.7,Yes,0,0,0,0,Medium,9428,4.9,3,4,0,7,,0.0,Rural,2664,13210.0
44,Female,23.7,No,0,0,0,0,Low,1463,5.5,3,4,1,5,,0.0,Urban,9539,16653.0
68,Male,31.1,No,0,0,0,0,Low,6237,6.6,3,6,1,3,Government,72.0,Urban,15103,18224.0
74,Male,26.9,No,0,0,0,1,Medium,13478,8.0,5,5,3,4,Government,52.0,Urban,4092,29215.0
64,Male,26.3,No,0,1,0,1,Medium,1929,8.9,10,3,1,7,Government,64.0,Urban,19620,26255.0
56,Female,29.9,No,0,1,0,0,High,2886,5.8,6,1,1,4,Government,67.0,Urban,15213,19381.0
33,Female,24.1,No,1,0,0,0,Medium,8673,4.1,3,5,1,4,Private,85.0,Rural,8737,18304.0
39,Male,33.8,No,0,0,0,0,Medium,8671,7.1,10,5,0,0,Private,80.0,Urban,11314,9188.0
71,Male,22.1,Yes,0,0,0,0,Low,8918,7.6,9,4,0,6,Private,86.0,Rural,12543,17046.0
38,Female,29.3,No,0,0,0,0,High,4911,6.0,1,3,1,4,Private,81.0,Urban,6103,14070.0
89,Male,33.2,No,0,0,0,0,Low,7544,4.9,7,4,2,4,,0.0,Urban,15283,25561.0
33,Male,19.1,No,0,1,0,0,Medium,5412,5.5,9,4,1,1,,0.0,Rural,15689,18140.0
76,Female,24.3,No,0,0,1,0,High,1717,7.3,5,4,1,7,Government,60.0,Urban,3483,22494.0
48,Male,31.7,No,0,1,0,0,High,7365,6.5,3,3,2,5,Government,71.0,Urban,14940,26193.0
59,Female,31.8,No,0,1,0,0,Medium,1657,7.7,10,7,0,7,Private,81.0,Urban,2058,15151.0
49,Male,25.1,No,0,0,0,0,Medium,2212,5.1,4,5,3,1,Private,84.0,Urban,17220,28499.0
76,Female,22.3,No,0,0,1,1,High,13013,8.2,8,6,2,1,Government,72.0,Urban,14723,29906.0
51,Female,30.8,No,1,1,0,0,High,7435,4.8,3,0,2,7,Private,75.0,Urban,2374,25356.0
26,Female,31.9,No,0,0,1,0,Medium,13244,5.6,5,3,0,3,Private,77.0,Urban,7381,13291.0
28,Female,20.2,Yes,0,1,0,0,Medium,11462,7.0,3,6,0,4,Government,55.0,Rural,13007,16268.0
27,Female,20.0,No,0,1,1,0,Low,1757,7.7,6,9,0,5,Government,50.0,Semi-Urban,11916,20515.0
34,Male,27.1,No,0,0,0,1,Medium,7902,5.3,1,3,2,6,Government,72.0,Urban,1244,21566.0
85,Male,29.1,Yes,1,1,1,0,Low,6536,8.7,7,1,2,0,,0.0,Semi-Urban,1639,29365.0
65,Male,24.5,No,0,0,0,0,Medium,4478,7.5,6,3,1,4,,0.0,Urban,17257,18812.0
69,Female,29.4,No,0,1,1,0,Medium,6572,5.1,6,8,1,4,Government,71.0,Semi-Urban,13095,26791.0
42,Male,22.4,No,0,0,0,0,Low,10422,7.6,3,3,0,3,Private,87.0,Rural,7309,7905.0
38,Female,15.4,Yes,0,1,0,0,Low,12165,7.5,1,3,0,1,Private,71.0,Semi-Urban,5073,9944.0
82,Female,23.9,No,0,0,0,1,Low,11639,7.8,1,3,1,6,Private,79.0,Urban,2067,16677.0
80,Male,26.3,No,1,1,0,0,Low,7069,8.6,7,6,1,7,Private,89.0,Semi-Urban,16227,27157.0
68,Female,24.6,No,0,0,0,0,Medium,12450,7.6,4,5,0,4,Private,74.0,Semi-Urban,11221,11464.0
53,Male,20.2,No,0,0,0,1,High,6479,5.8,6,3,2,6,Private,76.0,Urban,8048,24780.0
83,Female,16.9,No,0,0,0,0,Medium,11204,8.0,4,4,0,2,Private,81.0,Urban,12935,10047.0
32,Female,23.4,No,0,1,1,0,Low,12867,7.5,8,3,2,2,Government,76.0,Urban,8538,27303.0
56,Male,30.5,No,0,0,0,0,Low,6125,6.9,9,5,3,1,,0.0,Rural,8940,27317.0
87,Female,32.3,Yes,0,0,0,1,Medium,6093,5.8,2,4,2,6,,0.0,Rural,8504,28560.0
18,Male,31.9,No,0,1,1,0,Medium,6592,8.6,1,7,0,6,Private,79.0,Rural,14789,20554.0
40,Female,21.9,Yes,0,1,0,1,Medium,14915,6.6,1,1,0,5,Government,70.0,Urban,16503,17508.0
56,Male,20.2,No,0,0,0,0,Low,1082,7.1,7,4,1,1,,0.0,Semi-Urban,18952,17212.0
74,Female,28.5,No,0,1,1,0,Low,8966,6.1,2,5,0,4,Government,55.0,Urban,1694,15443.0
51,Male,29.2,No,0,0,0,0,Low,4762,7.9,3,3,2,2,Government,78.0,Rural,13894,21464.0
58,Male,28.0,No,0,1,0,0,Medium,2400,5.7,4,3,0,0,Private,75.0,Urban,19226,11768.0
30,Female,15.9,No,0,1,1,0,Medium,1658,8.1,9,2,3,0,Government,60.0,Semi-Urban,13452,32713.0
87,Male,21.7,No,0,0,1,1,High,7245,4.5,10,6,3,2,Private,85.0,Semi-Urban,9828,35839.0
23,Female,25.9,Yes,1,0,0,0,Medium,14599,7.5,2,5,1,1,,0.0,Urban,17045,21050.0
69,Female,28.4,Yes,1,0,0,0,Medium,12064,6.4,10,6,1,3,Private,86.0,Urban,1448,20966.0
20,Male,29.8,No,1,0,0,0,High,6150,7.5,2,3,1,3,Private,75.0,Urban,3037,14705.0
80,Male,26.7,No,1,1,0,0,Medium,2337,6.7,1,6,2,0,Government,74.0,Urban,18795,27140.0
66,Male,27.7,No,0,0,0,0,Medium,8140,4.7,8,3,0,1,Private,71.0,Urban,19048,11465.0
64,Male,26.4,No,1,1,0,1,High,14864,6.4,8,4,0,4,Private,83.0,Urban,11630,17961.0
72,Male,29.4,No,1,0,0,0,Low,12416,8.8,5,5,0,2,Private,93.0,Semi-Urban,9935,12402.0
81,Female,27.6,No,0,1,0,0,Low,14230,7.8,3,5,2,0,Government,65.0,Urban,6758,21075.0
82,Male,26.3,No,0,1,0,0,High,9885,5.5,1,3,2,7,Private,71.0,Urban,14155,27676.0
84,Female,24.7,Yes,0,1,1,0,Medium,5327,8.7,2,9,1,3,,0.0,Rural,1149,25166.0
32,Male,26.4,No,1,0,1,0,Medium,10336,7.9,9,6,0,3,,0.0,Urban,19064,21251.0
49,Male,28.4,No,0,0,0,0,High,4256,5.8,8,4,0,7,Private,93.0,Urban,13481,14676.0
85,Male,27.3,No,1,0,0,0,Low,12719,7.0,10,3,0,4,Private,85.0,Urban,4861,12877.0
35,Female,27.9,Yes,0,0,0,0,Medium,11044,6.1,4,6,1,4,Government,52.0,Semi-Urban,15685,21642.0
60,Male,32.7,No,0,0,0,1,Medium,13675,4.5,3,2,0,3,Government,74.0,Semi-Urban,16050,12296.0
52,Female,27.3,No,0,1,0,0,Low,11871,8.0,5,6,1,1,Government,72.0,Rural,16197,18918.0
75,Female,22.8,No,1,0,0,0,Low,1863,5.0,8,1,3,7,Private,81.0,Urban,16265,35163.0
50,Female,30.4,Yes,0,0,0,0,Medium,2249,6.3,10,6,0,3,Private,84.0,Semi-Urban,11122,15049.0
31,Male,19.2,Yes,1,0,0,0,Low,14935,7.5,6,4,1,2,Private,73.0,Urban,11174,20448.0
51,Female,20.6,No,0,0,0,0,Low,10410,8.7,10,3,2,1,,0.0,Urban,2167,18288.0
78,Male,27.7,No,0,0,0,0,Low,5904,4.3,4,5,2,6,Private,79.0,Rural,13913,26165.0
21,Female,28.6,Yes,0,1,0,1,Medium,10241,6.0,8,3,3,7,Private,75.0,Urban,4942,35661.0
76,Male,19.8,No,0,0,0,0,High,8361,7.1,4,2,0,6,,0.0,Urban,15983,13309.0
46,Female,24.1,Yes,0,1,0,0,Medium,3902,7.9,5,3,1,4,Government,73.0,Rural,9588,20919.0
23,Male,23.0,No,0,0,0,0,Medium,13824,8.6,2,4,1,5,,0.0,Rural,13719,17266.0
66,Male,23.6,No,0,1,0,0,High,5806,4.0,10,2,0,7,Government,58.0,Urban,9956,15415.0
57,Male,30.7,No,0,0,1,0,Low,6383,7.1,4,4,1,7,Private,81.0,Urban,12858,24918.0
82,Female,29.5,No,1,1,0,0,Low,14826,4.0,10,4,0,5,Government,65.0,Urban,13011,18528.0
86,Female,25.9,No,0,0,0,0,Low,10686,7.9,10,4,1,6,,0.0,Semi-Urban,14107,21129.0
44,Male,23.3,No,0,0,1,0,Low,3336,4.7,3,6,0,4,Private,92.0,Rural,4784,14214.0
23,Female,19.3,No,0,0,0,0,Low,1367,8.5,8,3,0,4,Private,92.0,Rural,12903,10910.0
30,Female,33.1,No,1,1,0,0,Low,1411,4.8,8,3,2,2,,0.0,Rural,14909,26966.0
81,Female,29.0,No,1,1,0,0,Low,4093,7.8,7,4,1,4,Private,82.0,Rural,4358,20497.0
79,Female,22.5,No,0,0,0,0,Medium,9034,5.4,6,0,0,1,Private,77.0,Rural,11009,7558.0
36,Female,29.6,No,1,0,0,0,Low,1353,6.8,9,2,0,4,Private,78.0,Rural,8539,12470.0
60,Female,25.6,Yes,1,0,0,0,Medium,10757,7.0,4,8,0,6,,0.0,Rural,13777,20401.0
37,Female,24.6,No,0,0,1,0,Medium,6678,5.0,4,5,2,6,Private,78.0,Urban,14594,30456.0
85,Male,28.2,No,0,0,0,0,Low,2338,5.5,6,4,0,7,Government,77.0,Urban,15152,15492.0
61,Male,22.3,Yes,0,0,1,0,High,5877,4.5,1,8,0,5,Government,74.0,Urban,4869,18750.0
40,Female,24.3,No,0,1,1,0,Medium,1328,4.0,2,5,1,4,Government,67.0,Urban,9225,22896.0
19,Male,26.6,No,0,1,1,0,Low,10685,5.2,2,3,1,7,Government,56.0,Urban,12748,25202.0
39,Male,23.5,No,0,0,0,0,Low,9155,6.6,10,3,0,3,Private,83.0,Rural,3582,8160.0
74,Male,29.3,Yes,0,0,0,0,Medium,8016,7.6,4,3,0,3,,0.0,Rural,16476,14702.0
89,Female,35.3,No,1,0,0,0,Medium,12021,8.0,5,1,2,2,Government,67.0,Urban,9900,23309.0
24,Female,22.2,No,0,0,0,0,Medium,2486,4.3,2,4,0,1,Private,90.0,Semi-Urban,7425,6174.0
73,Female,17.7,No,1,0,1,0,Low,8607,5.4,8,2,1,5,,0.0,Rural,2431,22620.0
84,Female,16.0,No,0,0,0,1,Medium,4735,7.9,5,1,1,6,Government,60.0,Urban,14075,20082.0
33,Female,25.2,No,0,1,0,0,Medium,1737,6.4,8,3,2,1,Government,61.0,Rural,8309,21509.0
68,Male,22.7,No,0,1,1,0,High,6367,4.9,9,5,2,3,Government,56.0,Urban,12628,31029.0
89,Female,27.0,No,0,0,0,0,Medium,4888,6.0,9,2,0,1,Government,66.0,Urban,9999,8990.0
29,Male,26.7,No,1,0,0,0,Low,14482,5.4,4,8,1,4,,0.0,Rural,7757,19408.0
70,Female,18.0,No,1,1,0,0,Low,7892,4.3,10,2,0,2,Private,75.0,Urban,13139,14782.0
22,Male,16.9,No,0,1,0,0,Low,5843,7.8,2,4,1,3,,0.0,Urban,6130,15186.0
44,Female,27.5,Yes,1,0,0,0,Medium,10986,5.5,2,6,4,7,Private,86.0,Semi-Urban,15651,44300.0
29,Female,26.7,No,0,1,0,0,Low,10494,8.7,5,5,1,6,Private,71.0,Rural,4312,18475.0
34,Female,23.9,Yes,0,0,1,0,Medium,7291,8.4,10,5,0,4,Government,70.0,Semi-Urban,5815,18341.0
23,Female,17.7,Yes,0,0,0,0,Medium,3668,7.6,4,3,0,3,Government,57.0,Rural,17147,13535.0
22,Female,28.4,No,0,0,0,0,Low,5238,5.6,6,3,1,3,,0.0,Urban,5646,13786.0
74,Female,32.4,No,0,1,0,1,Medium,13074,5.4,9,7,2,5,Government,64.0,Urban,5852,28308.0
45,Male,27.4,No,0,0,0,0,Medium,6071,6.4,7,5,0,2,Private,77.0,Urban,13127,10660.0
86,Female,21.8,No,0,0,0,0,Medium,5166,5.8,4,3,1,6,Government,52.0,Rural,16043,19987.0
76,Male,26.2,No,0,1,0,0,High,1637,8.5,7,3,0,6,,0.0,Urban,15433,16336.0
50,Female,19.2,Yes,0,1,0,0,Medium,5562,4.6,2,1,1,2,Private,86.0,Rural,5063,16495.0
79,Male,31.3,Yes,1,1,0,0,Low,3641,7.6,5,3,3,3,Private,85.0,Urban,6896,34688.0
67,Male,26.4,Yes,0,0,0,0,High,9232,7.1,9,6,0,5,Private,85.0,Urban,2786,14168.0
36,Male,17.2,No,0,1,0,0,Medium,13177,8.0,9,0,2,4,Government,76.0,Urban,7631,22525.0
86,Male,24.5,Yes,0,0,0,0,Medium,12138,6.7,4,6,1,0,Private,91.0,Urban,14999,19155.0
83,Male,28.3,No,0,0,0,0,Medium,9962,7.1,8,4,2,4,Government,71.0,Rural,4659,22307.0
64,Male,24.3,No,0,0,0,0,Low,14455,8.8,5,4,0,5,Private,91.0,Semi-Urban,17624,13896.0
56,Female,24.6,Yes,0,0,1,0,Low,6802,4.5,3,4,2,1,Private,93.0,Urban,15853,29614.0
85,Male,19.9,Yes,1,0,0,0,Medium,5374,4.5,6,14,0,3,,0.0,Semi-Urban,5968,18787.0
50,Female,28.8,No,1,1,0,0,Low,8638,6.0,4,1,1,3,Government,60.0,Semi-Urban,2529,16723.0
30,Female,22.8,No,0,0,1,1,High,4016,6.4,3,6,3,7,Private,80.0,Semi-Urban,7532,36644.0
71,Male,15.2,No,0,0,0,0,Low,4710,5.0,4,6,0,7,Private,72.0,Rural,5997,12475.0
24,Male,24.1,No,0,0,1,0,Medium,1057,4.4,1,4,1,2,,0.0,Urban,14976,20096.0
31,Female,30.9,No,0,0,0,0,Medium,13455,4.1,10,3,1,1,Government,61.0,Urban,14745,15971.0
36,Male,24.1,No,0,0,1,0,Medium,10845,7.8,8,8,1,0,Private,82.0,Semi-Urban,18571,22814.0
71,Male,34.7,No,0,1,0,0,Medium,4237,6.4,9,6,0,0,Private,74.0,Semi-Urban,4757,10088.0
37,Male,28.1,No,0,1,0,1,Medium,7516,8.2,6,2,0,5,Government,52.0,Rural,8538,13644.0
46,Male,27.7,No,0,1,1,0,Low,1081,5.8,5,2,0,2,Government,57.0,Urban,1065,12471.0
41,Male,25.4,No,1,0,1,0,Low,6989,7.5,9,4,0,0,Government,73.0,Urban,3381,13496.0
80,Male,25.7,No,0,0,0,0,High,13421,6.4,4,1,1,5,Private,81.0,Rural,8494,16119.0
74,Male,24.7,No,0,0,1,0,High,7507,7.1,1,3,0,3,Private,85.0,Urban,9936,14002.0
25,Female,24.5,Yes,0,1,0,0,Low,2508,5.9,7,2,2,0,Private,70.0,Semi-Urban,8503,22986.0
79,Male,28.7,No,0,0,0,0,Low,6165,4.4,1,4,2,7,Government,74.0,Urban,14765,26270.0
46,Female,21.3,No,0,0,0,0,Low,9453,8.7,9,3,1,6,Government,65.0,Rural,17345,20562.0
34,Female,20.6,No,1,0,0,0,High,4706,8.2,4,4,1,0,,0.0,Rural,14336,16499.0
83,Female,20.4,Yes,0,0,0,0,Low,7235,5.6,3,6,0,4,Private,88.0,Rural,1234,11842.0
23,Female,36.2,No,0,0,0,0,Low,5114,8.8,4,1,2,5,Private,83.0,Semi-Urban,13497,22795.0
75,Male,28.7,No,0,0,0,0,Low,3317,5.5,1,5,0,0,,0.0,Urban,16607,9543.0
86,Female,27.5,Yes,0,1,0,0,Medium,5672,6.2,6,2,1,4,Government,73.0,Urban,16672,23747.0
45,Female,20.7,No,0,1,0,0,High,12994,7.8,7,5,2,1,Private,80.0,Urban,5306,21313.0
79,Female,29.1,No,1,0,0,0,Low,12103,5.5,7,4,0,4,Government,67.0,Semi-Urban,5556,12820.0
58,Female,25.4,No,0,0,0,0,Low,9860,5.6,5,4,0,1,Government,74.0,Urban,12079,8946.0
86,Female,27.1,No,0,1,0,0,Medium,14976,6.1,10,2,0,2,,0.0,Urban,9924,11910.0
58,Male,21.1,No,1,0,0,0,Low,2270,6.3,10,3,2,3,Private,85.0,Urban,13105,25825.0
66,Male,26.8,No,0,0,0,0,Low,10926,4.6,5,1,1,2,Private,92.0,Semi-Urban,5764,12853.0
66,Female,23.9,No,0,1,0,0,High,4814,4.1,6,1,0,2,Government,55.0,Rural,3667,8337.0
88,Male,22.2,Yes,0,0,0,0,High,14613,8.6,10,2,2,2,,0.0,Urban,12256,25503.0
20,Male,29.7,No,0,0,0,0,High,5019,5.8,8,5,1,6,Private,91.0,Rural,16162,20540.0
27,Female,18.3,No,1,0,0,0,Medium,5715,4.5,9,4,1,1,,0.0,Urban,19978,19782.0
52,Female,28.8,No,0,0,0,0,Low,7646,7.8,6,4,3,5,Private,70.0,Urban,18969,32395.0
19,Female,29.4,No,1,0,1,0,Medium,13049,5.5,3,4,1,0,Private,74.0,Rural,6835,19012.0
41,Male,21.6,No,0,0,0,0,Low,11091,4.9,6,3,1,4,Government,77.0,Urban,10570,16239.0
55,Female,21.9,Yes,1,0,0,0,Low,7839,8.8,4,5,1,2,Private,85.0,Urban,16381,22571.0
39,Male,24.9,No,0,0,0,0,Low,14289,8.6,4,8,0,2,Government,50.0,Rural,17270,12308.0
43,Male,27.4,Yes,1,0,0,0,High,3231,4.5,7,6,0,0,Government,58.0,Urban,1105,11314.0
60,Male,25.2,Yes,1,0,0,0,Medium,9632,8.5,6,3,1,2,Government,79.0,Rural,19351,23261.0
72,Female,28.2,No,0,0,0,0,Low,1580,8.5,8,5,0,1,Government,69.0,Urban,6081,8510.0
56,Male,34.8,No,0,0,0,0,Low,4321,7.2,8,4,1,1,Private,77.0,Urban,14360,16472.0
46,Female,23.5,Yes,0,0,1,0,High,1375,6.6,3,2,2,6,Private,77.0,Urban,15454,32461.0
37,Female,17.4,No,1,0,0,0,High,7081,5.1,4,7,2,5,Private,76.0,Urban,19268,29142.0
58,Female,30.1,No,0,0,0,0,Medium,6577,4.6,2,5,0,0,Private,81.0,Urban,11589,7940.0
71,Female,34.4,No,0,0,0,0,Low,4801,7.0,1,3,2,1,Government,59.0,Urban,8808,19294.0
37,Female,28.0,No,1,0,0,0,Medium,7489,8.1,7,7,1,6,Private,88.0,Semi-Urban,4595,20458.0
36,Male,20.6,No,0,0,0,0,Medium,10999,7.4,8,8,0,5,Government,54.0,Semi-Urban,10781,13372.0
83,Male,25.4,No,0,1,1,0,High,1728,4.9,8,3,0,6,Private,84.0,Urban,9265,19801.0
47,Male,20.4,No,1,0,0,0,Low,11629,5.5,6,3,1,2,,0.0,Urban,4832,15502.0
70,Male,29.2,No,0,0,0,0,Medium,5275,6.7,7,5,1,5,Private,86.0,Urban,14530,20035.0
51,Male,19.2,No,0,0,0,0,Low,7780,7.1,8,2,0,2,Government,62.0,Urban,4775,7028.0
39,Female,24.5,No,0,1,0,0,Medium,3423,4.4,4,6,1,3,,0.0,Urban,6196,16974.0
84,Female,21.0,No,0,0,0,0,Low,7326,7.1,8,1,2,5,Private,94.0,Urban,19942,26293.0
23,Male,26.6,Yes,0,0,0,1,High,12083,7.7,6,2,1,3,Government,78.0,Semi-Urban,11479,19602.0
44,Male,24.2,No,0,0,0,0,Low,3376,4.9,7,8,1,0,Government,72.0,Urban,10181,15260.0
27,Male,26.9,No,0,0,0,0,Medium,11160,5.2,10,4,0,2,Private,90.0,Rural,14007,10749.0
65,Female,26.1,No,0,1,0,0,Medium,7633,5.3,7,2,3,7,Government,54.0,Urban,9400,32703.0
87,Female,21.1,No,0,1,0,0,High,3247,8.7,8,4,2,2,Government,69.0,Semi-Urban,2790,22010.0
76,Female,29.1,No,0,0,0,0,Medium,11935,6.0,5,4,0,6,Government,54.0,Urban,13272,13775.0
76,Male,25.8,No,0,0,0,0,Low,7622,6.7,2,2,1,4,Private,83.0,Semi-Urban,6905,14766.0
19,Male,21.1,No,0,1,0,0,Low,12048,7.6,8,4,3,5,Private,91.0,Urban,8230,30682.0
46,Male,37.2,No,0,0,1,0,Medium,10951,5.9,1,2,1,1,Government,71.0,Urban,14837,19287.0
85,Male,28.4,Yes,0,0,0,0,Medium,6574,4.5,2,2,0,0,Private,73.0,Semi-Urban,7947,9136.0
82,Female,25.2,Yes,1,1,0,0,Low,14279,7.3,5,1,3,6,Government,69.0,Urban,11049,37411.0
43,Male,33.1,No,0,0,1,0,Medium,8160,7.3,4,4,0,0,Private,79.0,Urban,14967,13743.0
27,Male,35.2,No,0,1,0,0,Low,6993,5.3,2,4,0,5,Private,76.0,Rural,15315,14190.0
70,Male,25.3,No,1,0,0,1,High,6559,4.2,4,2,1,6,,0.0,Urban,15529,23218.0
76,Female,27.7,Yes,1,0,0,0,Low,2912,7.3,7,2,1,1,Private,75.0,Urban,15861,21609.0
39,Female,21.1,No,0,0,0,0,Low,12864,7.5,5,8,3,4,Private,87.0,Semi-Urban,16960,31901.0
68,Male,25.3,No,1,1,1,0,Low,4808,4.1,4,5,1,7,Government,78.0,Rural,14703,30430.0
65,Female,25.0,No,0,0,0,0,Medium,11174,7.5,2,3,0,3,Government,75.0,Urban,15332,10650.0
38,Female,26.9,No,0,0,0,0,Low,3677,8.7,2,4,0,4,Private,80.0,Rural,3125,7705.0
39,Female,27.7,No,0,1,1,0,Medium,14467,4.9,1,4,0,6,Government,62.0,Urban,17969,20602.0
47,Female,28.8,No,0,0,0,0,Low,6578,6.6,10,3,1,3,Government,68.0,Urban,19270,19185.0
42,Female,27.2,No,0,0,0,1,Low,10886,7.5,6,3,2,3,Private,84.0,Urban,1469,20397.0
45,Male,19.9,No,0,0,0,0,High,5531,5.2,6,4,1,4,Private,92.0,Urban,11707,17009.0
82,Male,21.3,No,0,0,0,0,High,2737,7.8,4,4,0,0,,0.0,Urban,12461,8417.0
62,Male,23.3,No,0,0,0,0,Medium,6697,8.3,9,2,0,7,Private,71.0,Urban,12120,13775.0
85,Female,24.6,No,0,0,0,0,High,1045,8.1,4,6,0,7,Private,80.0,Urban,17024,16345.0
24,Female,31.3,No,0,1,1,0,Low,8019,5.3,3,4,1,2,,0.0,Rural,7192,20377.0
66,Female,20.2,Yes,0,0,0,0,Low,6891,8.0,10,4,1,0,Government,67.0,Urban,14442,18859.0
26,Female,24.2,No,1,1,0,0,Low,2941,6.1,9,2,2,2,Private,82.0,Rural,9685,24851.0
53,Male,30.8,No,0,0,0,0,High,7060,5.3,1,2,0,0,,0.0,Urban,13020,6890.0
18,Male,24.5,Yes,0,1,0,0,Medium,13531,4.8,2,3,0,4,Private,78.0,Urban,12925,14773.0
27,Male,28.3,No,0,0,0,0,Low,9347,8.5,1,7,0,4,Government,55.0,Urban,13035,11499.0
53,Male,25.3,Yes,0,0,1,1,Low,12657,6.1,7,3,0,4,Government,76.0,Semi-Urban,2562,17888.0
63,Male,27.3,No,0,0,0,0,Low,1961,8.3,1,4,0,5,,0.0,Urban,13812,12023.0
49,Male,24.9,No,0,0,0,0,Low,1944,4.8,1,5,0,2,Government,71.0,Semi-Urban,17456,10764.0
49,Female,29.3,Yes,0,0,0,0,Medium,8774,7.8,6,2,0,0,,0.0,Semi-Urban,13659,10957.0
23,Female,18.3,No,0,0,0,0,Low,10470,4.6,6,7,2,6,Private,79.0,Urban,5866,23569.0
65,Male,24.2,No,0,0,0,0,Low,10577,4.1,5,3,1,3,Government,71.0,Urban,569,12797.0
55,Female,27.5,No,0,0,0,0,Low,13246,9.0,4,2,1,6,Government,53.0,Rural,8529,16884.0
34,Male,28.7,No,1,0,0,0,Medium,4919,4.4,8,6,1,5,Private,82.0,Urban,6216,19906.0
44,Male,33.5,No,0,1,0,0,Medium,10928,6.3,3,2,0,0,Private,73.0,Urban,7275,7467.0
71,Female,24.0,No,0,1,0,0,Medium,12058,8.4,1,3,2,0,Private,71.0,Semi-Urban,6769,19571.0
67,Male,33.4,No,0,0,1,0,Medium,7058,8.1,1,7,0,1,,0.0,Urban,6859,13200.0
52,Male,22.7,Yes,1,0,1,0,Low,11616,6.4,5,6,1,0,Government,66.0,Semi-Urban,13574,25693.0
42,Male,32.6,No,0,0,1,0,Low,13440,7.1,3,6,1,5,,0.0,Urban,5773,21550.0
45,Female,30.1,Yes,0,1,0,0,High,4838,7.1,3,2,0,7,Private,94.0,Urban,733,14023.0
32,Female,21.4,No,0,1,1,0,Low,12011,4.5,2,8,0,3,Government,66.0,Rural,16286,19168.0
21,Female,27.5,No,0,0,0,0,Medium,12415,5.4,9,2,0,0,,0.0,Urban,15644,8538.0
44,Female,25.7,Yes,1,0,0,0,High,6559,5.5,6,4,2,1,Government,64.0,Semi-Urban,14138,26992.0
43,Male,29.1,No,1,0,0,0,Medium,3650,5.9,7,5,1,1,,0.0,Semi-Urban,8884,17098.0
36,Female,24.9,Yes,0,0,0,0,Low,9431,5.4,2,6,2,3,Private,79.0,Rural,5055,23183.0
34,Female,24.5,No,0,0,0,1,High,4254,5.3,1,5,2,6,Government,60.0,Semi-Urban,2604,22696.0
60,Female,32.8,No,0,0,0,0,Low,7402,5.8,8,6,3,5,Government,70.0,Urban,4643,29577.0
58,Male,25.5,No,0,0,0,0,Medium,8627,5.9,10,2,0,0,Private,93.0,Urban,17012,9829.0
59,Female,30.1,No,1,0,0,0,Low,13718,6.4,4,2,2,4,,0.0,Urban,6660,23381.0
67,Female,24.9,No,0,1,0,0,Medium,9691,4.9,9,3,2,4,Government,72.0,Semi-Urban,5024,23794.0
57,Male,34.3,No,0,0,0,0,Medium,13061,7.9,9,4,1,1,Government,78.0,Urban,11070,15690.0
56,Male,22.6,No,0,0,1,0,Medium,7219,8.3,4,3,0,3,Private,92.0,Urban,4181,12452.0
40,Male,22.9,No,0,0,0,0,Medium,5392,5.2,10,4,0,4,Private,70.0,Semi-Urban,16298,13176.0
69,Male,33.6,No,1,0,0,0,High,11422,4.6,3,4,2,1,Government,79.0,Urban,5586,21564.0
64,Female,23.8,No,0,1,0,0,Low,14370,7.6,5,4,1,1,Private,77.0,Urban,10096,16423.0
80,Male,34.0,No,0,0,0,0,High,8719,8.6,6,4,0,5,Government,75.0,Semi-Urban,17784,14755.0
86,Female,30.5,No,0,0,0,0,Low,12820,4.2,10,8,2,0,Government,56.0,Urban,1038,20146.0
60,Female,25.2,No,0,0,0,0,Low,10621,4.1,4,6,0,5,Government,57.0,Semi-Urban,12378,12869.0
65,Female,16.9,No,1,0,0,0,High,9718,4.9,1,5,0,3,Government,69.0,Urban,6302,10798.0
51,Female,25.9,Yes,1,1,0,0,Medium,6851,7.4,7,6,0,4,Private,74.0,Rural,18135,21738.0
57,Female,26.5,No,1,0,0,0,Low,2808,8.8,5,5,0,0,Private,86.0,Urban,1119,7771.0
78,Male,31.8,No,0,0,0,0,Medium,10402,7.8,2,4,0,7,Government,66.0,Semi-Urban,2204,10775.0
67,Female,33.9,No,0,0,1,0,Low,13139,6.9,9,3,0,2,Private,71.0,Urban,18633,17547.0
84,Female,22.6,No,0,0,0,0,Medium,9175,7.5,8,7,1,7,Private,91.0,Rural,14983,22853.0
79,Female,30.0,No,0,0,0,0,Medium,10240,5.2,10,4,2,3,Private,91.0,Urban,16077,25303.0
75,Male,29.8,No,0,0,1,0,High,5394,7.4,7,4,1,1,Private,85.0,Semi-Urban,12334,20894.0
50,Female,31.4,No,0,0,0,0,Low,5668,5.6,9,3,0,0,Private,81.0,Urban,10123,7979.0
33,Female,28.5,No,0,1,0,0,Low,10346,5.1,10,3,3,4,,0.0,Semi-Urban,16269,32796.0
65,Male,16.3,Yes,0,0,0,0,Low,6880,5.2,2,4,0,1,Private,72.0,Urban,6721,9605.0
27,Female,25.2,No,0,0,0,0,Low,1675,7.3,3,7,1,1,Private,82.0,Rural,7269,13677.0
55,Female,20.2,No,1,0,0,0,High,12230,7.8,9,8,0,6,Private,71.0,Semi-Urban,12941,17888.0
36,Male,25.0,No,1,0,0,0,High,4278,6.9,6,7,1,4,Private,82.0,Urban,17171,22321.0
53,Female,30.9,Yes,0,0,1,0,Medium,11477,4.3,2,8,0,7,Private,85.0,Urban,13847,23341.0
76,Female,27.5,Yes,0,0,1,0,Medium,3239,4.2,6,8,3,7,,0.0,Semi-Urban,4834,39795.0
80,Female,31.7,Yes,1,0,0,0,High,10243,5.1,5,5,0,2,,0.0,Semi-Urban,1260,13029.0
63,Female,27.7,Yes,0,1,0,0,Low,12370,5.4,10,4,1,5,Government,67.0,Semi-Urban,7242,22864.0
20,Female,19.5,No,0,0,1,0,Low,12486,6.0,5,3,1,7,Government,50.0,Urban,795,20024.0
82,Male,13.4,No,0,1,0,0,Low,14691,4.4,5,4,1,3,Government,66.0,Semi-Urban,902,15313.0
25,Male,26.7,No,0,1,0,0,High,1428,7.6,2,5,0,7,Private,72.0,Urban,4982,12796.0
68,Male,24.9,No,0,1,0,0,Medium,3131,7.6,6,7,1,3,Private,79.0,Rural,10854,19763.0
23,Female,21.1,No,1,0,0,0,Medium,9689,5.7,7,5,2,1,Private,94.0,Rural,11951,23378.0
56,Female,17.5,No,0,1,0,0,Low,11476,6.8,9,3,2,0,Government,78.0,Urban,8724,21262.0
77,Female,22.3,No,0,1,0,0,Medium,4866,4.5,5,5,0,6,,0.0,Urban,16733,17029.0
45,Male,25.0,No,0,0,0,0,High,1850,6.1,5,9,3,2,Private,74.0,Semi-Urban,2435,26580.0
71,Female,29.3,No,0,0,1,0,Low,11851,8.3,9,3,0,2,Private,93.0,Urban,10854,15155.0
54,Female,26.9,No,0,0,0,0,Medium,3891,7.3,6,4,1,6,,0.0,Urban,9136,18228.0
26,Female,34.0,Yes,0,0,0,0,Low,10250,4.5,7,6,0,1,,0.0,Urban,19469,14981.0
73,Male,20.8,No,0,0,0,0,Medium,14231,8.2,4,2,1,5,Private,81.0,Semi-Urban,6122,15521.0
76,Male,30.4,No,0,0,0,0,Medium,3144,7.4,4,5,0,0,Private,71.0,Urban,10243,8305.0
19,Female,26.2,No,0,1,0,0,Low,9035,6.3,1,4,1,5,Private,76.0,Urban,10337,18067.0
78,Female,29.5,No,0,0,0,1,Medium,12496,7.5,5,5,0,5,Government,79.0,Urban,16527,15903.0
75,Female,23.8,No,0,1,0,0,Low,7550,4.9,2,3,0,4,Private,79.0,Urban,14861,13472.0
77,Male,31.4,Yes,0,0,0,0,High,8103,6.8,5,2,1,5,Private,74.0,Urban,7816,19627.0
57,Male,27.5,No,0,0,0,0,High,11764,7.1,5,3,0,4,Government,61.0,Urban,11728,10883.0
53,Male,22.6,Yes,0,0,1,0,Medium,10973,8.6,4,1,0,1,Government,73.0,Urban,11880,15302.0
54,Female,25.9,No,1,0,0,0,Low,14213,4.3,10,10,2,5,Government,53.0,Urban,17767,31687.0
35,Male,24.8,No,1,1,0,0,Medium,9680,5.9,9,2,0,6,,0.0,Urban,979,13638.0
80,Female,28.4,Yes,0,0,0,0,Medium,9595,8.7,5,4,1,0,Private,75.0,Urban,4388,15368.0
39,Female,20.1,No,0,0,0,0,Low,14061,5.1,6,4,0,7,Private,75.0,Urban,14949,14268.0
28,Male,25.9,Yes,0,1,0,0,Low,6342,8.1,1,3,0,7,Government,76.0,Rural,7663,15636.0
75,Female,28.0,Yes,0,0,0,0,High,9594,4.0,5,5,1,2,Private,82.0,Urban,19013,21644.0
74,Male,26.2,No,0,1,0,0,Medium,4657,4.1,9,2,0,2,Government,75.0,Semi-Urban,5665,10166.0
21,Female,32.7,Yes,0,0,0,0,High,10993,5.6,6,5,1,2,Government,74.0,Urban,14952,19687.0
24,Female,29.9,No,0,0,0,1,Medium,1183,7.8,9,8,0,3,,0.0,Urban,1573,10749.0
78,Male,26.0,Yes,0,0,0,0,Medium,7420,4.5,4,5,3,2,Government,75.0,Urban,13976,31933.0
71,Female,27.1,Yes,0,1,0,0,Medium,14182,5.9,2,3,0,6,Government,75.0,Urban,12981,17527.0
85,Female,27.5,No,0,0,0,0,Low,12831,4.7,9,3,1,4,Private,71.0,Semi-Urban,14161,18973.0
18,Female,28.0,No,0,1,0,0,High,14880,5.1,4,3,1,6,Government,79.0,Urban,18390,21517.0
72,Female,16.9,Yes,0,1,0,0,High,2516,6.5,2,3,0,0,Government,79.0,Urban,5356,10154.0
20,Female,24.5,No,0,0,0,0,High,8462,5.6,1,3,0,2,Private,70.0,Urban,5151,5680.0
55,Female,18.6,No,1,0,0,0,Medium,5156,5.1,2,6,1,5,Private,94.0,Urban,16266,21838.0
18,Female,32.4,No,0,1,0,1,Medium,10900,6.0,5,3,1,1,,0.0,Urban,17543,19095.0
55,Female,25.7,Yes,1,0,0,0,Medium,6085,7.5,3,9,1,5,Private,93.0,Semi-Urban,2353,22277.0
46,Male,25.0,No,0,0,0,1,High,4693,4.6,6,5,2,1,Private,71.0,Rural,7844,21523.0
22,Male,30.5,No,0,0,1,0,Medium,11139,6.4,4,6,0,4,Private,77.0,Urban,881,13019.0
38,Female,28.1,Yes,0,1,0,1,Low,13433,5.4,2,5,0,2,,0.0,Semi-Urban,10107,15135.0
88,Female,20.4,No,0,1,0,0,Medium,10741,5.9,7,5,1,4,Private,87.0,Rural,724,17189.0
84,Male,25.6,No,0,0,0,1,High,13470,8.1,6,6,0,4,Private,94.0,Urban,4532,12108.0
64,Female,24.3,No,1,0,0,0,Low,5410,8.6,8,5,4,4,Private,71.0,Urban,1649,35804.0
52,Male,17.3,No,0,1,1,0,Medium,13140,5.2,10,1,2,3,Government,62.0,Rural,1734,25879.0
85,Male,22.5,No,0,0,0,0,Low,13946,7.1,5,2,0,2,Private,87.0,Urban,9396,8594.0
86,Male,25.1,No,0,1,0,0,High,3791,7.4,3,4,2,7,,0.0,Semi-Urban,10579,27447.0
18,Female,25.4,No,1,0,0,0,Medium,1995,8.2,4,8,0,1,Government,76.0,Urban,7978,10815.0
85,Female,18.6,No,0,1,0,0,Medium,3856,8.5,5,3,1,5,Government,54.0,Semi-Urban,6919,18534.0
29,Female,31.8,No,0,1,0,0,Medium,9843,6.3,5,2,0,3,Private,75.0,Semi-Urban,4586,9110.0
77,Male,25.5,No,0,0,0,1,High,14971,8.9,6,4,1,4,Private,92.0,Semi-Urban,19243,21578.0
44,Male,26.2,No,0,0,0,0,High,8073,8.9,9,8,3,1,Private,92.0,Semi-Urban,4955,26953.0
73,Male,28.0,No,0,0,1,1,High,10084,6.5,4,2,0,5,,0.0,Semi-Urban,13973,18592.0
40,Female,22.1,Yes,0,0,1,1,Low,7179,6.7,7,4,2,6,Private,93.0,Rural,9350,33568.0
42,Male,28.3,No,0,0,0,0,Low,12028,7.3,7,6,0,4,Private,84.0,Semi-Urban,2812,9533.0
38,Male,24.2,No,0,0,0,0,High,3002,5.9,6,8,1,3,Private,93.0,Rural,16832,19336.0
78,Female,21.5,No,0,0,1,0,High,10256,7.3,1,4,1,0,Private,89.0,Urban,13555,19071.0
80,Male,28.9,No,1,0,0,0,Low,11622,6.6,9,2,2,4,Government,61.0,Rural,9237,25538.0
69,Male,33.5,No,0,1,0,0,Low,9360,4.2,6,8,1,4,Private,78.0,Urban,6388,19901.0
42,Female,29.6,Yes,0,0,1,0,Low,1170,8.3,3,1,1,5,Private,75.0,Urban,11858,24285.0
72,Female,30.6,No,0,0,0,0,Low,4689,8.7,2,3,0,1,Government,78.0,Rural,14011,8961.0
63,Male,23.4,No,0,0,1,0,Medium,1738,4.1,3,2,1,1,Private,80.0,Urban,15064,19681.0
49,Female,18.0,No,0,1,0,0,Low,12719,7.9,1,4,0,7,,0.0,Urban,18594,16498.0
72,Male,33.5,No,0,0,0,0,Low,4562,5.9,3,4,0,7,,0.0,Semi-Urban,18166,15695.0
22,Female,36.3,No,0,0,0,0,High,2317,6.9,5,5,3,7,Private,72.0,Rural,8726,30747.0
53,Male,33.7,No,1,0,0,0,Low,8825,6.5,4,9,2,4,Private,82.0,Urban,14270,28452.0
66,Female,24.3,No,0,1,0,0,Medium,2287,6.8,10,2,1,7,,0.0,Rural,6551,20414.0
75,Male,20.2,No,1,1,0,0,Low,11486,6.5,1,3,0,2,Private,73.0,Urban,4840,11058.0
56,Female,20.7,No,0,0,0,0,Medium,7081,8.3,5,6,0,1,Private,72.0,Urban,8843,8594.0
78,Female,17.6,No,0,0,0,0,Low,13435,7.4,3,5,0,0,Private,85.0,Urban,5434,6318.0
26,Female,25.5,Yes,0,0,0,0,Low,5036,6.1,10,3,2,0,Government,68.0,Urban,7456,21722.0
23,Female,34.0,No,0,1,0,0,Medium,5536,7.4,7,5,0,7,Government,63.0,Urban,14974,16972.0
52,Female,25.3,No,0,0,0,1,High,13649,8.8,10,3,2,4,Government,74.0,Urban,18114,27133.0
56,Female,27.5,No,0,0,0,1,Medium,11461,4.4,8,3,0,1,Government,73.0,Urban,15617,11730.0
39,Female,32.9,Yes,0,0,0,0,Low,9849,5.9,5,4,2,0,Private,88.0,Rural,1515,19822.0
58,Male,24.0,No,0,1,0,0,High,5203,8.4,10,8,1,3,Private,82.0,Rural,17281,22664.0
22,Male,36.2,No,0,0,0,0,Low,9123,7.7,8,3,0,7,Government,65.0,Urban,1710,10439.0
59,Female,36.0,No,0,0,1,0,High,6334,8.7,6,5,1,6,Private,70.0,Rural,13889,25427.0
84,Female,25.3,Yes,0,0,0,0,Low,8924,4.2,6,2,2,5,Private,75.0,Urban,5734,25159.0
47,Male,23.1,No,0,0,0,0,Medium,4201,8.3,5,4,1,5,Private,77.0,Rural,11746,17757.0
74,Male,29.5,Yes,1,0,0,0,Low,9767,8.0,10,2,1,0,,0.0,Urban,15686,21371.0
46,Female,24.3,No,0,0,0,1,Medium,9491,8.1,6,4,0,1,Private,85.0,Semi-Urban,2884,7614.0
54,Male,20.2,No,0,0,0,0,Medium,12698,7.0,1,3,3,4,Government,56.0,Rural,6996,26385.0
30,Male,32.4,No,0,0,0,0,Medium,2892,4.3,8,3,3,0,Government,73.0,Urban,15764,27101.0
49,Female,32.1,No,1,0,0,0,Low,6481,6.7,5,4,0,4,Private,75.0,Rural,2258,10920.0
63,Female,26.8,No,0,0,1,0,High,1223,6.0,8,3,1,3,Private,76.0,Rural,7459,20502.0
40,Female,19.7,No,0,0,1,1,High,7720,6.6,3,3,3,5,Government,75.0,Urban,19942,37674.0
62,Male,19.9,No,0,0,0,0,Medium,8654,7.7,10,5,2,0,Government,72.0,Urban,14477,22180.0
34,Female,26.5,No,0,0,0,0,Medium,4648,7.0,6,6,2,6,Private,84.0,Urban,11811,25418.0
83,Female,23.5,No,0,0,0,0,Medium,14685,5.5,1,7,1,4,,0.0,Urban,6888,16631.0
23,Male,24.3,No,1,0,0,0,Low,3741,7.0,1,3,1,0,Private,78.0,Semi-Urban,13741,15211.0
35,Female,31.1,Yes,0,0,0,0,High,8152,4.4,4,3,1,5,,0.0,Rural,18918,22308.0
39,Male,29.7,No,1,0,0,1,Low,6227,4.0,10,1,1,0,Government,54.0,Urban,18768,19701.0
50,Male,32.9,No,0,1,0,0,Medium,14662,6.0,6,3,1,1,Private,79.0,Rural,5065,14706.0
47,Male,21.0,Yes,1,0,0,0,Medium,6511,7.8,3,2,1,7,Government,57.0,Urban,9862,23029.0
49,Male,24.3,No,1,0,1,0,Medium,11050,8.1,5,4,0,5,Government,64.0,Semi-Urban,6355,17716.0
59,Male,29.8,No,0,0,1,0,High,12886,6.7,10,8,1,1,Government,75.0,Rural,7462,21313.0
27,Male,28.2,No,0,0,0,0,Low,7219,8.3,4,4,1,6,Private,84.0,Semi-Urban,8542,17149.0
53,Female,33.7,Yes,0,0,0,0,Medium,3297,4.6,10,1,0,6,Government,67.0,Urban,6297,14160.0
51,Female,28.1,No,0,1,0,0,Medium,5336,8.8,3,3,1,6,Government,61.0,Semi-Urban,15125,21001.0
45,Female,35.2,No,0,0,0,0,Low,8393,8.6,9,3,1,2,,0.0,Semi-Urban,7310,14749.0
28,Male,28.7,No,0,0,1,0,Medium,12056,7.0,4,4,0,1,Government,77.0,Urban,13571,13692.0
56,Female,31.3,No,0,1,0,0,High,12736,4.3,10,1,0,6,,0.0,Urban,2713,12073.0
64,Male,24.4,Yes,0,0,0,0,Low,10891,6.3,7,3,0,1,Private,85.0,Semi-Urban,3384,9427.0
36,Female,26.1,No,1,0,0,0,Medium,4334,4.9,5,3,3,2,Government,73.0,Semi-Urban,14356,30110.0
32,Male,30.6,No,0,0,1,0,Medium,3062,7.1,7,5,0,7,Private,94.0,Urban,3290,16545.0
45,Female,34.1,No,0,0,0,1,Medium,9856,4.9,5,5,1,6,Government,52.0,Rural,1336,17624.0
41,Male,29.6,No,0,0,0,0,High,9687,6.4,3,4,1,2,Private,88.0,Urban,14902,15979.0
89,Female,25.6,No,0,0,1,0,Low,2464,5.0,6,4,0,0,Government,67.0,Semi-Urban,10847,13602.0
26,Male,32.9,Yes,0,0,0,0,Medium,13837,4.9,9,2,2,0,,0.0,Semi-Urban,12057,22724.0
64,Female,15.0,No,0,1,0,0,Medium,11276,5.2,6,7,0,0,Government,75.0,Rural,7428,9958.0
50,Male,18.9,Yes,0,1,0,0,Low,4705,4.1,4,1,0,1,Government,67.0,Rural,13035,12478.0
79,Female,29.4,No,0,1,1,0,High,7912,7.6,1,1,1,6,Government,78.0,Rural,15775,25595.0
36,Female,26.1,No,0,1,0,1,Low,14486,5.5,3,3,1,7,Government,52.0,Semi-Urban,1049,18718.0
84,Female,29.0,No,1,0,0,0,Low,1435,7.5,3,2,1,4,Government,56.0,Semi-Urban,14916,20125.0
57,Male,26.3,Yes,0,0,0,0,Medium,11532,7.3,2,5,1,5,Government,51.0,Semi-Urban,17495,22578.0
64,Male,28.9,Yes,0,0,0,0,Low,5396,4.3,10,1,1,7,,0.0,Semi-Urban,10780,22381.0
82,Male,21.9,No,0,1,0,0,Medium,8096,5.6,2,5,1,4,Government,71.0,Semi-Urban,10197,18956.0
46,Male,28.9,No,0,0,0,0,High,2697,6.8,8,4,3,7,Private,74.0,Urban,17942,33970.0
67,Male,31.0,No,1,0,0,0,Low,9129,8.6,8,5,2,5,Private,72.0,Rural,6567,26340.0
30,Female,32.1,No,0,1,0,0,Low,9094,6.0,3,1,0,1,Government,57.0,Semi-Urban,15218,9928.0
18,Male,36.1,No,0,1,1,1,Low,14650,6.5,4,3,1,3,Government,77.0,Urban,15050,24858.0
51,Female,27.2,No,0,1,0,0,Low,8122,7.8,5,9,1,0,Government,73.0,Semi-Urban,15737,19157.0
65,Female,27.4,Yes,1,0,0,0,Low,13203,8.0,9,4,2,1,Private,85.0,Semi-Urban,5387,25438.0
65,Male,18.4,No,0,0,0,0,High,10238,8.6,5,4,0,3,Government,54.0,Urban,9503,9703.0
66,Female,23.3,No,0,0,0,0,Medium,11589,6.5,6,5,1,0,Private,87.0,Semi-Urban,10110,14252.0
81,Male,25.0,No,0,0,0,0,Low,10281,5.0,7,5,2,6,Private,86.0,Rural,19092,28298.0
78,Male,31.3,No,0,0,0,0,High,2418,7.8,2,5,1,2,Private,86.0,Urban,5899,14269.0
46,Male,22.9,Yes,0,0,0,1,Low,12213,4.6,4,4,1,7,Government,65.0,Semi-Urban,2125,20745.0
56,Female,30.0,No,1,0,1,0,Medium,4048,6.1,6,4,0,1,Private,79.0,Urban,15146,17664.0
43,Male,26.0,Yes,0,0,0,0,Low,9761,7.1,4,2,2,3,Government,64.0,Urban,9396,23459.0
34,Male,25.1,No,0,1,0,0,Low,8160,7.5,5,4,0,4,Private,84.0,Rural,19414,15057.0
88,Male,27.2,No,0,1,0,0,Medium,9220,7.7,3,6,0,6,Government,65.0,Rural,13375,16389.0
30,Female,24.0,No,1,0,0,0,Medium,12346,5.0,2,5,0,1,Private,84.0,Semi-Urban,3577,8093.0
86,Male,23.9,Yes,0,0,0,0,Medium,8643,8.9,1,4,1,6,Private,80.0,Semi-Urban,8488,20583.0
43,Female,17.5,Yes,0,0,0,0,Medium,12698,4.9,3,3,1,4,Government,78.0,Urban,3094,16313.0
66,Female,24.8,Yes,0,0,1,1,Low,1640,4.5,10,5,1,3,Government,74.0,Semi-Urban,8025,26372.0
84,Male,23.6,No,0,1,0,0,Medium,12396,7.3,9,8,0,1,Government,53.0,Rural,13277,14171.0
24,Female,23.4,Yes,0,1,0,0,High,13402,8.5,1,2,2,7,Government,61.0,Urban,4438,26113.0
75,Female,28.1,No,0,1,1,0,Low,8201,6.8,8,1,0,1,,0.0,Semi-Urban,5964,13932.0
66,Male,29.3,No,0,0,0,0,Low,14389,7.0,5,6,1,7,Private,85.0,Rural,18421,22725.0
70,Male,27.2,No,1,1,0,0,Medium,7418,6.7,4,4,0,7,Government,60.0,Urban,8994,17414.0
82,Male,31.0,No,0,0,0,0,Medium,7487,4.2,5,6,0,1,Private,78.0,Urban,11111,10103.0
79,Female,28.9,Yes,1,0,1,1,Medium,5775,7.4,7,4,0,7,Government,66.0,Semi-Urban,7080,25171.0
34,Male,24.5,No,0,0,0,0,Medium,13368,5.8,8,6,2,5,Government,50.0,Semi-Urban,4832,22865.0
60,Female,23.7,No,0,1,0,0,High,2985,8.7,2,1,2,1,Government,75.0,Semi-Urban,6407,19433.0
42,Female,27.6,Yes,0,0,0,0,Low,11846,4.9,6,4,0,2,Private,86.0,Urban,9971,12059.0
20,Female,28.9,Yes,0,0,0,0,Medium,5816,5.5,4,4,2,1,Government,69.0,Semi-Urban,7280,21651.0
46,Female,33.0,No,1,0,0,0,Medium,13223,6.5,8,4,1,3,Government,76.0,Urban,16817,21055.0
49,Female,32.0,No,0,0,0,0,Medium,5167,6.4,4,7,0,3,Private,85.0,Urban,17881,13304.0
43,Male,23.3,Yes,0,0,0,0,Low,3029,6.0,3,3,0,2,Government,69.0,Urban,5067,9479.0
33,Male,25.5,No,0,0,0,0,Medium,8312,5.6,5,4,3,6,Private,88.0,Urban,6235,28696.0
42,Female,29.4,No,0,0,0,0,Medium,8205,4.7,4,1,0,1,Government,76.0,Semi-Urban,10433,6852.0
71,Female,31.3,Yes,1,0,0,1,Medium,9665,8.1,5,5,1,7,Private,94.0,Urban,18459,29497.0
45,Male,30.7,No,0,0,0,0,Low,6116,6.2,9,2,3,1,Private,73.0,Semi-Urban,9495,26069.0
73,Male,25.7,No,1,0,0,0,Medium,1170,6.9,3,6,1,0,Private,74.0,Rural,18172,19183.0
82,Female,19.7,No,0,0,0,0,High,11279,6.7,2,5,1,7,,0.0,Semi-Urban,15180,20785.0
58,Female,21.0,No,0,1,0,0,High,4244,6.9,2,1,3,0,Government,56.0,Rural,10811,25833.0
68,Male,27.4,Yes,1,0,0,0,Medium,3471,7.5,9,4,3,7,Government,54.0,Urban,8037,37093.0
88,Male,27.7,Yes,0,0,1,0,Medium,8031,7.1,7,3,0,4,,0.0,Urban,8910,19064.0
46,Female,20.5,No,0,0,0,0,Low,6975,5.4,10,3,1,2,Private,90.0,Semi-Urban,12316,16030.0
36,Male,26.2,No,1,0,0,0,Medium,2245,6.8,4,4,2,0,Private,83.0,Rural,7073,20528.0
83,Male,29.2,No,0,1,1,0,Low,8769,5.2,6,4,1,3,,0.0,Urban,4512,22090.0
58,Female,20.2,No,0,0,0,0,High,9989,6.9,10,5,0,6,Government,78.0,Semi-Urban,7097,12695.0
62,Female,31.5,No,0,0,0,0,Low,12938,6.2,6,7,1,3,Private,81.0,Urban,508,14737.0
32,Female,24.1,No,0,0,0,0,Medium,11689,4.2,3,3,0,6,Government,70.0,Semi-Urban,1455,8399.0
20,Male,32.3,No,1,0,0,0,High,14739,7.7,9,5,1,3,Government,65.0,Urban,14222,20336.0
28,Female,23.3,No,1,0,0,0,High,7019,5.4,4,7,1,2,Private,90.0,Rural,2459,15697.0
70,Male,20.9,No,0,1,0,0,Medium,6567,8.6,1,5,1,7,,0.0,Semi-Urban,7412,20051.0
63,Female,23.7,Yes,0,1,1,0,Medium,13932,5.4,2,2,0,5,Government,74.0,Semi-Urban,3526,18229.0
47,Female,25.5,No,1,0,1,0,Medium,1321,9.0,5,5,0,6,,0.0,Urban,18027,22413.0
74,Male,24.1,No,0,0,0,0,Low,4934,6.3,8,5,1,3,Government,72.0,Semi-Urban,1516,14658.0
35,Male,24.9,No,0,1,1,0,Low,8319,4.1,7,4,1,0,Government,78.0,Semi-Urban,13847,21601.0
68,Female,27.7,No,0,0,0,0,Low,4895,4.4,9,2,2,0,Private,70.0,Rural,14439,21123.0
65,Female,25.1,No,1,0,0,0,Low,10260,4.4,1,4,0,4,,0.0,Semi-Urban,12491,13300.0
83,Male,25.7,No,1,0,0,0,High,8163,4.3,2,3,0,4,Private,91.0,Semi-Urban,4084,10956.0
25,Female,17.5,Yes,0,0,0,1,Low,9515,5.3,10,4,1,2,Government,52.0,Urban,2230,17394.0
39,Male,28.0,No,1,1,0,1,Medium,7555,5.6,4,1,0,7,Private,94.0,Semi-Urban,4683,15825.0
23,Male,25.6,Yes,0,1,0,0,Low,4332,4.6,7,5,1,4,Private,90.0,Rural,3404,19849.0
74,Female,34.1,No,0,1,0,0,High,6338,6.2,1,4,1,2,Government,55.0,Semi-Urban,9562,16772.0
53,Male,21.3,Yes,1,0,0,0,Low,3667,5.8,5,3,4,1,Private,70.0,Rural,8638,36790.0
74,Male,17.0,No,0,1,1,1,Medium,11286,7.2,2,2,0,4,Private,81.0,Semi-Urban,7024,16997.0
66,Male,29.1,No,0,0,0,0,Medium,9836,5.0,2,3,0,2,Private,91.0,Rural,4214,6657.0
62,Female,27.7,No,0,0,0,1,High,4844,8.6,2,2,0,6,Government,53.0,Semi-Urban,18695,15179.0
83,Male,21.0,No,0,0,1,0,Low,10903,6.6,9,5,0,7,Private,88.0,Rural,7356,18897.0
62,Female,18.4,No,0,0,0,0,High,11872,7.1,10,2,0,6,,0.0,Urban,18823,15039.0
37,Female,33.7,No,0,0,0,0,Medium,10032,4.2,5,6,1,0,Government,54.0,Semi-Urban,13998,15350.0
81,Female,33.1,Yes,1,1,0,0,Low,9494,6.8,8,3,2,4,Private,75.0,Urban,11771,31644.0
84,Male,13.6,No,1,0,1,1,Low,4261,5.8,10,5,1,4,Government,71.0,Urban,15023,28795.0
20,Male,23.7,No,0,0,0,0,Medium,14059,8.6,6,2,1,6,Government,63.0,Urban,2567,14681.0
71,Female,34.3,No,0,1,0,0,Low,4760,8.4,1,0,1,6,,0.0,Urban,18628,21037.0
81,Female,23.6,No,0,1,0,0,High,6079,7.2,10,7,1,5,Private,90.0,Semi-Urban,13182,23083.0
57,Male,23.5,Yes,0,0,0,0,Low,8002,7.8,9,5,0,2,Private,90.0,Semi-Urban,6100,12075.0
76,Female,24.6,No,0,0,0,0,Medium,11816,7.2,7,4,1,6,Private,91.0,Semi-Urban,7521,18314.0
72,Female,20.4,No,0,1,0,0,Medium,14151,4.1,2,6,1,1,,0.0,Urban,6713,15666.0
79,Male,17.5,Yes,0,1,0,0,Medium,1335,7.5,8,11,0,4,,0.0,Rural,16373,21217.0
21,Female,31.3,No,0,0,0,0,Low,2878,4.9,2,7,1,2,Government,62.0,Urban,859,12417.0
77,Male,16.8,No,0,0,0,0,High,12483,7.4,2,5,0,1,Government,72.0,Urban,5218,6809.0
47,Male,27.2,No,0,0,0,0,Medium,2852,4.1,4,5,1,7,Private,74.0,Semi-Urban,2185,16812.0
19,Female,30.4,No,0,1,0,0,Medium,5755,5.6,8,4,1,2,Private,85.0,Semi-Urban,16140,18934.0
79,Male,18.7,No,0,0,0,1,Medium,3000,6.6,7,3,0,1,,0.0,Urban,19489,12888.0
66,Male,21.4,Yes,0,0,0,0,Medium,13899,5.7,2,3,3,3,,0.0,Semi-Urban,15723,31679.0
26,Male,32.1,No,0,1,0,0,High,6238,7.5,10,4,2,7,Private,75.0,Urban,598,24862.0
48,Female,28.7,No,0,0,0,0,High,8788,6.6,6,10,2,4,Government,79.0,Urban,12876,26084.0
78,Female,22.9,No,0,1,0,0,Low,14191,8.8,4,2,2,3,,0.0,Urban,15225,24814.0
65,Female,32.0,No,0,0,0,0,Low,3129,5.8,10,3,1,2,Government,55.0,Urban,16649,18055.0
42,Male,32.0,No,0,0,1,0,High,6132,7.6,1,5,3,3,Private,86.0,Urban,4680,30804.0
53,Male,27.3,No,0,0,0,0,Low,1968,8.2,8,3,2,1,Private,80.0,Rural,18242,22952.0
25,Female,21.5,No,0,1,0,0,High,11148,5.3,8,5,0,0,Government,64.0,Semi-Urban,5057,8262.0
75,Female,23.9,No,1,1,0,0,Medium,3525,7.8,6,0,1,5,Private,87.0,Semi-Urban,18683,23522.0
62,Male,27.4,No,0,1,1,0,Low,3346,6.0,10,2,2,3,Government,66.0,Rural,10604,29443.0
79,Female,25.1,No,0,0,1,0,Low,1749,4.6,7,2,0,5,Private,88.0,Semi-Urban,17457,18770.0
56,Female,30.7,No,1,0,0,0,Medium,11935,4.0,3,4,1,2,Private,92.0,Semi-Urban,9780,17275.0
75,Female,18.4,No,0,0,0,0,High,10491,7.7,9,0,0,4,Private,82.0,Semi-Urban,2629,7841.0
81,Female,18.5,No,0,0,0,0,Low,9495,4.9,4,8,1,3,Private,79.0,Semi-Urban,9447,17409.0
61,Female,26.9,Yes,0,0,0,0,Low,3915,4.3,2,7,1,6,Government,58.0,Semi-Urban,8491,21574.0
46,Male,23.5,No,0,1,0,0,High,6956,6.5,4,4,3,3,Government,60.0,Urban,10937,29706.0
76,Female,22.9,No,0,0,0,0,Low,13257,5.7,2,2,1,0,Government,52.0,Urban,5496,11056.0
88,Female,17.2,No,0,1,1,0,Medium,4344,7.5,4,6,3,2,Private,73.0,Urban,5951,33861.0
26,Male,26.1,Yes,0,1,0,0,Medium,8579,4.5,2,3,0,3,Private,86.0,Semi-Urban,13139,14245.0
23,Male,25.7,No,1,0,1,0,Low,9227,4.7,8,1,0,4,Government,67.0,Semi-Urban,16336,18832.0
46,Male,29.3,No,0,1,0,0,Low,13709,6.0,6,3,0,1,Private,75.0,Semi-Urban,9186,9755.0
75,Male,26.3,No,0,0,0,0,Low,4549,6.6,8,6,2,4,,0.0,Urban,15096,26018.0
34,Female,25.3,No,0,1,0,0,Low,6621,8.1,1,1,0,3,Private,86.0,Rural,17403,11660.0
33,Female,31.9,No,0,0,0,0,Medium,11577,6.9,9,2,1,7,Government,58.0,Semi-Urban,15362,20426.0
20,Female,19.4,Yes,1,0,0,0,Medium,7725,8.5,2,2,1,5,Government,61.0,Urban,10858,20939.0
38,Female,28.7,No,0,0,0,0,Medium,13915,5.1,8,6,1,5,,0.0,Urban,5771,17352.0
81,Male,17.6,No,0,1,0,0,Medium,2433,7.0,4,3,1,6,Private,94.0,Semi-Urban,2393,17666.0
53,Male,21.8,No,0,1,0,0,Low,13750,7.3,2,1,0,3,Private,75.0,Urban,2215,7578.0
79,Female,19.9,No,0,0,0,0,Low,1080,7.6,1,1,1,0,Government,74.0,Urban,2126,9415.0
59,Female,29.9,No,0,1,0,1,Low,10694,8.9,4,3,0,2,Government,77.0,Urban,5357,10784.0
59,Female,25.7,No,1,0,1,0,Medium,6505,6.3,10,7,0,0,Government,59.0,Rural,12596,18030.0
78,Female,25.9,No,0,1,0,0,High,13707,5.8,1,2,4,4,Government,73.0,Urban,6626,34525.0
30,Male,20.5,No,0,0,1,0,Low,4511,8.3,8,5,0,7,Private,82.0,Urban,4849,16870.0
28,Female,24.5,No,0,0,0,0,Medium,7178,4.9,2,5,5,2,,0.0,Semi-Urban,13282,39280.0
71,Male,22.2,No,1,0,0,0,Medium,3942,4.2,8,1,1,7,Private,93.0,Urban,17404,23407.0
33,Male,27.9,No,1,0,0,0,Medium,9986,6.2,10,5,0,0,Government,54.0,Rural,2106,8629.0
25,Male,21.0,No,0,0,0,0,High,10922,5.2,1,4,1,3,Private,73.0,Semi-Urban,15151,15875.0
76,Male,32.6,Yes,0,0,0,0,Low,9375,6.0,7,5,1,2,Private,82.0,Semi-Urban,1171,16849.0
74,Female,17.6,Yes,0,0,0,0,Low,5653,8.9,7,3,1,1,Government,70.0,Urban,6309,16301.0
57,Female,22.0,No,0,0,0,0,Low,10363,5.7,5,6,0,1,Private,92.0,Semi-Urban,9294,8788.0
76,Female,34.4,No,0,1,0,1,Low,3042,7.5,3,2,2,4,Private,79.0,Urban,7432,24882.0
19,Female,23.8,No,0,0,0,0,Medium,2287,5.3,6,4,2,6,Government,56.0,Urban,12809,24537.0
27,Male,19.4,No,0,0,0,1,High,12868,5.5,5,4,0,0,Private,74.0,Urban,9011,7925.0
61,Male,27.1,Yes,0,0,0,0,Medium,14127,5.2,9,7,2,5,Government,51.0,Urban,13277,29616.0
28,Male,23.6,No,0,0,0,0,Low,4560,6.9,4,8,1,4,,0.0,Semi-Urban,5169,16019.0
19,Female,21.8,Yes,0,1,1,0,Low,8793,5.1,9,2,2,1,Private,75.0,Urban,8970,29125.0
67,Male,20.5,No,0,1,0,0,High,11074,7.6,10,6,0,3,Private,75.0,Urban,19448,16589.0
29,Male,39.8,No,0,0,0,0,Medium,1281,7.4,6,2,2,3,Private,91.0,Urban,3187,19130.0
40,Male,24.7,No,0,0,1,0,High,5710,6.1,9,3,1,3,Private,93.0,Semi-Urban,17984,23336.0
35,Male,16.4,No,1,1,0,0,Medium,11441,4.1,3,5,1,5,Government,67.0,Urban,8146,20736.0
79,Female,33.5,Yes,0,1,0,0,High,13861,4.1,1,1,0,3,Government,65.0,Urban,17919,15961.0
79,Male,29.1,No,1,0,0,0,High,8773,6.7,6,7,1,3,,0.0,Semi-Urban,16767,22383.0
55,Male,22.2,Yes,0,0,0,0,Medium,9608,8.2,4,5,0,1,Private,71.0,Semi-Urban,19825,14314.0
84,Female,21.3,Yes,0,0,0,1,Medium,1316,7.0,10,9,1,2,Government,53.0,Semi-Urban,10827,23267.0
55,Female,29.4,Yes,1,0,0,0,Medium,12491,6.2,4,3,3,6,Government,79.0,Semi-Urban,15447,36916.0
84,Female,24.8,No,0,1,0,0,Low,3963,8.4,4,5,1,5,Government,69.0,Urban,19414,23048.0
78,Male,16.4,Yes,0,0,0,0,Low,2091,5.0,1,1,2,3,Private,79.0,Semi-Urban,17674,25354.0
18,Male,34.9,No,0,0,0,0,Low,6078,5.8,5,3,0,5,Private,92.0,Urban,7377,9820.0
62,Male,23.8,No,1,0,0,0,Low,12036,6.8,9,5,0,5,Government,61.0,Rural,13492,16302.0
45,Male,33.5,No,0,0,1,1,Low,4885,5.5,3,4,1,5,Government,60.0,Rural,18055,26022.0
38,Female,32.4,Yes,0,0,0,0,Medium,6599,9.0,2,3,1,2,Government,56.0,Rural,19855,19889.0
30,Male,21.0,Yes,0,0,0,0,High,1676,6.3,2,1,1,6,Government,58.0,Urban,17193,20988.0
44,Male,31.2,No,0,1,0,0,Medium,2124,4.3,10,3,0,6,Private,92.0,Semi-Urban,6846,13870.0
24,Female,22.7,No,0,0,0,0,Medium,11482,4.9,7,3,4,3,Government,65.0,Rural,17140,35303.0
39,Female,16.7,Yes,0,0,0,0,Low,2113,6.7,6,3,2,6,,0.0,Rural,6616,25466.0
70,Female,23.9,No,0,0,0,0,Low,2972,6.8,2,1,3,4,Government,64.0,Rural,17596,29396.0
21,Male,28.0,No,0,0,0,0,Medium,12140,8.9,1,8,0,0,Private,82.0,Semi-Urban,15977,9453.0
40,Male,23.7,No,0,0,0,0,High,8767,7.0,7,8,2,2,,0.0,Urban,13921,23887.0
87,Male,24.5,No,1,0,0,0,Low,5222,7.3,6,6,1,7,,0.0,Semi-Urban,5127,21713.0
50,Male,31.7,No,1,1,0,0,Medium,5714,5.1,5,3,1,0,Private,88.0,Urban,15965,19440.0
45,Male,26.5,No,0,0,0,0,Medium,5929,4.5,5,6,0,1,Private,87.0,Rural,5226,7463.0
25,Female,21.8,No,0,1,0,0,Low,10614,7.0,10,4,0,4,,0.0,Urban,17255,15130.0
18,Female,29.5,No,1,0,0,0,Low,12565,8.3,3,4,0,6,Government,60.0,Urban,6608,12727.0
54,Male,27.0,No,0,0,0,0,Medium,8661,6.9,5,2,0,3,,0.0,Urban,15302,10681.0
80,Male,13.4,No,0,0,1,0,Medium,8143,6.2,6,3,0,3,Government,79.0,Semi-Urban,10095,14830.0
39,Male,28.1,No,1,0,0,0,Low,9947,6.9,7,3,1,6,Government,52.0,Semi-Urban,3356,18530.0
87,Male,28.0,Yes,0,0,0,0,Low,12960,6.3,7,2,0,1,Government,53.0,Semi-Urban,8146,11024.0
38,Male,26.1,Yes,0,0,0,0,Medium,5871,4.7,10,5,2,2,Government,67.0,Urban,968,22433.0
52,Female,30.5,No,0,0,1,0,Low,14924,7.7,10,4,0,6,Government,64.0,Urban,5323,16952.0
22,Female,22.6,No,1,0,0,0,High,4836,6.7,8,3,1,6,Private,78.0,Rural,12375,20931.0
77,Female,27.7,No,0,0,0,0,Low,8309,6.0,5,5,0,3,Government,50.0,Rural,8643,10364.0
63,Male,18.2,No,1,1,0,0,Low,13164,6.8,4,5,0,2,Private,84.0,Urban,10136,13747.0
67,Male,28.0,No,0,1,1,0,Low,13360,5.2,7,3,0,3,Private,93.0,Urban,2665,14979.0
65,Female,35.8,Yes,0,0,0,0,High,8381,6.1,2,8,1,6,Private,83.0,Rural,4321,21070.0
23,Female,21.0,No,0,0,0,0,Medium,5474,7.1,8,2,0,2,Private,92.0,Urban,14258,9367.0
73,Male,22.2,No,0,0,0,0,High,12184,5.1,4,1,1,0,,0.0,Rural,4669,10727.0
76,Female,22.4,No,0,0,0,0,Medium,9683,7.7,10,5,0,2,Private,90.0,Urban,5801,9532.0
46,Female,26.6,No,0,1,0,0,High,1683,6.6,1,3,0,1,,0.0,Rural,9190,8675.0
88,Male,20.7,No,1,0,0,0,High,2975,8.3,2,6,1,7,Private,73.0,Urban,12006,22883.0
35,Female,28.1,No,0,0,0,0,Low,1303,8.2,1,3,1,3,Private,77.0,Urban,8741,13965.0
19,Female,30.2,No,0,1,0,0,High,13189,6.5,5,0,2,4,Private,78.0,Semi-Urban,13245,23460.0
25,Female,28.7,Yes,0,1,0,0,High,2952,5.0,1,5,0,2,Private,80.0,Urban,15076,14684.0
71,Male,17.2,No,0,1,1,0,High,4569,7.7,9,2,1,4,Private,93.0,Urban,10417,23861.0
55,Female,31.0,No,0,1,1,0,High,8909,6.1,4,2,3,7,Government,72.0,Urban,8959,36918.0
65,Female,30.7,No,0,1,0,0,Medium,5004,7.0,10,3,0,6,,0.0,Semi-Urban,2928,13099.0
44,Female,30.2,No,1,0,0,0,High,7065,4.5,3,6,1,2,Government,60.0,Urban,1798,15425.0
37,Male,27.9,No,0,0,0,0,Medium,10452,7.2,9,3,2,0,Government,53.0,Semi-Urban,15271,21158.0
29,Male,27.1,No,0,0,0,0,Medium,8397,5.9,4,5,0,4,Government,64.0,Urban,12477,11136.0
60,Female,31.2,Yes,0,0,0,0,Low,2030,5.7,1,5,1,1,Government,56.0,Urban,19160,19884.0
78,Male,35.6,No,0,1,0,0,Medium,6826,8.9,2,8,1,4,Private,71.0,Urban,19060,23146.0
48,Female,21.2,Yes,0,0,0,1,Medium,5351,6.2,4,3,0,2,Government,74.0,Semi-Urban,10641,12888.0
78,Male,31.4,No,0,0,0,0,Medium,10386,7.4,1,3,0,6,Private,90.0,Urban,12602,12483.0
84,Male,25.6,No,1,0,0,0,High,8719,7.1,6,1,0,7,Government,74.0,Semi-Urban,7874,14510.0
52,Female,25.4,No,0,0,0,0,Medium,12551,4.5,7,7,1,1,,0.0,Urban,3902,13973.0
32,Female,18.3,No,0,1,0,1,Medium,9425,7.7,1,6,1,7,Government,61.0,Rural,16184,23744.0
33,Female,24.6,Yes,0,0,0,0,Low,12112,5.6,6,3,1,0,,0.0,Urban,17815,18142.0
30,Male,21.0,No,0,0,0,0,Low,2718,8.0,3,4,2,7,Private,79.0,Urban,17298,26219.0
52,Female,23.7,No,0,0,0,0,Medium,1492,7.0,7,2,2,4,,0.0,Semi-Urban,9570,22022.0
76,Male,20.5,No,0,0,1,0,Medium,12474,5.6,2,5,0,1,Government,50.0,Semi-Urban,6716,12350.0
38,Male,23.8,No,0,1,0,1,Low,3014,5.8,2,4,1,4,Private,70.0,Rural,4969,17665.0
71,Female,24.0,No,0,0,0,0,Low,9029,7.7,4,5,0,0,Government,54.0,Rural,944,5223.0
47,Male,26.5,No,0,1,0,0,Low,8534,6.8,8,4,1,0,Government,68.0,Semi-Urban,13743,17058.0
65,Female,17.9,No,1,1,0,0,Medium,13516,7.3,3,5,1,0,Government,71.0,Semi-Urban,15104,19468.0
52,Male,18.8,No,0,1,0,0,Medium,9536,4.8,8,6,2,6,Private,87.0,Urban,18541,29966.0
55,Female,27.8,No,1,0,0,1,Low,6886,7.9,7,5,0,0,Government,55.0,Urban,14258,13611.0
48,Male,22.0,No,1,1,1,0,Medium,8627,5.6,5,2,1,1,Private,80.0,Urban,5544,21383.0
41,Male,31.4,No,1,0,0,0,Low,9456,7.1,4,6,1,1,,0.0,Urban,14171,18513.0
66,Female,27.1,Yes,1,1,0,0,Medium,12767,4.6,10,4,1,7,,0.0,Urban,11087,28159.0
49,Male,29.0,No,0,1,0,0,Low,14031,5.6,10,4,1,7,Government,65.0,Semi-Urban,19524,24907.0
72,Female,33.1,No,1,1,0,0,High,2672,7.2,2,2,1,5,,0.0,Semi-Urban,16519,23089.0
75,Male,24.5,No,1,1,0,0,Low,4647,5.4,9,3,1,0,Government,77.0,Urban,18903,21406.0
20,Male,23.1,Yes,1,0,0,0,Medium,7388,8.4,4,6,1,6,Government,50.0,Semi-Urban,13938,24774.0
86,Male,30.4,No,0,0,0,0,Medium,9620,7.3,5,5,0,5,Government,55.0,Urban,18129,15071.0
27,Female,28.5,Yes,1,0,0,0,Low,4162,8.4,2,3,2,5,Private,81.0,Semi-Urban,11653,27991.0
42,Female,25.1,No,0,1,0,0,Low,14544,6.0,2,1,1,2,Government,77.0,Urban,10570,15164.0
85,Female,33.0,No,0,0,0,0,Low,3910,4.2,2,3,1,1,,0.0,Semi-Urban,5769,12821.0
78,Female,24.9,No,0,0,1,0,High,9645,6.9,10,1,1,0,,0.0,Urban,16882,20772.0
46,Female,26.2,Yes,0,0,0,0,Low,9540,5.7,2,5,0,7,Government,54.0,Urban,18996,18405.0
36,Male,26.1,No,1,0,0,0,Medium,9613,6.2,9,5,0,1,Private,72.0,Semi-Urban,14857,13060.0
60,Male,21.3,No,0,1,0,1,Medium,11954,7.4,5,4,1,4,Government,64.0,Semi-Urban,18661,22737.0
83,Female,26.4,No,0,0,0,1,Low,7633,7.5,6,2,0,6,Government,76.0,Urban,5623,12439.0
78,Male,33.0,No,1,1,0,0,Low,13973,4.1,4,5,1,2,Private,92.0,Semi-Urban,7674,19752.0
60,Male,28.2,Yes,0,0,0,0,High,1581,7.8,2,4,1,5,Government,67.0,Urban,8656,19643.0
42,Male,26.2,No,0,1,0,0,Low,3662,6.5,3,5,0,0,Private,75.0,Urban,3079,7150.0
37,Male,25.2,Yes,0,0,0,0,Low,6352,6.8,3,5,0,7,Government,67.0,Urban,4067,13916.0
65,Female,27.7,No,0,0,0,0,Medium,5258,5.5,10,3,0,2,Government,61.0,Urban,13243,10904.0
41,Male,29.7,No,0,1,0,0,Low,7923,6.1,8,5,0,5,Private,79.0,Semi-Urban,14396,15630.0
28,Female,29.0,No,0,0,0,0,Medium,11543,7.6,8,3,0,1,Private,78.0,Semi-Urban,15257,9607.0
72,Female,24.3,No,0,0,0,0,Low,11558,7.9,6,3,2,1,,0.0,Rural,16441,22301.0
45,Male,27.6,No,0,0,1,0,High,7828,5.9,10,1,0,6,,0.0,Semi-Urban,8338,16429.0
86,Female,28.4,No,1,0,0,0,Medium,10221,7.5,8,5,1,4,,0.0,Urban,6103,19703.0
80,Male,21.0,No,0,0,0,0,High,2324,5.3,3,2,3,7,Government,69.0,Rural,8173,29682.0
76,Male,26.8,No,0,0,0,0,Low,1100,8.2,7,3,1,7,Government,75.0,Rural,18375,22036.0
22,Male,15.2,No,0,0,0,0,Low,1415,7.0,5,4,3,0,Private,90.0,Rural,6445,23430.0
68,Female,28.4,No,1,0,0,0,High,6059,7.9,9,4,1,0,Private,76.0,Urban,4138,15353.0
38,Female,29.3,No,1,0,0,0,Low,10575,6.4,9,5,1,3,Private,79.0,Rural,15444,20972.0
29,Female,29.7,No,0,0,0,1,Medium,14442,5.1,5,5,0,5,Private,87.0,Rural,4628,11359.0
67,Male,24.0,No,0,1,1,0,Low,11625,6.1,6,4,2,7,Private,74.0,Rural,17328,34658.0
21,Male,27.5,Yes,0,0,0,1,High,2043,5.9,1,6,0,4,,0.0,Semi-Urban,7319,13741.0
59,Male,33.1,No,0,1,0,0,Low,2746,5.7,4,3,0,6,Private,76.0,Urban,18564,16542.0
55,Female,33.1,Yes,0,0,0,0,Medium,5491,5.1,1,3,1,5,,0.0,Urban,7794,18831.0
42,Male,25.9,No,0,0,0,0,Medium,14756,7.8,4,10,1,6,Private,75.0,Semi-Urban,1184,17572.0
31,Male,26.7,No,0,0,0,0,Low,8657,4.4,1,5,0,7,Private,89.0,Rural,10605,12403.0
49,Female,31.6,No,1,0,1,0,Low,5443,8.4,10,5,3,2,Government,64.0,Urban,3248,34002.0
28,Female,18.5,No,0,0,1,0,High,10480,4.9,4,5,1,7,,0.0,Urban,11132,23855.0
78,Female,24.4,No,1,0,0,0,Medium,5860,8.9,6,4,2,6,Government,50.0,Urban,10318,27487.0
35,Male,32.7,No,0,1,1,0,Medium,13331,8.9,9,2,2,0,Private,81.0,Semi-Urban,13591,27358.0
44,Male,30.9,No,0,0,0,0,Medium,5170,6.0,2,4,2,3,Government,60.0,Urban,17022,23314.0
72,Male,27.8,No,0,1,0,0,Low,5148,8.9,2,6,0,5,Government,51.0,Semi-Urban,16779,16108.0
71,Female,18.5,No,0,1,0,0,Medium,8453,8.3,6,5,0,5,Government,62.0,Semi-Urban,8678,13778.0
38,Female,25.8,No,0,0,0,0,Medium,13146,4.4,10,6,1,2,Government,52.0,Semi-Urban,9445,16368.0
61,Female,23.1,No,0,0,0,0,Medium,7209,8.7,6,5,0,1,Private,85.0,Semi-Urban,4201,7173.0
22,Female,27.7,No,0,0,0,0,Low,1037,4.2,3,5,0,1,Government,51.0,Urban,11254,8047.0
58,Male,22.0,No,0,0,0,0,High,9957,4.9,2,4,0,4,Government,72.0,Urban,4704,8431.0
76,Male,20.9,No,0,0,0,0,Low,13069,6.9,3,2,0,1,Private,76.0,Urban,19093,10075.0
71,Male,15.7,No,0,1,1,0,Low,11656,4.4,4,6,2,6,Government,76.0,Semi-Urban,8733,31511.0
39,Male,32.1,No,1,1,0,0,High,5806,4.8,4,0,2,1,,0.0,Urban,566,20013.0
82,Male,24.0,No,0,1,0,1,Medium,5843,8.8,7,6,1,3,Government,50.0,Semi-Urban,3119,18996.0
81,Male,26.8,No,0,0,0,0,Low,14780,9.0,4,5,5,7,Private,75.0,Semi-Urban,18861,46482.0
88,Male,26.0,No,0,0,0,1,Medium,14366,8.0,10,4,1,7,,0.0,Urban,3968,20430.0
21,Male,20.7,No,0,0,0,0,Medium,12083,6.6,6,5,0,2,,0.0,Urban,4547,7205.0
82,Female,19.7,No,0,0,0,0,Low,1115,8.5,6,8,3,5,,0.0,Urban,1827,29179.0
32,Female,21.0,Yes,0,0,0,0,Medium,8764,4.6,10,5,0,2,Private,78.0,Semi-Urban,4732,11290.0
39,Male,22.4,Yes,0,0,0,0,Low,1278,8.7,3,7,2,3,Government,57.0,Urban,6857,24309.0
64,Female,27.8,Yes,0,1,0,0,Low,1453,5.8,9,1,2,7,Private,85.0,Urban,7744,29237.0
63,Male,22.0,Yes,0,1,0,0,Low,4213,8.3,10,6,1,2,Government,54.0,Urban,11447,22354.0
31,Male,34.7,No,0,0,0,0,Medium,5703,7.3,5,3,1,5,Private,85.0,Urban,8097,16290.0
67,Female,31.1,No,0,1,1,0,Low,14360,8.8,10,6,1,2,Government,57.0,Urban,4646,22667.0
37,Male,30.0,No,0,0,0,0,High,5464,8.3,9,3,2,4,Private,73.0,Urban,10854,23096.0
67,Male,25.4,No,1,0,0,0,Medium,13657,8.4,10,3,0,0,Private,75.0,Rural,9641,10694.0
50,Male,33.6,No,0,1,0,0,Low,1300,7.2,6,4,1,2,,0.0,Rural,8249,16883.0
76,Male,24.9,No,1,1,0,0,Medium,9908,8.2,6,3,0,2,,0.0,Rural,10729,13986.0
60,Male,25.8,No,0,0,0,0,High,7042,7.8,9,3,2,2,Government,69.0,Rural,5932,20354.0
29,Male,26.8,No,0,0,0,1,Medium,6066,4.8,10,3,1,1,Government,77.0,Urban,10282,15969.0
57,Male,29.5,No,0,1,0,0,Low,10567,7.2,5,7,1,3,Private,83.0,Urban,4326,17523.0
37,Female,29.2,Yes,1,0,0,0,Low,1194,4.7,3,2,0,4,,0.0,Urban,18040,17128.0
55,Female,23.6,Yes,0,0,0,0,High,2328,8.3,3,5,2,5,Private,70.0,Urban,5247,24982.0
20,Male,23.3,No,0,0,0,0,Low,7393,4.3,2,3,2,1,Government,50.0,Urban,11070,18820.0
45,Female,29.2,No,0,1,1,0,Low,5353,8.9,2,9,0,3,,0.0,Semi-Urban,13486,19222.0
73,Male,29.6,Yes,1,0,0,0,Medium,8133,6.0,6,3,2,4,Private,75.0,Rural,1296,25837.0
30,Male,24.0,Yes,0,1,0,0,Low,11171,4.9,8,4,1,5,,0.0,Rural,18850,25175.0
83,Male,18.1,Yes,0,0,0,0,High,14761,8.7,8,3,0,7,Private,74.0,Semi-Urban,13263,17582.0
54,Male,25.0,No,0,0,0,0,High,8388,4.2,8,3,0,1,,0.0,Urban,15674,10132.0
66,Female,29.1,No,0,1,0,0,Medium,14883,6.4,10,1,0,4,Private,73.0,Urban,9054,12509.0
83,Female,35.0,No,0,0,0,0,High,2557,7.9,7,8,2,2,Private,82.0,Urban,14249,25185.0
53,Female,20.0,Yes,0,0,0,0,Medium,6976,5.6,2,1,1,5,Government,61.0,Rural,13571,19531.0
71,Female,23.9,No,0,0,0,0,Medium,8529,6.6,10,7,0,1,Government,72.0,Rural,9372,10549.0
43,Male,24.1,Yes,0,1,0,0,Medium,4124,7.5,2,3,1,1,Government,69.0,Urban,4955,16470.0
89,Female,32.8,No,0,0,0,0,Low,5882,8.8,10,3,1,0,Private,93.0,Rural,5678,13667.0
57,Male,25.8,Yes,0,0,0,0,High,8119,4.5,7,1,0,2,,0.0,Semi-Urban,1257,8691.0
60,Male,21.5,No,0,0,0,0,High,9720,4.8,4,2,0,2,Private,77.0,Urban,13086,8971.0
39,Female,28.8,No,0,0,1,0,High,9689,6.5,6,10,1,1,Private,86.0,Urban,16800,23684.0
37,Male,24.0,No,0,0,0,0,Medium,7782,6.1,9,3,0,1,Private,76.0,Urban,11917,8835.0
25,Female,19.9,No,0,1,1,0,Medium,7298,6.1,5,7,0,7,Private,92.0,Urban,19635,23388.0
46,Female,21.5,No,1,0,0,0,Low,8146,5.5,10,6,2,5,Private,76.0,Urban,15822,29212.0
57,Female,34.7,Yes,0,0,0,0,Low,2810,6.8,4,4,2,3,,0.0,Urban,15763,26710.0
47,Female,27.9,No,0,0,0,0,Low,8914,8.4,3,3,0,7,Government,55.0,Rural,11951,12762.0
72,Female,26.5,No,0,1,1,0,Low,14801,4.8,7,2,0,0,Government,69.0,Semi-Urban,4219,12701.0
33,Male,24.8,No,0,0,0,0,Medium,3845,5.1,7,5,0,1,Government,64.0,Urban,552,5770.0
63,Female,27.5,No,0,0,0,0,Medium,3125,7.4,7,4,0,5,,0.0,Urban,1642,9578.0
79,Female,27.4,No,0,1,0,0,Low,8341,4.3,5,6,0,4,Government,51.0,Urban,12252,14678.0
24,Male,27.5,No,0,0,0,1,Medium,1319,7.4,10,2,2,6,Private,83.0,Urban,8571,24976.0
62,Female,26.6,Yes,0,0,0,1,Low,9086,5.6,8,7,1,7,Private,92.0,Urban,2355,23245.0
76,Female,30.3,No,0,0,0,0,Medium,4363,5.8,2,4,1,6,Private,71.0,Semi-Urban,19690,21136.0
73,Male,26.1,Yes,0,1,0,0,High,11761,6.0,4,5,2,3,Private,77.0,Urban,13337,28444.0
65,Male,21.1,No,1,0,0,0,Medium,4386,5.7,1,2,1,1,Private,91.0,Urban,18218,17698.0
44,Female,22.9,No,1,1,1,0,Low,13901,8.2,6,5,3,2,Government,52.0,Semi-Urban,2217,34532.0
70,Male,16.1,Yes,0,0,0,0,Medium,13917,8.7,6,5,1,0,Government,51.0,Urban,12823,17930.0
52,Female,36.1,No,0,0,0,0,Medium,11908,6.7,3,2,0,3,Government,55.0,Semi-Urban,4510,7276.0
68,Male,30.3,No,0,0,1,0,Medium,4338,6.9,1,6,4,4,Private,94.0,Urban,17484,42314.0
54,Female,21.8,No,1,1,0,0,High,9177,4.4,5,6,0,3,Private,80.0,Semi-Urban,12881,15898.0
74,Female,24.6,Yes,0,0,0,0,Low,14733,7.6,1,3,1,0,Private,76.0,Urban,1475,13060.0
25,Female,22.8,No,0,0,0,0,Low,9436,6.9,3,8,0,0,Private,88.0,Urban,2254,5660.0
37,Male,33.7,No,0,0,0,0,Low,7734,4.3,8,3,1,3,Private,94.0,Semi-Urban,15367,17561.0
70,Female,18.9,No,0,0,0,0,Medium,11911,5.0,10,3,1,4,Private,75.0,Semi-Urban,4741,15789.0
29,Male,26.6,No,0,0,0,0,Medium,8258,5.0,9,3,1,3,Private,76.0,Urban,19555,18645.0
66,Female,25.5,Yes,0,0,0,0,Low,1869,4.9,3,3,2,6,Private,91.0,Urban,6417,25610.0
34,Female,30.1,No,1,0,0,0,Low,2459,7.3,9,4,3,6,Private,73.0,Urban,18626,35871.0
81,Female,25.5,No,0,0,0,0,Medium,7784,8.6,7,7,0,2,Government,52.0,Urban,4875,9648.0
59,Female,17.2,No,0,1,0,0,High,5109,7.8,8,4,1,6,Government,76.0,Urban,18617,23281.0
46,Female,24.7,Yes,0,1,0,0,Low,8042,6.4,6,2,0,3,Government,50.0,Urban,11186,14417.0
36,Male,21.1,No,0,0,0,0,Low,7429,6.0,5,3,1,7,Private,80.0,Rural,13052,19069.0
28,Male,26.4,No,0,0,0,0,Medium,9862,5.9,10,6,2,1,Government,74.0,Semi-Urban,16719,23568.0
67,Male,33.2,No,0,0,0,0,Low,13928,7.0,8,4,0,1,Government,72.0,Urban,16576,11309.0
88,Female,17.3,No,1,0,0,1,Medium,1685,5.8,2,4,0,4,Government,68.0,Rural,2451,12214.0
75,Female,22.0,No,0,0,0,0,Medium,6027,5.1,7,6,2,1,Private,87.0,Semi-Urban,3014,19664.0
51,Male,23.2,No,0,0,0,0,Medium,14997,7.0,1,6,1,7,Government,69.0,Semi-Urban,17996,21315.0
37,Female,24.1,Yes,1,1,0,0,High,2974,6.0,7,2,0,1,,0.0,Urban,13413,15987.0
67,Female,29.7,No,1,0,0,0,Low,14219,4.1,6,1,0,6,Private,77.0,Urban,4896,12600.0
27,Female,25.1,No,0,0,0,1,High,8594,4.1,4,2,1,5,Private,83.0,Semi-Urban,16308,19285.0
49,Male,28.1,No,0,0,0,0,High,10203,5.4,3,4,4,3,Private,77.0,Semi-Urban,2218,31088.0
69,Male,22.9,Yes,1,0,0,1,Low,10576,6.6,9,1,2,3,Private,75.0,Rural,5085,27192.0
32,Male,27.1,No,0,1,0,0,Low,5138,5.8,6,3,0,0,Government,74.0,Semi-Urban,9883,8818.0
20,Male,29.9,No,1,0,0,1,High,10102,4.1,6,2,1,7,,0.0,Urban,503,19048.0
54,Male,22.3,Yes,0,1,1,0,Medium,2317,5.1,1,2,3,5,Private,82.0,Urban,8887,37415.0
57,Female,29.9,No,0,0,0,0,Low,6464,4.5,5,6,0,7,Private,90.0,Urban,1183,11392.0
89,Female,26.3,No,0,0,0,0,Medium,6115,8.7,7,7,0,6,,0.0,Rural,14054,15785.0
57,Female,31.2,Yes,0,1,1,0,Medium,8409,5.6,4,4,0,1,Private,91.0,Urban,2029,15885.0
73,Female,25.0,No,1,0,0,0,Low,12318,4.1,2,4,1,1,Private,70.0,Urban,10134,16550.0
40,Male,27.9,No,1,0,0,1,Medium,1566,7.3,9,5,0,5,Private,70.0,Semi-Urban,11759,16965.0
28,Male,25.8,No,0,1,0,0,Medium,13109,5.2,6,3,0,5,,0.0,Semi-Urban,17097,14863.0
81,Female,25.5,Yes,1,0,0,0,High,8895,6.8,9,2,3,7,Government,79.0,Semi-Urban,8820,36731.0
25,Male,27.3,No,0,0,0,1,Medium,10657,4.8,8,4,2,6,Government,51.0,Semi-Urban,11637,26310.0
73,Female,28.7,No,0,0,0,0,Medium,13394,8.9,1,5,2,6,,0.0,Urban,12930,25200.0
77,Female,19.8,No,0,0,0,0,Medium,14624,8.9,2,2,0,7,Private,75.0,Semi-Urban,9845,11888.0
27,Female,33.2,No,0,0,0,0,Low,10399,7.3,2,5,2,0,,0.0,Urban,8824,18583.0
56,Female,16.7,No,0,1,0,1,Medium,8297,7.5,2,6,1,0,Government,58.0,Semi-Urban,8740,16543.0
45,Male,22.6,Yes,0,0,0,0,Medium,12762,6.1,4,1,0,6,Government,79.0,Semi-Urban,16289,15465.0
66,Female,25.5,No,0,0,0,0,High,3465,8.8,7,3,3,4,Government,79.0,Semi-Urban,16936,30966.0
53,Male,28.1,No,0,0,0,0,Medium,5144,6.1,7,8,1,6,Government,76.0,Urban,13979,21497.0
30,Female,33.9,No,0,0,0,0,Medium,5348,5.2,1,5,1,0,Private,91.0,Semi-Urban,6536,11778.0
53,Female,16.7,No,1,0,0,0,Low,4926,4.6,8,1,1,0,Private,87.0,Urban,5203,13622.0
43,Female,23.5,No,0,0,0,0,High,8559,5.0,4,3,1,1,Private,91.0,Urban,18629,15954.0
21,Female,15.4,No,0,1,0,0,Low,12332,6.9,8,8,1,2,,0.0,Urban,19729,21201.0
81,Male,26.2,No,0,0,0,0,High,12705,5.2,10,3,2,4,Private,93.0,Urban,19191,26563.0
55,Female,27.4,No,0,0,0,0,Medium,5010,7.3,9,3,1,4,Private,79.0,Urban,13005,18023.0
39,Male,34.0,Yes,0,0,0,0,Low,3877,5.9,7,4,0,5,Private,87.0,Urban,15536,16461.0
19,Female,26.6,No,0,0,0,0,High,2400,8.4,3,3,2,3,Private,77.0,Rural,1435,17808.0
48,Female,31.2,No,1,1,0,0,Medium,7707,6.8,3,3,1,4,,0.0,Urban,5524,19053.0
28,Female,28.9,No,0,0,0,0,Medium,10760,7.1,5,6,0,0,Private,92.0,Semi-Urban,17944,10210.0
63,Male,23.8,No,0,0,0,0,Low,14843,6.8,7,7,0,4,Private,84.0,Urban,15163,13923.0
79,Female,19.0,No,1,0,0,0,High,1740,8.4,7,2,0,4,Government,65.0,Semi-Urban,14701,14460.0
86,Female,27.4,No,0,0,0,0,Medium,7330,4.3,9,3,1,3,,0.0,Rural,12893,17810.0
81,Female,18.5,No,0,1,1,0,Medium,9891,4.3,1,5,1,3,Government,52.0,Urban,9875,22738.0
27,Female,32.5,No,1,0,0,0,High,1702,7.5,3,3,0,4,Government,69.0,Semi-Urban,13682,13120.0
57,Female,25.2,Yes,1,0,0,0,Medium,7255,7.8,1,5,1,1,Government,55.0,Semi-Urban,9100,19126.0
41,Male,32.0,No,0,0,0,0,Low,14495,6.2,6,1,1,0,Government,65.0,Semi-Urban,18564,14949.0
61,Male,23.6,No,0,0,0,1,Medium,5388,5.8,10,1,2,0,Private,77.0,Urban,4713,19242.0
77,Female,27.3,No,1,0,0,0,Medium,10147,5.4,7,3,0,7,Private,93.0,Rural,18714,18673.0
79,Female,27.0,Yes,0,1,0,0,High,10065,5.2,2,3,2,0,,0.0,Semi-Urban,12981,24884.0
34,Male,25.8,Yes,0,0,0,0,Low,11600,8.6,9,7,1,6,Private,85.0,Urban,16791,24891.0
82,Female,23.8,No,0,1,0,0,Medium,13789,5.5,5,3,1,3,,0.0,Urban,1480,15398.0
74,Male,28.0,No,0,0,0,1,Medium,8127,7.2,3,6,0,6,Private,80.0,Semi-Urban,19160,17368.0
72,Female,21.4,No,1,1,1,0,Low,12570,7.9,7,3,1,0,Private,94.0,Semi-Urban,13584,24257.0
70,Female,20.0,No,0,0,0,0,Low,2820,4.1,7,5,1,1,Government,71.0,Urban,15802,16941.0
73,Male,32.2,No,1,0,0,0,Medium,8906,4.2,1,7,1,0,Government,58.0,Semi-Urban,6416,15851.0
26,Female,29.6,No,1,1,0,1,Medium,5744,5.7,6,4,1,3,Private,82.0,Semi-Urban,902,18879.0
39,Male,26.3,No,1,0,0,0,Medium,13373,7.5,3,4,0,6,Government,67.0,Semi-Urban,6445,13002.0
30,Male,34.3,Yes,0,0,0,0,High,5391,5.3,7,2,2,6,Private,77.0,Semi-Urban,4683,25034.0
65,Male,24.7,No,1,1,0,0,Medium,12434,4.0,5,3,0,1,Private,83.0,Urban,10377,12654.0
35,Female,32.6,No,0,0,1,0,Medium,2379,5.4,4,3,3,4,,0.0,Urban,13864,34037.0
57,Male,26.9,No,0,0,0,0,Low,14771,4.5,10,12,0,2,Private,70.0,Semi-Urban,1546,10811.0
34,Male,20.9,No,1,1,0,0,Low,9470,5.1,7,2,3,6,Private,90.0,Semi-Urban,3909,31980.0
32,Female,35.2,Yes,0,1,0,0,Medium,9038,5.7,7,3,0,1,Private,88.0,Semi-Urban,5850,11851.0
32,Female,31.0,No,0,1,0,0,Medium,5347,4.6,8,3,1,3,Private,94.0,Urban,3426,15798.0
80,Female,25.4,No,0,0,0,0,Medium,10223,7.5,5,8,2,6,Government,73.0,Rural,5672,25064.0
56,Female,29.6,No,0,0,0,0,Medium,13873,5.3,4,5,1,6,Government,58.0,Urban,14298,19897.0
30,Female,24.0,No,0,1,0,0,Medium,2343,7.3,1,5,3,5,Private,73.0,Rural,15561,32188.0
49,Female,30.1,No,0,0,0,0,Low,6270,7.0,4,4,1,1,Government,76.0,Rural,3361,12091.0
26,Male,14.0,No,0,1,0,0,Medium,1604,8.5,10,4,1,1,Government,67.0,Urban,9566,16210.0
57,Female,20.9,No,1,0,0,0,Medium,7519,4.4,1,0,1,3,Private,77.0,Semi-Urban,7026,14975.0
37,Male,30.9,No,0,0,0,0,Medium,8532,5.1,7,4,0,6,Government,63.0,Urban,15505,14118.0
80,Female,24.8,No,0,0,0,0,Medium,11847,8.3,6,4,0,2,Private,83.0,Urban,11065,10064.0
61,Male,27.0,Yes,0,1,1,0,Medium,7583,8.1,7,0,3,7,Private,85.0,Urban,14829,41479.0
55,Male,19.3,Yes,0,0,0,0,Low,1591,5.0,8,4,0,4,Private,78.0,Urban,9808,14021.0
77,Female,35.2,No,0,1,0,0,Low,9038,4.5,6,5,0,3,,0.0,Semi-Urban,3694,11304.0
88,Female,32.0,Yes,0,1,0,0,Low,7163,8.3,2,4,1,4,Government,72.0,Urban,12708,22732.0
65,Male,25.0,Yes,1,1,0,0,Medium,4954,4.9,2,4,0,4,Private,82.0,Urban,4493,16098.0
35,Female,24.0,No,0,1,1,0,Medium,9203,8.4,9,6,0,5,Government,53.0,Urban,13374,20632.0
33,Female,31.1,Yes,1,1,0,0,Low,7779,8.8,6,4,1,7,,0.0,Rural,17591,28770.0
72,Male,35.9,No,0,1,0,0,High,1121,5.1,6,2,2,6,Government,57.0,Rural,11516,26772.0
56,Male,30.8,No,0,0,0,1,Medium,13712,8.2,1,5,1,6,Private,82.0,Urban,9020,19250.0
85,Male,36.9,No,0,0,1,0,Low,3276,6.1,8,1,1,7,Government,70.0,Urban,1741,21929.0
76,Female,21.4,No,0,0,1,0,Medium,11836,7.9,8,3,0,7,Private,74.0,Semi-Urban,4175,16814.0
79,Female,21.9,No,0,0,1,0,Medium,13265,6.0,4,2,1,0,Private,83.0,Semi-Urban,15195,19396.0
30,Female,20.1,No,1,0,0,0,Medium,9095,4.4,7,1,1,1,Private,78.0,Semi-Urban,2326,13001.0
23,Female,28.2,No,0,0,0,0,Medium,8076,7.6,9,3,0,2,Private,86.0,Semi-Urban,16990,11003.0
77,Male,26.9,No,0,1,0,0,Low,1877,4.8,1,5,1,4,Government,61.0,Urban,15945,20531.0
31,Female,25.2,No,0,0,0,0,Low,1785,8.6,5,4,0,5,Government,67.0,Urban,9305,10767.0
71,Male,30.0,No,0,0,0,0,Low,3076,6.1,8,5,1,6,Government,72.0,Urban,7965,19109.0
21,Female,32.2,No,0,1,0,0,Low,6671,4.4,7,4,1,7,Government,59.0,Urban,5610,19669.0
56,Female,18.4,No,0,0,0,0,Medium,1100,5.1,10,2,0,4,Private,72.0,Semi-Urban,9428,10500.0
89,Male,23.0,Yes,1,0,0,0,Medium,9567,8.3,4,4,1,1,Government,58.0,Semi-Urban,13692,21278.0
42,Female,30.1,No,0,1,1,0,Medium,9837,5.6,3,3,1,0,,0.0,Rural,1550,17008.0
49,Female,23.7,Yes,0,0,0,0,Medium,4382,8.3,1,10,1,0,,0.0,Rural,1216,15256.0
76,Male,22.0,No,0,0,0,0,Low,12703,4.9,3,2,0,2,Government,51.0,Urban,15717,9895.0
80,Female,31.1,No,0,0,0,0,Low,6960,6.3,2,5,0,7,Government,58.0,Semi-Urban,6153,12379.0
55,Male,19.6,No,0,0,0,0,Low,11932,8.4,5,8,3,0,,0.0,Semi-Urban,16037,28699.0
70,Male,24.5,No,0,1,0,0,Low,12720,4.2,1,4,0,2,Private,88.0,Rural,11880,11099.0
84,Male,27.6,No,0,0,0,0,Medium,7343,5.5,4,5,2,2,Private,83.0,Urban,19085,24634.0
45,Male,23.1,No,1,1,0,0,High,5816,8.5,8,1,1,5,Government,78.0,Rural,15462,22732.0
20,Female,29.9,No,1,0,1,0,Medium,14911,7.0,9,1,1,5,Private,74.0,Semi-Urban,14770,25428.0
39,Female,23.2,No,0,0,1,0,Medium,3023,7.6,1,6,3,5,,0.0,Urban,17240,36248.0
55,Female,33.0,Yes,0,1,0,0,Low,8292,8.2,3,2,3,4,,0.0,Urban,17964,35079.0
89,Male,25.4,No,0,1,1,0,Medium,13758,6.6,6,3,1,2,Private,77.0,Urban,3132,20482.0
89,Female,29.4,Yes,1,0,0,0,Medium,11144,8.2,5,5,2,6,Private,93.0,Semi-Urban,3468,29002.0
79,Female,29.7,No,1,0,1,0,Low,2045,7.2,1,6,1,3,Government,72.0,Urban,6027,22779.0
74,Female,22.9,Yes,1,1,1,0,High,3097,7.4,2,6,0,5,Private,86.0,Rural,19555,27333.0
23,Female,15.7,No,0,0,0,0,Low,4822,4.8,2,4,3,2,Private,80.0,Urban,3239,23503.0
49,Male,27.8,Yes,1,0,0,0,Medium,5821,8.7,7,4,1,6,Private,84.0,Rural,14655,25510.0
27,Male,26.4,Yes,1,1,0,0,Medium,4866,8.0,6,5,2,2,Government,60.0,Rural,16599,30612.0
20,Female,28.8,No,0,0,1,0,High,12823,5.3,6,2,1,3,Government,54.0,Urban,13251,20639.0
76,Male,24.9,No,0,0,0,1,High,7209,6.9,1,5,0,1,,0.0,Urban,18457,12304.0
66,Female,23.8,No,0,0,0,0,High,11206,5.9,1,5,1,5,,0.0,Rural,14142,18477.0
76,Female,36.0,No,0,1,0,0,Medium,9076,7.3,4,0,0,0,,0.0,Rural,18610,10983.0
48,Female,18.6,No,0,0,0,1,Medium,3349,9.0,10,5,0,0,,0.0,Semi-Urban,7529,9277.0
86,Male,29.7,No,0,1,0,0,Low,12590,4.2,6,5,1,0,,0.0,Urban,4632,15201.0
79,Female,23.1,No,0,0,0,0,Medium,1383,8.8,6,3,0,7,,0.0,Semi-Urban,6100,12103.0
69,Male,24.3,No,0,0,0,1,High,3585,4.4,5,1,2,1,,0.0,Rural,19257,23586.0
58,Male,24.4,No,0,0,0,0,Medium,1702,6.3,4,2,0,5,Government,70.0,Urban,11749,11017.0
48,Female,22.0,Yes,0,0,0,0,Low,3096,6.4,2,5,3,6,,0.0,Semi-Urban,1758,30347.0
39,Male,28.9,No,0,0,0,0,Low,1318,5.3,7,3,1,3,Private,79.0,Rural,6635,14637.0
21,Male,33.0,No,1,0,0,0,Medium,9212,6.8,6,6,0,0,Government,78.0,Semi-Urban,1186,7866.0
30,Female,28.4,No,1,1,0,0,Low,12696,8.2,7,5,3,5,Private,88.0,Urban,1296,31741.0
62,Male,26.5,Yes,1,1,0,0,Low,1591,5.5,3,3,0,7,Government,55.0,Rural,15994,21733.0
59,Male,21.1,No,0,0,0,0,Low,5104,4.4,1,2,1,7,,0.0,Semi-Urban,9058,17130.0
66,Female,28.6,No,0,1,0,0,Low,11388,7.2,1,1,1,6,Private,93.0,Rural,2569,16349.0
37,Female,36.8,No,0,0,0,0,Low,2460,7.8,4,6,1,0,Government,56.0,Semi-Urban,3229,12013.0
71,Male,24.1,Yes,0,0,0,0,High,11738,8.8,4,1,1,7,,0.0,Urban,9542,20806.0
53,Female,24.1,No,1,0,0,0,Medium,2911,4.8,7,3,4,7,,0.0,Rural,6962,38572.0
18,Female,23.2,No,0,0,1,0,Medium,4126,8.5,7,4,0,2,Government,74.0,Rural,500,10806.0
32,Male,23.6,No,0,0,1,0,Medium,13584,6.4,4,6,2,1,Government,62.0,Urban,2679,23152.0
34,Male,12.3,Yes,0,0,0,0,Low,11757,5.2,7,7,2,0,,0.0,Urban,1646,20743.0
41,Female,28.0,No,1,0,0,0,High,7912,8.8,8,5,1,1,Government,52.0,Rural,8122,16997.0
75,Male,21.8,Yes,0,0,0,0,High,7847,5.2,9,7,1,6,Private,77.0,Urban,1756,21081.0
89,Female,17.9,No,0,1,0,1,Low,8044,7.7,6,4,0,0,Private,85.0,Rural,12922,12494.0
40,Female,29.8,No,0,1,0,0,Low,6348,7.9,4,5,0,0,,0.0,Urban,14774,10926.0
63,Male,20.6,No,0,0,0,1,Medium,2270,6.2,10,6,0,0,Government,50.0,Urban,2005,8380.0
89,Male,24.3,No,0,1,0,0,Low,8166,7.4,2,6,1,3,Private,78.0,Urban,11774,19241.0
25,Female,33.3,No,1,0,0,0,High,1281,6.9,9,3,1,2,,0.0,Urban,6384,16514.0
76,Female,19.0,Yes,0,1,1,0,Medium,12008,5.0,7,8,0,3,Government,55.0,Semi-Urban,12357,22797.0
76,Female,18.3,Yes,0,0,0,0,Low,13544,7.8,6,3,0,6,Government,74.0,Urban,12725,16086.0
30,Female,27.3,No,1,0,0,0,Medium,6212,8.6,4,8,0,7,,0.0,Semi-Urban,11181,16873.0
56,Male,31.7,Yes,0,0,1,0,Medium,2829,6.4,4,7,0,1,Private,72.0,Urban,11720,17987.0
45,Female,18.1,No,1,0,0,1,Low,9744,9.0,2,2,0,2,Private,78.0,Rural,5344,9846.0
78,Male,28.0,No,1,0,1,0,High,4739,6.1,1,2,0,7,Private,85.0,Urban,3263,17479.0
33,Male,28.9,No,1,0,0,0,Low,7276,6.4,5,3,1,6,Private,83.0,Rural,1796,17566.0
19,Female,15.7,No,0,0,0,0,High,3964,7.4,6,2,0,4,Private,90.0,Semi-Urban,1414,6475.0
34,Male,30.0,No,0,0,0,0,Low,6616,4.9,10,4,0,3,Private,84.0,Urban,2947,8464.0
47,Male,30.4,No,1,1,0,0,Medium,8763,8.5,9,3,0,2,Private,73.0,Urban,1926,11530.0
30,Female,24.4,Yes,1,0,0,0,Low,12659,8.0,1,3,0,0,Government,51.0,Urban,12256,11909.0
30,Male,32.3,No,0,1,0,0,Medium,12116,8.4,5,2,1,6,,0.0,Semi-Urban,5045,17682.0
60,Male,31.7,No,0,0,0,0,Medium,3807,7.0,5,5,0,5,,0.0,Urban,15471,13792.0
38,Female,26.5,Yes,0,0,0,0,Low,3919,8.4,9,4,0,0,Private,78.0,Urban,778,8188.0
72,Female,23.7,No,1,0,0,0,Medium,12196,7.4,4,1,1,6,Government,74.0,Urban,3965,17840.0
57,Female,21.1,No,0,1,0,0,Low,2570,6.6,3,5,1,3,Private,82.0,Semi-Urban,5654,16469.0
32,Female,25.8,No,0,0,0,0,Medium,11488,8.7,3,4,2,2,Private,72.0,Urban,18654,22810.0
69,Female,28.8,No,0,0,1,0,Medium,6756,6.2,6,10,0,5,Government,71.0,Rural,16165,21294.0
70,Female,24.4,No,0,0,0,1,Medium,7707,6.5,1,10,2,3,Government,72.0,Urban,14323,26529.0
69,Female,15.0,No,1,0,1,0,Low,11528,4.8,1,1,1,4,Government,55.0,Urban,7086,21256.0
47,Male,32.3,Yes,0,0,0,0,Low,11648,8.7,1,6,1,1,Private,83.0,Rural,17435,19540.0
50,Male,27.0,No,0,0,0,0,Medium,8949,5.1,7,4,0,7,,0.0,Urban,19391,16227.0
74,Female,24.1,No,0,1,0,0,High,7876,5.0,5,5,1,7,Private,72.0,Rural,4507,20155.0
69,Male,30.3,No,0,1,0,0,High,13596,4.5,9,7,1,3,Private,85.0,Rural,2351,17994.0
26,Male,33.6,No,0,1,0,0,Medium,9252,6.3,3,6,2,7,,0.0,Rural,19469,29969.0
71,Female,12.0,No,0,0,0,0,High,4575,5.4,6,2,1,7,Government,75.0,Urban,18534,20940.0
18,Male,28.2,No,0,0,0,0,High,3828,7.7,7,3,3,5,Private,85.0,Semi-Urban,2465,26546.0
61,Female,18.9,No,1,0,0,0,Low,3574,5.5,3,3,2,1,Government,55.0,Urban,10425,22014.0
26,Male,28.5,No,0,1,0,1,Low,4382,7.6,9,3,0,5,Government,79.0,Rural,3339,12877.0
49,Female,26.6,Yes,1,0,0,0,Low,4764,5.0,2,7,1,2,,0.0,Semi-Urban,17545,23342.0
32,Male,29.2,No,0,0,0,0,Low,11439,5.1,7,2,1,6,Government,53.0,Semi-Urban,11685,18021.0
29,Male,23.5,No,0,1,0,0,Medium,4424,8.0,10,3,0,5,Private,82.0,Urban,17683,15790.0
74,Male,16.6,No,0,0,0,0,Medium,2098,5.9,4,6,0,5,Government,73.0,Urban,14313,13472.0
25,Female,23.7,Yes,0,0,0,0,Medium,11995,4.6,9,1,1,6,Private,90.0,Semi-Urban,13449,21246.0
89,Male,28.0,No,0,0,0,0,Low,14582,8.8,7,7,0,4,Government,52.0,Urban,10924,13297.0
44,Male,31.1,No,0,0,0,0,Medium,14332,4.9,8,0,0,6,Government,77.0,Urban,5223,9780.0
79,Female,20.1,No,0,1,1,0,Medium,12299,4.8,10,5,0,3,Government,60.0,Semi-Urban,4596,16962.0
29,Female,31.1,No,0,0,0,1,Medium,1197,5.8,3,5,0,2,Government,69.0,Semi-Urban,14984,11708.0
82,Male,22.8,No,0,0,0,0,High,14464,4.5,6,3,0,6,Private,83.0,Semi-Urban,17113,14658.0
59,Male,27.8,Yes,0,0,0,0,Low,11283,4.8,4,3,0,5,Government,73.0,Urban,5739,12736.0
79,Male,23.5,No,0,0,0,0,Low,3688,8.2,4,1,1,5,Private,84.0,Urban,838,13736.0
28,Male,26.9,Yes,0,0,1,0,Medium,8098,4.9,2,9,2,5,Private,79.0,Semi-Urban,8162,31816.0
60,Female,30.5,No,0,0,0,0,High,7129,4.6,10,5,0,3,Private,93.0,Semi-Urban,1103,8846.0
34,Male,19.9,Yes,1,0,0,1,Low,10760,8.4,9,4,2,7,Government,68.0,Rural,16563,34246.0
49,Male,22.6,Yes,0,0,1,1,Medium,10062,6.2,1,4,1,5,Private,78.0,Urban,5628,24646.0
57,Female,26.9,Yes,1,1,1,0,High,1509,4.8,1,4,3,0,Private,73.0,Semi-Urban,16658,39244.0
40,Male,38.0,No,0,0,0,0,Medium,3463,6.9,7,3,1,2,Private,80.0,Urban,19822,18087.0
73,Male,21.7,No,1,1,0,1,Low,13225,4.2,10,4,3,4,Private,88.0,Semi-Urban,18783,38546.0
23,Male,36.2,No,0,0,0,0,Medium,11648,6.1,7,2,2,5,Government,69.0,Semi-Urban,15393,24364.0
67,Female,36.0,No,0,0,0,0,Low,13583,7.0,4,0,0,2,Private,78.0,Semi-Urban,10401,7940.0
54,Female,25.5,No,0,1,0,0,Low,8097,8.8,8,4,0,5,Private,81.0,Urban,5051,12560.0
81,Male,24.5,No,0,0,0,0,High,2888,5.6,5,2,1,4,Private,90.0,Urban,8204,15816.0
71,Male,22.5,Yes,1,0,0,1,Medium,3250,7.8,6,3,1,0,,0.0,Urban,10249,20570.0
89,Female,25.7,No,0,0,0,0,Low,5671,4.7,4,5,0,5,Private,80.0,Urban,5833,11101.0
66,Male,19.0,No,0,0,1,0,Low,6010,6.2,3,6,2,0,Government,72.0,Semi-Urban,9840,24842.0
28,Male,25.6,No,0,0,0,0,Medium,1984,5.1,2,3,0,1,Government,77.0,Urban,4764,5157.0
66,Female,33.5,Yes,0,0,1,1,Medium,1795,6.5,8,5,0,1,Private,80.0,Semi-Urban,3544,17288.0
38,Female,22.9,Yes,0,0,0,0,Medium,7089,6.1,5,5,0,0,Private,85.0,Rural,7929,9826.0
83,Female,24.8,Yes,0,0,0,0,Medium,1847,8.9,10,4,0,0,Private,92.0,Semi-Urban,18819,14650.0
80,Male,17.5,No,0,1,0,0,Medium,2391,8.6,6,4,1,1,Private,89.0,Rural,16944,18808.0
45,Male,27.9,No,0,0,0,0,High,8593,6.9,6,6,0,1,Private,78.0,Urban,12868,9997.0
34,Male,27.3,No,0,0,0,0,High,6717,4.9,4,3,1,1,Government,53.0,Urban,14631,14688.0
23,Male,26.3,No,0,0,0,0,Low,3993,6.8,9,2,0,2,,0.0,Rural,19384,11264.0
36,Female,24.9,No,0,0,0,0,Low,8627,8.0,7,2,1,0,,0.0,Urban,16352,14573.0
73,Male,24.5,Yes,0,0,0,0,Low,5457,4.2,10,4,0,3,,0.0,Rural,10631,14384.0
45,Male,28.5,Yes,0,0,0,0,Low,5571,6.2,8,4,2,4,Private,80.0,Rural,16172,28007.0
83,Female,25.9,No,1,0,0,0,Low,13591,4.2,7,2,4,4,Government,63.0,Semi-Urban,12008,37939.0
55,Female,27.6,No,0,1,0,0,Medium,11424,5.2,4,5,4,7,Private,91.0,Urban,1922,36905.0
54,Male,27.1,No,1,1,1,0,Low,11504,4.5,9,1,1,4,Private,87.0,Semi-Urban,13549,26858.0
85,Female,31.6,No,0,0,1,0,Low,10629,8.8,2,6,2,4,Private,81.0,Urban,15178,30201.0
66,Female,29.4,No,1,1,0,0,Low,9593,4.8,5,2,0,1,Private,78.0,Urban,5420,10928.0
60,Male,27.0,No,0,1,0,0,Low,11412,4.8,2,7,0,1,Government,67.0,Urban,17019,13116.0
53,Male,33.6,No,0,0,0,0,Medium,1877,8.9,8,3,2,6,Government,59.0,Urban,5863,23427.0
75,Male,28.1,No,0,1,0,0,Low,4154,6.6,9,7,2,7,Government,67.0,Semi-Urban,11241,29915.0
30,Male,32.5,Yes,0,0,0,0,High,6709,7.8,3,3,4,0,Government,71.0,Rural,4666,31775.0
69,Female,29.0,Yes,1,0,1,0,Low,14633,5.6,5,3,0,7,,0.0,Semi-Urban,11220,23916.0
75,Female,16.8,Yes,0,0,0,0,High,10098,6.7,9,6,2,1,Private,78.0,Urban,901,22274.0
49,Male,32.5,Yes,0,1,0,0,Low,5441,4.0,6,4,0,7,Government,74.0,Urban,14559,19723.0
77,Male,26.7,No,0,0,0,0,Medium,2095,6.0,3,6,3,7,,0.0,Rural,9809,31884.0
75,Female,25.7,No,1,0,0,0,Low,12714,6.8,6,4,1,4,Private,94.0,Urban,9405,19592.0
73,Male,27.4,No,0,0,0,0,High,2806,6.6,9,1,1,6,Private,79.0,Urban,11798,18821.0
45,Male,24.3,No,0,0,0,0,Low,6996,6.0,10,3,1,2,,0.0,Urban,4773,13861.0
18,Male,27.1,Yes,0,0,0,0,High,2676,7.9,7,7,1,6,Government,62.0,Urban,4547,20537.0
59,Male,23.0,No,0,1,0,0,Low,9399,6.5,4,4,0,7,Government,68.0,Urban,6741,13892.0
65,Female,32.4,Yes,1,0,0,0,Low,10557,7.2,4,3,1,5,Government,61.0,Semi-Urban,12212,23436.0
57,Male,25.4,No,0,0,0,0,Medium,14344,4.9,1,4,2,2,Private,72.0,Semi-Urban,1100,17632.0
80,Female,24.1,No,0,1,0,0,Medium,6501,8.3,3,1,1,3,Private,93.0,Semi-Urban,18712,19337.0
89,Male,21.4,No,0,0,0,0,High,10601,5.8,9,5,2,7,Private,93.0,Rural,5631,25511.0
21,Male,27.3,No,1,0,0,0,Medium,8276,6.4,1,3,0,0,Government,51.0,Semi-Urban,18165,10588.0
55,Female,26.9,Yes,0,0,0,1,Medium,14276,5.8,2,6,1,2,Private,87.0,Urban,9616,19692.0
44,Male,27.9,No,1,1,0,1,Medium,12117,8.5,2,3,1,2,Government,56.0,Urban,7340,19119.0
26,Female,20.9,Yes,0,0,0,0,Medium,13449,8.5,8,6,1,7,Private,83.0,Semi-Urban,12559,23515.0
33,Male,18.0,Yes,1,0,0,0,Medium,11255,5.1,6,2,2,2,Government,53.0,Semi-Urban,16670,27301.0
73,Male,29.1,No,1,0,0,0,Low,8181,7.8,7,4,0,4,,0.0,Semi-Urban,14139,15275.0
48,Male,33.4,Yes,0,1,0,0,Medium,11982,4.5,4,4,1,4,Government,70.0,Urban,6904,20633.0
31,Male,20.9,No,1,0,0,0,Medium,9437,4.1,4,6,1,6,Government,66.0,Urban,14132,21987.0
42,Male,33.9,No,0,0,0,0,Medium,14357,8.2,4,4,0,3,Private,72.0,Urban,1984,7252.0
51,Female,27.4,No,0,0,0,0,High,9068,4.7,6,7,1,1,Private,86.0,Urban,5660,14340.0
84,Female,26.0,Yes,1,0,0,0,High,3602,4.8,4,3,0,1,Private,74.0,Urban,12105,14392.0
41,Male,24.0,No,0,0,0,0,High,6167,7.0,1,8,1,1,Private,91.0,Urban,1731,12259.0
43,Male,19.1,No,0,0,0,0,Low,4481,8.1,1,6,0,6,Government,57.0,Urban,11318,12228.0
37,Female,30.9,No,0,1,0,1,Low,2477,4.9,8,4,2,2,Government,72.0,Urban,18217,27432.0
81,Female,22.1,No,0,1,0,1,Low,7285,4.6,2,5,2,1,Government,63.0,Urban,4540,22345.0
27,Male,22.1,No,1,0,0,0,High,3497,4.4,9,4,1,5,Private,80.0,Urban,1959,17691.0
84,Male,31.0,No,0,0,0,1,Low,14500,4.1,10,7,0,1,Government,63.0,Urban,2453,10446.0
41,Female,16.6,No,1,0,0,0,Low,6850,4.6,8,1,0,7,Government,50.0,Urban,19670,17319.0
22,Male,18.4,Yes,0,1,0,0,Low,2480,8.7,1,7,0,4,Government,74.0,Rural,14991,16689.0
84,Female,25.9,No,0,0,0,0,Low,2787,4.5,10,4,0,4,Government,77.0,Semi-Urban,7426,11485.0
75,Male,27.5,No,0,0,0,0,Low,14260,7.0,8,6,0,1,Private,85.0,Semi-Urban,11027,10433.0
44,Female,28.4,No,0,1,0,0,Low,2812,8.6,9,2,0,4,Government,74.0,Urban,13012,13436.0
32,Female,24.5,Yes,0,1,0,0,Low,13403,7.1,4,7,0,7,Government,66.0,Urban,15147,20119.0
52,Male,38.7,No,0,0,0,0,High,3923,4.2,7,2,0,4,Government,57.0,Semi-Urban,9795,10540.0
70,Female,24.9,No,0,0,1,0,Medium,3561,7.0,4,2,2,2,,0.0,Semi-Urban,8865,25006.0
61,Male,24.8,No,0,0,0,0,Medium,3946,8.5,3,3,1,3,Government,66.0,Rural,14272,16446.0
43,Male,22.0,Yes,0,0,1,0,Medium,13300,5.6,1,3,0,4,Government,73.0,Semi-Urban,596,14299.0
64,Male,26.6,No,0,1,0,0,High,11516,5.6,2,5,2,7,Private,91.0,Semi-Urban,12081,27702.0
51,Male,29.1,No,0,0,0,0,High,14563,5.2,7,8,1,7,Private,87.0,Semi-Urban,6183,19948.0
67,Female,32.0,No,1,0,0,0,High,1915,6.5,6,4,2,3,Private,84.0,Urban,11830,25549.0
29,Male,18.6,No,0,1,0,0,Low,10084,5.2,8,5,1,6,,0.0,Rural,3308,18530.0
21,Male,24.8,No,0,0,0,0,High,7371,7.6,3,2,1,6,Government,52.0,Rural,8356,15871.0
65,Male,28.2,No,1,0,0,1,Low,8313,7.2,6,6,0,5,Government,59.0,Semi-Urban,6807,15788.0
72,Male,28.9,No,0,0,0,0,Low,13504,6.0,6,4,0,0,Private,82.0,Urban,13964,9296.0
18,Female,26.0,Yes,0,1,1,0,Low,11988,7.6,2,4,2,1,Government,69.0,Rural,15073,30462.0
83,Male,28.7,No,1,0,0,1,Medium,13581,4.5,1,4,0,6,Government,65.0,Urban,18120,18557.0
47,Female,22.0,Yes,0,0,0,0,Medium,3815,7.7,2,5,1,7,,0.0,Semi-Urban,876,18863.0
20,Female,33.8,No,0,0,0,0,Low,6285,7.0,9,2,0,3,Government,73.0,Semi-Urban,18300,11904.0
38,Female,31.0,No,0,1,0,0,Medium,14454,7.2,6,4,1,7,Private,71.0,Urban,9295,20878.0
66,Male,19.3,No,1,0,0,0,Medium,5593,4.3,3,10,1,3,Private,71.0,Urban,2373,18111.0
79,Male,20.6,No,1,0,0,0,Low,1976,7.1,10,3,1,0,Private,90.0,Urban,1789,14435.0
55,Male,20.8,No,1,1,0,0,Medium,1749,6.5,7,2,3,1,,0.0,Semi-Urban,3191,28181.0
32,Male,29.4,No,0,1,0,0,Medium,4555,6.4,1,7,2,5,Government,69.0,Rural,13069,26443.0
69,Female,19.6,Yes,0,1,0,0,Low,8580,5.6,8,5,2,1,,0.0,Urban,12136,27009.0
63,Female,24.3,No,0,0,0,0,Low,12360,4.0,10,5,1,6,Private,79.0,Urban,1546,17253.0
42,Male,28.3,No,0,1,0,0,High,5799,6.1,7,3,0,1,,0.0,Rural,17653,12385.0
38,Male,25.7,Yes,1,0,0,0,High,8455,6.0,3,4,0,5,Private,72.0,Semi-Urban,2791,14068.0
22,Male,27.3,No,0,0,1,0,Low,4015,6.1,4,0,1,7,,0.0,Urban,8564,21228.0
87,Male,20.7,No,0,0,0,0,Medium,12818,7.1,7,3,0,4,Government,52.0,Urban,6574,10133.0
64,Male,29.0,No,0,0,0,0,Low,9460,5.5,4,3,0,2,Private,92.0,Rural,11964,9339.0
85,Male,22.9,No,0,0,0,0,Medium,4028,5.3,5,5,1,2,Private,84.0,Urban,17223,18154.0
35,Male,24.4,Yes,0,0,0,0,Medium,14848,6.5,1,4,0,4,Government,63.0,Rural,10664,12631.0
38,Female,27.2,No,0,1,0,0,Low,7448,7.0,5,3,0,1,,0.0,Semi-Urban,9757,9503.0
40,Female,26.5,Yes,0,0,0,0,Low,10203,6.8,10,6,0,5,Private,90.0,Semi-Urban,7308,15187.0
81,Female,26.1,No,0,0,0,0,Low,11327,8.4,10,0,0,0,Private,78.0,Urban,10877,7666.0
84,Female,22.2,Yes,1,0,0,1,Medium,6239,7.8,4,3,0,4,Government,56.0,Urban,4996,16045.0
57,Male,24.5,No,1,1,0,0,High,2248,4.3,3,3,0,6,Government,64.0,Semi-Urban,17016,18080.0
27,Male,26.0,No,0,0,0,0,High,12399,6.8,9,3,1,4,Government,78.0,Urban,12878,17383.0
69,Male,19.1,No,1,0,0,0,High,9954,6.1,1,3,0,5,Private,94.0,Semi-Urban,10368,12963.0
89,Male,23.7,No,0,0,0,0,High,12163,5.8,10,3,0,5,Private,87.0,Urban,4018,10896.0
78,Male,27.9,No,0,1,0,0,Low,9914,8.8,5,3,1,7,Private,76.0,Semi-Urban,12376,21910.0
81,Female,19.6,No,0,0,0,0,Medium,2405,6.3,10,6,2,5,Government,59.0,Semi-Urban,17367,27818.0
22,Male,31.8,No,0,0,0,0,Low,7154,7.6,2,3,0,3,Private,89.0,Urban,6537,7355.0
70,Female,32.3,No,0,0,0,0,High,1438,8.8,5,4,2,6,Government,67.0,Urban,9599,24649.0
72,Male,19.8,No,0,1,0,0,High,1314,4.8,5,2,0,5,Government,62.0,Semi-Urban,18694,15442.0
54,Female,32.8,No,0,0,0,0,Medium,3112,4.3,10,2,0,4,,0.0,Semi-Urban,16713,13078.0
73,Male,25.3,No,0,0,0,0,Medium,5996,5.6,1,2,1,6,Government,68.0,Urban,3065,14939.0
76,Female,28.1,Yes,0,0,0,0,Low,1591,4.2,4,3,1,6,,0.0,Rural,13611,22246.0
86,Male,23.5,No,0,1,1,0,Low,14779,4.6,7,8,1,6,,0.0,Semi-Urban,4172,26077.0
76,Male,30.6,No,0,0,0,0,High,13932,9.0,1,2,0,1,,0.0,Urban,12771,8069.0
19,Male,28.0,No,0,0,0,0,High,13482,8.8,10,3,1,4,Government,72.0,Urban,8951,16305.0
82,Male,21.9,No,0,0,0,0,Low,6533,7.5,2,2,1,2,Private,76.0,Semi-Urban,18444,16630.0
77,Female,20.2,No,0,0,0,0,Low,4670,7.8,4,4,1,2,Government,66.0,Semi-Urban,6141,13988.0
68,Male,18.7,No,0,0,0,0,Low,9048,4.7,10,6,0,6,Private,81.0,Semi-Urban,8709,13734.0
47,Female,26.9,No,0,0,0,0,High,2909,7.0,2,2,1,4,Private,89.0,Urban,7782,14482.0
28,Male,28.9,No,1,1,0,0,High,9027,4.8,2,10,2,7,Government,69.0,Urban,12385,31643.0
56,Female,29.3,No,0,0,1,0,Medium,13288,5.9,1,2,0,0,Government,57.0,Semi-Urban,9533,10859.0
89,Male,25.4,No,0,1,0,0,Medium,5463,5.7,2,5,1,3,Government,74.0,Semi-Urban,16630,20331.0
80,Male,20.2,No,0,0,0,0,Medium,7774,7.1,3,0,1,5,,0.0,Urban,7704,15117.0
81,Female,22.6,Yes,0,1,0,0,Low,3423,4.4,4,3,1,4,Private,82.0,Urban,7134,20638.0
78,Male,31.8,No,0,0,0,0,High,12454,4.5,1,3,0,7,Private,70.0,Rural,8570,12085.0
71,Male,23.6,No,1,0,1,0,Medium,13577,7.0,1,3,1,7,,0.0,Urban,780,22862.0
75,Female,26.7,No,0,0,1,0,Low,14087,7.2,7,7,0,1,,0.0,Urban,743,12524.0
73,Male,20.6,No,1,1,0,0,Low,4270,5.7,5,2,3,7,Government,53.0,Semi-Urban,14545,36341.0
51,Female,27.7,No,0,1,0,0,Medium,13522,4.7,7,3,0,0,Private,94.0,Urban,994,6749.0
48,Male,23.7,No,0,0,0,0,Low,10445,8.4,10,10,0,1,Government,53.0,Urban,9794,11409.0
69,Female,31.2,No,1,0,0,0,Medium,12489,4.3,9,5,2,1,Government,64.0,Semi-Urban,16144,26259.0
18,Female,29.9,No,1,0,0,0,High,2453,7.6,1,5,0,5,Private,90.0,Rural,6318,11852.0
72,Female,23.5,No,1,0,0,1,Medium,1195,4.7,8,2,1,3,,0.0,Urban,12601,20725.0
39,Female,25.4,No,1,0,0,0,Medium,6586,7.2,10,4,1,3,,0.0,Urban,5670,17743.0
57,Male,23.2,No,0,0,0,0,Medium,9981,7.3,4,9,2,2,Private,88.0,Urban,12406,23558.0
18,Male,18.9,No,0,0,0,1,Low,11396,8.0,9,2,2,1,,0.0,Urban,3265,18806.0
82,Female,21.7,No,0,1,0,0,Medium,12259,6.0,2,1,1,6,,0.0,Semi-Urban,7796,18230.0
80,Male,27.0,No,0,1,0,0,Low,4553,4.1,9,5,2,4,Private,91.0,Rural,4781,24844.0
71,Male,27.6,Yes,0,0,0,0,High,13641,8.1,8,7,0,6,Government,69.0,Urban,1685,14954.0
59,Male,26.7,No,0,1,0,0,High,10004,6.2,6,7,1,1,Private,92.0,Urban,5393,16399.0
38,Female,24.5,No,0,0,0,0,Low,14996,8.2,5,6,2,2,Government,56.0,Rural,13723,22612.0
39,Male,30.7,No,1,1,0,0,High,5930,7.9,3,7,1,1,,0.0,Rural,4436,17732.0
55,Male,26.3,No,0,0,1,0,Medium,3580,6.5,1,3,0,3,Government,78.0,Urban,8804,13330.0
25,Female,29.5,No,0,1,0,0,High,10723,9.0,6,3,1,7,Government,69.0,Rural,19329,23184.0
79,Male,17.1,Yes,0,0,0,0,Medium,9165,6.3,10,4,0,2,Private,90.0,Semi-Urban,11519,13749.0
64,Female,6.4,No,0,0,0,0,Medium,1404,7.5,5,3,1,7,,0.0,Rural,17319,20468.0
34,Female,27.4,No,0,0,0,0,Medium,11939,7.3,8,2,3,0,,0.0,Urban,6392,23820.0
34,Female,18.9,No,1,0,0,0,Low,9144,6.6,1,6,0,6,Private,83.0,Semi-Urban,4874,12609.0
30,Male,24.9,No,0,0,1,0,Low,3844,6.9,10,4,0,1,,0.0,Urban,627,10935.0
34,Male,24.5,No,1,0,1,0,Low,3336,8.0,1,5,0,6,,0.0,Semi-Urban,4400,17235.0
55,Female,33.9,Yes,0,1,0,0,Low,8846,6.9,7,2,1,1,Private,90.0,Rural,6809,18160.0
62,Female,28.0,No,0,0,1,0,Low,1089,6.3,8,2,0,5,,0.0,Urban,8910,16153.0
23,Female,26.8,No,0,0,0,0,Medium,10597,7.3,10,6,0,3,Private,77.0,Urban,13816,12209.0
52,Female,30.2,No,0,0,0,1,Medium,6062,4.2,1,3,0,0,,0.0,Urban,10039,7858.0
31,Female,27.8,No,0,0,0,0,High,14612,4.5,9,2,2,7,Private,74.0,Urban,6269,23535.0
89,Female,23.7,No,0,0,0,0,Low,14753,4.6,7,1,1,1,Government,73.0,Urban,17376,16304.0
78,Male,31.4,No,0,1,1,0,High,12765,6.1,7,4,2,1,Government,72.0,Semi-Urban,9768,28232.0
32,Female,20.5,No,0,0,0,0,Medium,7728,8.4,8,2,1,0,Government,78.0,Semi-Urban,13120,13591.0
71,Female,27.6,No,1,0,1,0,Medium,10809,7.2,8,5,1,5,Private,94.0,Semi-Urban,14002,27549.0
44,Female,18.3,No,0,0,0,0,Medium,14696,8.9,1,3,2,3,Private,94.0,Urban,9863,20188.0
30,Male,27.0,Yes,0,0,0,0,Medium,4594,4.2,4,3,0,6,,0.0,Semi-Urban,6349,13115.0
48,Male,27.0,No,0,0,0,0,Low,10717,7.6,9,2,0,4,,0.0,Urban,19546,13434.0
52,Male,34.4,No,0,0,0,0,Medium,14560,5.6,3,7,1,0,Government,51.0,Semi-Urban,16495,16420.0
77,Male,18.2,Yes,0,1,0,0,Medium,10887,4.1,6,2,2,3,Private,74.0,Semi-Urban,9215,26250.0
23,Female,23.0,Yes,0,0,0,0,High,12882,8.1,4,5,0,5,,0.0,Urban,6341,12852.0
86,Male,30.1,Yes,0,0,0,0,High,5041,4.8,1,4,2,1,Government,59.0,Urban,19244,25996.0
75,Female,27.7,No,0,0,0,0,Medium,12354,5.1,3,3,1,0,Government,62.0,Urban,4648,11525.0
66,Female,26.9,No,0,1,0,0,Medium,9944,5.7,3,3,3,7,Government,69.0,Urban,4432,30857.0
40,Female,21.2,No,0,1,0,0,High,1715,7.9,3,6,3,6,Government,57.0,Rural,2703,30047.0
51,Female,23.0,Yes,0,0,0,0,High,3441,7.1,6,4,2,3,Private,86.0,Urban,13496,25959.0
43,Female,32.2,No,0,1,0,0,High,9139,5.3,9,5,1,1,Government,77.0,Semi-Urban,3372,15438.0
64,Female,25.7,No,0,0,0,0,Medium,4429,4.8,7,2,0,2,Government,73.0,Urban,885,6117.0
22,Male,27.9,No,0,0,0,0,Low,6268,4.5,7,4,1,3,Government,74.0,Urban,8251,15152.0
37,Male,25.4,No,0,1,0,0,High,9666,4.7,1,5,1,7,Private,80.0,Urban,10115,20337.0
23,Male,20.1,No,0,1,1,0,Low,3821,8.3,9,3,0,3,Government,76.0,Urban,13898,17632.0
87,Male,30.7,No,0,1,1,0,Medium,9060,8.6,4,4,0,3,Government,56.0,Urban,17006,19563.0
76,Male,28.5,No,1,1,0,0,Medium,10843,8.8,8,3,0,1,Private,88.0,Urban,10051,13490.0
81,Female,37.5,No,0,1,0,0,Low,7151,8.2,1,4,1,5,,0.0,Semi-Urban,15985,21340.0
35,Male,20.9,No,1,0,0,0,Low,8396,8.4,8,2,1,4,Private,82.0,Urban,11602,18908.0
21,Male,30.1,Yes,0,0,1,0,High,11309,8.1,9,2,1,4,Government,56.0,Semi-Urban,16131,25962.0
34,Male,19.4,Yes,0,0,0,1,Medium,13990,8.8,5,3,0,2,,0.0,Urban,9174,12314.0
31,Female,26.8,No,0,1,0,0,Medium,12952,8.2,7,4,2,0,Government,62.0,Semi-Urban,8790,21061.0
30,Female,30.9,No,0,0,1,0,Medium,11279,6.3,10,5,2,6,Government,57.0,Semi-Urban,15084,31852.0
24,Female,15.6,Yes,1,0,1,0,High,3901,5.6,2,3,2,2,Private,92.0,Semi-Urban,17038,31759.0
61,Male,25.0,Yes,1,1,0,0,Low,4100,6.9,1,7,0,7,,0.0,Rural,18118,23505.0
32,Male,23.2,No,0,1,0,0,Medium,4592,7.0,6,6,1,7,,0.0,Semi-Urban,4215,19800.0
36,Male,22.5,No,0,0,0,0,Medium,13564,6.9,9,5,0,7,Government,78.0,Urban,6878,12858.0
80,Male,27.9,No,0,0,0,0,High,14599,7.5,1,2,0,0,,0.0,Urban,525,3594.0
52,Male,31.6,No,1,0,0,0,Low,12847,7.5,10,5,2,6,Government,65.0,Rural,2744,26111.0
52,Female,25.3,Yes,0,0,0,0,High,9374,4.4,1,5,1,7,Private,88.0,Rural,6996,20698.0
36,Male,27.0,No,0,0,0,1,Low,14226,5.4,4,4,3,0,Private,70.0,Rural,14291,27717.0
37,Female,26.6,Yes,0,1,1,0,Low,7665,8.4,10,4,3,2,,0.0,Rural,1346,35142.0
52,Male,26.0,No,1,0,0,0,Low,7832,7.0,6,2,1,2,Government,76.0,Urban,7978,16313.0
49,Female,20.6,Yes,1,0,0,0,Medium,10814,5.6,9,4,3,3,Government,75.0,Urban,7929,33277.0
65,Female,31.5,No,1,0,0,0,Medium,1083,8.3,2,2,2,1,Government,60.0,Urban,8513,21299.0
61,Female,27.5,No,0,0,0,0,Medium,1085,5.2,5,1,1,7,Government,60.0,Urban,3629,16134.0
41,Female,28.0,No,0,0,1,0,Low,8464,6.0,7,7,1,4,,0.0,Urban,2031,20669.0
78,Male,22.0,Yes,0,1,0,0,Medium,10934,5.4,4,3,1,0,,0.0,Semi-Urban,4685,16626.0
34,Male,23.7,No,0,1,0,0,High,2310,8.4,6,7,1,0,,0.0,Semi-Urban,8676,15994.0
88,Male,25.1,No,0,0,0,1,High,10132,7.6,6,2,0,3,Government,72.0,Urban,15799,13153.0
67,Female,18.3,No,0,1,0,0,Medium,2036,6.3,4,1,2,4,,0.0,Urban,6982,22384.0
82,Male,17.6,No,0,0,0,0,High,2400,8.7,4,6,0,7,Private,90.0,Urban,18940,16650.0
49,Male,23.0,No,0,0,0,0,Medium,4480,8.6,9,1,1,1,Government,51.0,Urban,15483,15315.0
53,Male,28.6,No,1,0,0,0,Low,5820,7.6,1,4,0,7,,0.0,Semi-Urban,15691,16525.0
30,Male,22.7,No,0,0,0,0,Low,12203,8.5,5,6,1,3,Government,77.0,Urban,14459,17419.0
87,Female,20.9,No,0,0,0,0,Low,6749,7.6,9,5,1,5,Private,93.0,Urban,3064,17086.0
75,Female,21.9,Yes,0,0,1,0,Medium,5713,7.1,9,0,3,7,,0.0,Urban,1519,36013.0
31,Male,23.7,Yes,0,0,0,0,High,7158,6.1,9,7,3,1,Government,60.0,Urban,19275,33514.0
54,Male,24.2,No,1,0,0,0,High,13095,5.4,2,7,1,5,,0.0,Urban,7115,19640.0
85,Male,36.8,No,0,0,0,0,Low,1724,4.3,7,10,3,0,Government,59.0,Semi-Urban,10789,29441.0
57,Female,31.3,No,0,0,1,0,Medium,1187,8.0,10,5,0,7,Private,92.0,Urban,11093,20007.0
76,Female,31.1,No,0,0,1,0,Medium,7377,4.6,8,2,0,6,Government,52.0,Semi-Urban,2457,15390.0
33,Female,31.8,No,0,0,0,1,High,5830,6.1,1,4,1,4,Private,88.0,Semi-Urban,11087,17440.0
79,Male,21.0,No,0,0,0,0,Low,7601,5.2,2,8,0,0,Government,53.0,Semi-Urban,19870,11771.0
21,Female,19.9,No,0,1,0,0,Medium,3772,6.3,1,7,0,3,Government,56.0,Urban,12917,12292.0
62,Female,20.5,No,0,0,0,0,High,5612,5.6,9,4,2,1,Private,76.0,Urban,19854,24011.0
45,Female,32.7,No,0,0,0,0,High,3580,8.1,10,4,1,1,Private,93.0,Urban,12422,16008.0
83,Female,23.3,No,1,0,0,0,Low,4700,8.9,5,6,1,0,Private,83.0,Rural,12031,17868.0
48,Female,19.7,No,1,0,0,0,Low,3939,8.7,4,5,1,3,,0.0,Rural,6140,17093.0
20,Male,23.8,No,1,1,0,0,Medium,2138,7.1,8,6,1,7,Private,84.0,Urban,3753,22340.0
25,Male,24.8,No,1,0,0,0,High,8211,8.9,3,5,2,4,Private,92.0,Urban,4816,22989.0
41,Male,27.3,No,0,0,0,0,Low,9395,6.0,8,4,0,2,,0.0,Urban,17612,11723.0
32,Male,27.3,No,0,1,0,0,High,8640,6.6,3,5,1,5,,0.0,Urban,1326,16457.0
60,Female,21.9,Yes,0,0,0,0,Low,4380,5.3,6,7,2,6,Government,69.0,Rural,17195,30816.0
48,Male,29.4,Yes,0,0,0,0,Medium,2345,8.5,4,3,1,3,Government,62.0,Semi-Urban,13581,19316.0
62,Male,22.8,No,0,1,0,0,Medium,9552,4.9,8,4,2,4,Government,73.0,Rural,1613,22808.0
83,Male,25.2,No,0,1,1,0,Low,14437,7.1,7,4,1,5,Private,72.0,Rural,3007,23318.0
25,Female,29.4,No,0,0,0,0,Low,2143,8.0,5,8,2,7,Government,73.0,Urban,10648,26376.0
88,Male,22.8,No,0,0,0,0,Medium,1213,7.0,3,3,0,4,Government,71.0,Semi-Urban,10058,10461.0
74,Female,23.2,No,0,1,0,0,High,2848,4.4,5,2,2,1,Government,77.0,Semi-Urban,1154,19122.0
47,Female,29.0,Yes,0,0,0,0,Low,12574,7.1,4,1,1,2,Private,94.0,Semi-Urban,12604,17391.0
35,Female,21.7,No,0,0,0,0,Medium,1641,7.8,8,6,0,7,Private,82.0,Urban,4171,12202.0
86,Male,24.1,No,0,0,0,0,Medium,1605,4.9,5,4,1,6,Government,77.0,Rural,866,16103.0
56,Female,28.8,Yes,1,0,0,0,Medium,1365,7.7,10,4,1,5,Private,87.0,Semi-Urban,4770,22515.0
77,Male,36.3,No,0,0,0,1,High,2228,8.4,10,4,1,2,Government,74.0,Urban,16550,20294.0
60,Male,29.0,No,0,0,0,0,Medium,1898,8.9,5,3,1,2,,0.0,Semi-Urban,6929,13949.0
62,Male,28.4,No,0,1,0,0,Medium,13474,6.1,2,6,4,0,Private,76.0,Urban,17874,36254.0
40,Female,28.7,No,0,0,0,0,Medium,11963,4.1,9,4,0,1,Private,79.0,Semi-Urban,4196,7120.0
86,Female,20.6,Yes,0,0,0,0,Medium,12256,6.1,6,2,4,3,Private,71.0,Urban,7034,35848.0
23,Male,26.6,No,0,0,0,0,Low,3750,7.3,1,3,0,0,Private,73.0,Urban,5649,4353.0
73,Female,25.9,No,1,1,0,0,High,6380,8.5,3,7,2,7,,0.0,Urban,13935,31918.0
21,Female,27.6,Yes,0,0,0,0,Low,1089,8.7,4,5,0,6,Government,64.0,Rural,9068,14568.0
40,Female,26.6,No,0,0,1,1,Medium,1988,8.5,10,2,2,0,Private,84.0,Rural,19832,28848.0
23,Male,27.9,Yes,0,0,0,0,Medium,8057,7.3,10,4,0,2,Government,61.0,Rural,12269,13178.0
49,Female,24.4,No,0,0,0,0,Low,3440,7.4,2,5,1,2,Private,73.0,Semi-Urban,14050,15927.0
35,Female,26.3,Yes,0,1,0,0,Low,14461,4.0,10,5,0,4,Government,51.0,Rural,3944,14872.0
32,Male,19.9,No,0,0,0,0,Low,6563,5.8,4,2,1,4,,0.0,Urban,14345,16340.0
57,Female,24.4,No,1,0,0,1,Low,12403,8.5,2,5,0,1,Private,82.0,Rural,2555,9838.0
23,Male,33.0,No,0,1,0,0,High,1292,7.4,6,7,0,1,Government,56.0,Semi-Urban,5096,9779.0
80,Female,27.6,No,0,0,0,0,High,10681,6.3,10,3,3,3,Government,59.0,Semi-Urban,9348,28832.0
84,Female,25.9,No,0,0,0,0,Low,5726,4.5,9,5,0,0,,0.0,Urban,12637,10048.0
28,Female,35.5,No,1,0,0,1,Low,12361,5.2,1,3,0,2,Private,94.0,Semi-Urban,7381,10839.0
60,Female,19.2,Yes,0,0,0,0,High,5265,6.8,5,1,0,2,Government,77.0,Urban,11549,11241.0
34,Female,20.5,No,0,0,0,0,Low,6429,8.5,9,6,1,7,,0.0,Semi-Urban,14775,21528.0
21,Female,34.6,No,1,0,1,0,High,10641,4.5,7,5,0,1,Private,71.0,Rural,3720,14274.0
80,Male,26.2,No,0,0,0,0,Low,5985,4.8,6,3,2,4,Government,62.0,Semi-Urban,1804,20527.0
85,Female,24.8,No,0,0,0,0,Medium,10282,7.3,7,6,1,5,Government,51.0,Semi-Urban,1927,16822.0
58,Female,20.0,Yes,1,0,0,0,Medium,7199,5.5,9,3,1,3,Private,71.0,Urban,17865,24020.0
22,Female,28.2,No,0,1,0,0,Low,12821,4.8,3,3,1,5,Private,79.0,Rural,4115,16320.0
49,Male,28.7,No,0,1,0,1,Low,3615,4.9,8,4,2,0,,0.0,Rural,10453,23677.0
87,Male,20.5,Yes,0,0,0,0,Medium,9342,6.5,1,10,0,6,Private,83.0,Urban,12102,17986.0
52,Male,25.3,No,0,1,0,0,Low,6434,6.9,10,5,2,1,,0.0,Urban,12276,24282.0
39,Female,24.3,No,0,0,0,0,Medium,1983,8.5,6,6,1,4,,0.0,Semi-Urban,18505,19860.0
82,Female,27.3,No,0,0,0,1,Low,2819,6.6,9,1,1,4,Government,66.0,Rural,13977,19552.0
39,Male,20.4,Yes,0,0,0,0,Medium,1976,7.5,1,6,0,0,,0.0,Semi-Urban,18781,12626.0
28,Male,32.3,No,0,0,1,0,Medium,7149,4.9,5,2,2,6,Private,73.0,Urban,14277,29412.0
20,Male,30.6,No,0,0,0,1,Medium,9380,7.6,8,3,0,0,Private,93.0,Urban,14298,9907.0
26,Female,24.2,No,1,0,0,1,Low,7460,7.2,10,5,2,5,,0.0,Semi-Urban,2019,25852.0
77,Male,24.9,No,0,0,0,0,Medium,3778,5.1,6,3,1,1,Government,56.0,Urban,17150,16632.0
31,Female,25.3,No,1,0,0,1,Medium,12948,7.3,6,3,2,7,,0.0,Rural,15168,29929.0
35,Female,22.1,Yes,0,1,0,0,High,14916,5.1,3,3,1,0,Government,62.0,Semi-Urban,3899,15333.0
40,Female,23.8,No,0,0,0,0,Medium,3571,7.0,8,2,1,2,Government,78.0,Urban,6355,13421.0
64,Male,24.6,No,1,0,0,0,Low,10378,7.3,1,2,1,6,,0.0,Rural,15520,20974.0
86,Female,34.1,Yes,0,1,0,0,Low,4901,7.5,4,3,0,4,Government,75.0,Semi-Urban,1535,13404.0
64,Male,30.7,No,0,0,0,0,Low,4439,8.5,8,0,0,6,,0.0,Semi-Urban,19047,14315.0
47,Male,30.7,No,0,0,0,0,Low,11756,8.7,6,4,0,4,Government,56.0,Rural,15023,12368.0
42,Male,27.8,No,0,0,0,0,Low,8233,8.1,9,4,2,2,Government,59.0,Semi-Urban,8063,21093.0
45,Male,20.4,No,0,1,0,0,Low,14002,8.4,1,2,1,3,Government,54.0,Rural,19706,18824.0
42,Female,25.8,No,1,1,1,0,Low,10539,4.1,2,5,1,3,Private,94.0,Urban,13771,26045.0
75,Female,30.9,No,0,0,1,0,Low,14504,5.8,1,4,0,7,Government,69.0,Urban,19478,20670.0
58,Female,19.7,No,1,0,0,1,Low,6484,4.2,4,7,0,6,Government,51.0,Rural,8219,16617.0
42,Female,29.2,Yes,0,0,0,0,Low,8537,5.1,9,6,3,0,Private,83.0,Semi-Urban,9570,29787.0
65,Male,37.6,No,1,0,0,0,Low,4407,5.9,4,5,0,5,Government,62.0,Semi-Urban,18799,17368.0
27,Male,31.3,Yes,0,1,0,0,Medium,11817,8.3,9,3,0,1,Private,78.0,Semi-Urban,12955,14166.0
28,Male,33.1,No,1,0,0,1,Low,12944,6.6,6,5,1,3,Government,67.0,Semi-Urban,6412,19077.0
38,Male,27.1,No,0,0,0,0,Low,9858,7.2,5,3,1,5,Private,88.0,Urban,16762,18802.0
62,Female,30.8,No,1,0,0,1,Low,13875,5.8,10,7,0,1,Private,75.0,Urban,18475,17306.0
24,Male,22.4,No,0,0,0,0,Medium,1772,7.0,4,10,0,7,Private,90.0,Rural,6900,13622.0
81,Female,30.0,Yes,0,1,0,0,High,12396,8.1,10,1,0,1,,0.0,Urban,2675,11522.0
81,Male,29.3,No,0,1,0,0,Low,14141,5.5,2,5,1,3,Government,62.0,Urban,11898,18868.0
19,Male,27.4,No,1,0,0,0,Medium,10356,8.7,8,6,1,7,Private,84.0,Rural,13782,23437.0
59,Male,32.6,No,0,1,0,0,Medium,5953,5.1,3,3,2,7,Private,72.0,Rural,14761,27986.0
71,Male,23.3,No,0,0,0,0,Medium,5594,8.6,1,2,0,1,Private,90.0,Semi-Urban,16144,8762.0
33,Female,25.1,No,0,0,1,0,High,9840,4.1,10,4,1,7,Private,73.0,Semi-Urban,4697,23022.0
35,Female,26.5,Yes,0,0,0,0,High,11415,6.7,7,2,1,0,Private,84.0,Rural,16313,17589.0
76,Female,20.9,No,0,0,0,0,Low,14087,8.9,8,5,1,2,,0.0,Urban,8279,15831.0
33,Female,27.1,Yes,0,0,0,0,Low,5946,7.0,7,3,0,7,Private,82.0,Semi-Urban,19283,18458.0
23,Male,17.4,Yes,0,0,1,0,Medium,10251,6.8,4,9,1,5,Government,65.0,Rural,5127,24920.0
74,Male,31.2,No,0,0,0,0,High,1987,7.4,8,1,0,5,,0.0,Semi-Urban,10191,11473.0
64,Female,26.2,No,1,0,0,0,High,3190,5.4,10,2,0,2,Private,86.0,Semi-Urban,10786,12202.0
65,Female,23.4,No,1,0,0,0,Low,13936,4.3,4,6,0,0,Private,93.0,Rural,9400,10522.0
59,Male,21.8,No,0,0,0,0,Low,5623,5.3,5,3,1,0,Private,88.0,Urban,1285,10420.0
77,Male,24.8,No,0,0,0,0,Medium,2785,4.9,8,5,0,4,Government,70.0,Semi-Urban,3833,10234.0
21,Female,29.4,No,0,1,0,0,Medium,10719,8.6,2,5,0,2,,0.0,Urban,8890,9969.0
19,Female,28.7,No,0,0,0,0,Medium,7149,8.3,10,4,0,0,Private,75.0,Urban,9718,7756.0
76,Female,22.5,Yes,0,0,0,0,Medium,13871,5.6,8,4,1,3,,0.0,Rural,4952,18281.0
44,Male,21.8,No,0,0,0,0,Low,7816,8.2,5,4,2,1,Private,91.0,Rural,9074,19656.0
44,Female,29.3,No,0,0,0,0,High,13511,5.1,5,5,0,5,Private,89.0,Urban,15623,13446.0
89,Female,22.4,No,0,0,0,0,High,2901,5.0,7,1,2,7,Private,71.0,Semi-Urban,2765,22682.0
24,Female,26.3,Yes,0,0,0,0,Medium,3403,7.8,4,8,2,0,Government,58.0,Urban,19639,26161.0
80,Female,26.6,No,0,0,0,1,Medium,3985,5.6,3,4,1,6,,0.0,Urban,14418,21223.0
63,Female,27.6,No,0,1,0,0,Medium,2850,4.3,6,3,1,3,,0.0,Urban,4389,16205.0
80,Male,30.3,No,1,0,0,0,Low,10199,7.6,6,2,2,4,Government,72.0,Urban,19332,28009.0
29,Female,19.7,Yes,0,0,0,0,Low,6155,8.9,10,2,2,7,Private,73.0,Semi-Urban,5979,26365.0
30,Male,16.4,Yes,0,0,0,0,Low,9737,6.8,6,2,0,7,,0.0,Rural,13204,15653.0
60,Female,23.2,No,0,0,0,0,High,7017,5.3,7,4,1,7,,0.0,Semi-Urban,15425,21124.0
34,Female,35.0,No,0,0,0,1,Low,9716,5.9,4,6,4,2,Government,59.0,Rural,16674,37032.0
80,Female,36.1,No,0,0,0,0,Low,13202,7.2,3,3,0,3,,0.0,Urban,1374,7295.0
53,Male,35.2,No,0,0,0,0,Medium,10929,7.5,3,6,0,1,Private,80.0,Semi-Urban,15833,10666.0
25,Male,25.0,Yes,0,1,0,0,Low,2080,8.4,3,5,2,3,Government,60.0,Rural,15838,28001.0
86,Male,17.1,No,0,0,0,0,Low,3021,8.5,2,4,1,5,Government,79.0,Urban,1195,14591.0
53,Female,14.3,No,0,1,0,0,Medium,8174,8.3,6,4,0,4,,0.0,Semi-Urban,4548,10853.0
45,Female,22.9,No,0,0,1,1,Medium,6562,7.2,1,6,0,6,,0.0,Urban,16340,20389.0
64,Male,25.0,No,0,0,0,0,Medium,10530,6.2,6,2,0,7,Private,93.0,Rural,3073,10552.0
47,Male,32.5,No,0,0,0,0,Medium,11350,7.4,8,3,2,1,Private,89.0,Semi-Urban,19595,23393.0
40,Female,30.3,No,0,0,0,0,Medium,12379,7.3,6,1,1,2,,0.0,Semi-Urban,13611,14992.0
33,Male,27.1,No,1,0,0,1,Medium,10522,5.1,2,4,1,1,Private,89.0,Rural,17782,19608.0
31,Female,21.6,No,0,1,0,0,Medium,1770,6.5,7,7,0,3,Government,67.0,Semi-Urban,6123,11705.0
88,Male,21.2,Yes,0,0,0,0,Low,9180,5.0,3,3,2,0,Private,93.0,Urban,13843,23349.0
69,Male,27.3,No,0,1,1,0,Medium,6786,8.5,9,4,1,0,Private,79.0,Urban,8160,21047.0
54,Male,29.5,No,0,1,0,0,Low,10933,5.6,8,4,2,1,Private,94.0,Semi-Urban,17699,25275.0
46,Female,28.0,No,0,0,0,0,Low,13597,8.0,6,3,0,7,Private,93.0,Semi-Urban,18751,15385.0
84,Female,20.8,Yes,0,0,0,1,Low,13381,5.9,1,6,2,7,Government,77.0,Rural,7333,29204.0
32,Male,29.3,No,1,0,0,0,Low,8359,7.8,2,4,1,5,,0.0,Semi-Urban,2261,16697.0
64,Female,28.1,No,0,1,1,0,Medium,7945,5.1,8,6,1,6,Private,78.0,Semi-Urban,19796,29862.0
63,Female,20.6,Yes,0,1,0,0,Medium,8446,7.8,6,4,1,7,Private,79.0,Urban,14616,25663.0
69,Female,22.1,No,0,0,0,0,Low,14366,4.9,1,3,1,1,Private,72.0,Urban,12142,13886.0
36,Female,29.4,No,0,0,0,0,High,13304,6.5,9,3,2,7,Private,75.0,Urban,4444,23535.0
38,Male,24.8,No,1,0,0,0,Medium,10550,4.6,8,2,2,4,Government,77.0,Semi-Urban,9570,24475.0
81,Female,33.9,No,1,1,1,0,High,12325,6.6,2,2,1,3,Government,50.0,Urban,17836,27088.0
54,Female,28.5,No,0,1,0,0,Medium,7780,8.1,10,4,0,1,Government,65.0,Semi-Urban,10830,11584.0
44,Male,23.6,Yes,1,0,0,0,Low,11988,7.8,5,5,2,0,Government,76.0,Rural,8043,24501.0
72,Female,25.9,No,0,0,0,0,High,2596,4.3,3,4,0,2,Government,55.0,Semi-Urban,19487,11863.0
46,Female,26.3,No,0,0,1,0,High,11172,6.5,1,3,2,5,Private,82.0,Urban,9189,26866.0
37,Female,22.4,No,1,0,0,0,Medium,9747,8.3,7,4,1,3,Private,74.0,Semi-Urban,11947,18896.0
42,Male,21.4,Yes,0,1,1,0,Low,6446,7.3,9,3,1,4,Government,74.0,Rural,6007,25484.0
87,Male,29.5,Yes,0,0,0,0,Low,13156,4.3,7,1,2,3,Private,80.0,Urban,12502,25576.0
80,Female,30.2,No,0,0,0,0,High,14439,5.6,3,3,2,0,Private,74.0,Rural,4117,17541.0
53,Female,29.0,No,1,0,0,0,Low,12763,6.8,6,3,0,3,Government,72.0,Urban,15169,13781.0
19,Male,33.6,No,1,0,0,0,Medium,12251,4.9,3,7,1,4,Private,92.0,Semi-Urban,19047,22202.0
39,Male,23.3,No,1,0,0,0,Medium,5354,7.4,4,7,0,6,,0.0,Semi-Urban,6432,14309.0
33,Male,34.4,Yes,1,1,0,0,Low,11952,7.2,1,4,1,4,Government,72.0,Semi-Urban,10420,23318.0
35,Female,21.5,No,0,0,0,0,Medium,1834,5.0,2,2,2,2,Private,90.0,Rural,10881,19409.0
86,Female,20.9,Yes,0,0,1,1,Medium,10839,6.8,1,3,1,7,Government,56.0,Semi-Urban,1842,25400.0
71,Male,17.2,No,0,0,1,0,Low,12251,8.1,10,9,2,3,,0.0,Urban,8242,29409.0
47,Female,23.8,No,0,0,1,0,Medium,10058,5.9,2,3,3,2,,0.0,Semi-Urban,16688,32860.0
62,Female,23.5,No,0,0,0,0,High,1903,5.2,4,4,1,1,Private,90.0,Urban,17464,16384.0
36,Female,28.6,No,0,0,0,0,Medium,11649,7.5,6,5,1,2,Government,79.0,Rural,5990,14175.0
51,Female,27.2,No,0,0,0,0,Medium,14175,4.4,8,4,2,1,,0.0,Urban,5550,19501.0
30,Female,20.0,No,1,0,0,0,Medium,1142,8.2,10,5,2,7,Private,89.0,Urban,945,25583.0
60,Female,24.0,Yes,0,1,1,0,Low,7020,8.7,9,7,0,1,Private,71.0,Urban,1591,17797.0
79,Female,24.1,No,1,0,1,0,High,8886,8.8,10,2,1,1,Government,55.0,Rural,2341,20105.0
39,Male,17.1,No,1,0,0,1,Medium,14670,6.2,7,4,0,0,Government,61.0,Rural,16387,13209.0
69,Male,21.1,No,0,0,1,0,Low,4723,7.1,4,4,1,5,Government,60.0,Urban,9706,22325.0
69,Male,22.1,Yes,0,1,0,0,Medium,3786,8.3,7,1,1,4,Private,84.0,Urban,19233,23813.0
53,Male,33.2,No,0,0,0,0,Medium,4390,5.1,1,4,2,1,Private,72.0,Urban,4897,18125.0
36,Male,27.0,No,0,0,1,0,Low,11887,4.1,10,4,0,5,,0.0,Rural,7091,16257.0
55,Male,29.3,Yes,0,0,0,0,High,7945,5.9,6,1,2,3,Government,67.0,Urban,1311,21372.0
87,Male,18.5,No,0,0,0,0,Low,3759,8.4,1,3,1,0,Private,74.0,Urban,18652,15291.0
74,Male,32.0,No,0,1,0,0,Medium,12541,6.5,8,2,1,1,Private,71.0,Urban,14203,17901.0
37,Male,32.5,Yes,0,1,0,0,Medium,13081,6.7,4,8,0,1,,0.0,Urban,5415,13140.0
26,Female,16.0,Yes,0,0,0,0,Low,8819,7.5,8,3,2,4,Government,69.0,Semi-Urban,8925,24678.0
49,Female,22.5,No,0,1,0,0,High,12925,6.9,8,11,0,0,Government,73.0,Rural,8409,12178.0
21,Male,28.5,Yes,0,0,0,0,Medium,14402,4.3,2,3,2,7,Private,88.0,Semi-Urban,5906,25247.0
67,Female,29.2,No,1,0,0,0,Medium,10913,6.8,6,5,0,0,Government,76.0,Urban,3288,8902.0
22,Female,22.6,Yes,0,1,0,0,Medium,4153,7.2,10,0,0,5,Government,64.0,Urban,13015,16023.0
37,Male,24.5,No,1,0,1,0,High,13306,7.2,4,7,1,2,Government,70.0,Urban,12478,23918.0
54,Male,23.0,No,0,0,0,0,Low,14690,7.6,3,5,3,3,Private,72.0,Rural,4520,26126.0
39,Male,26.6,No,0,1,0,0,Medium,13932,6.6,9,4,0,4,,0.0,Urban,11931,13757.0
75,Female,32.0,No,0,0,0,0,High,3831,8.5,10,6,2,7,Government,59.0,Urban,19304,30251.0
85,Female,22.1,No,0,0,1,0,Low,7512,6.3,9,6,3,5,,0.0,Urban,3445,34596.0
61,Male,31.0,No,1,0,0,0,Low,10896,6.6,2,8,1,2,Government,68.0,Semi-Urban,10225,18918.0
51,Female,22.1,Yes,1,1,1,0,High,9649,7.9,5,4,0,2,Government,54.0,Urban,10623,21570.0
59,Female,21.8,No,0,1,0,0,High,10468,8.2,10,2,0,3,,0.0,Semi-Urban,8982,11729.0
26,Female,30.1,No,0,0,0,0,Medium,8531,7.2,10,1,1,5,Government,65.0,Rural,10273,16905.0
24,Male,30.6,No,0,1,0,0,Medium,6312,4.6,7,6,1,6,Private,82.0,Urban,18484,23543.0
85,Female,30.3,No,0,1,0,0,Medium,8445,5.7,9,2,0,4,Private,84.0,Urban,15800,15149.0
36,Female,19.4,No,0,0,0,0,Low,14968,4.1,8,6,1,5,Private,90.0,Semi-Urban,2546,16066.0
48,Female,23.7,No,1,1,0,0,Medium,8202,5.5,10,6,0,7,Private,94.0,Urban,17668,21471.0
52,Female,30.1,No,0,0,0,1,Medium,13966,6.9,4,3,1,5,Government,67.0,Semi-Urban,653,15639.0
74,Female,26.2,Yes,0,0,0,0,Low,12507,8.0,3,1,1,7,Private,93.0,Rural,5584,19541.0
78,Female,20.6,No,1,0,0,0,Medium,2608,6.9,1,5,0,3,Government,62.0,Semi-Urban,4023,10485.0
48,Female,28.3,No,0,0,0,0,Medium,4894,4.2,1,3,1,4,,0.0,Urban,15743,17132.0
70,Male,22.4,Yes,0,0,0,0,Medium,7788,5.3,9,5,0,6,Private,79.0,Rural,18326,19170.0
49,Male,35.0,No,0,0,0,0,Medium,2096,6.9,4,1,0,1,Government,52.0,Semi-Urban,16399,8950.0
83,Female,33.7,No,0,0,0,0,High,1626,7.5,8,1,2,5,Government,79.0,Semi-Urban,7498,22920.0
76,Male,29.0,No,0,0,0,1,Low,2290,8.3,4,1,1,0,Government,52.0,Rural,10794,14328.0
27,Female,32.8,No,0,0,0,0,Medium,5717,8.8,6,6,1,1,Private,92.0,Urban,2372,12636.0
19,Female,26.3,Yes,0,1,0,0,Medium,14479,8.5,4,4,0,7,Government,67.0,Urban,9482,17014.0
83,Female,29.8,Yes,0,1,0,1,Low,14015,6.3,2,6,0,1,Private,72.0,Urban,11044,15967.0
77,Male,33.4,No,0,1,1,0,Low,4411,7.7,1,4,1,1,Government,77.0,Urban,7245,20315.0
34,Female,27.2,No,0,0,0,0,Medium,3144,5.2,8,3,0,3,Government,59.0,Semi-Urban,16238,11567.0
33,Female,24.7,Yes,0,1,0,0,Medium,1899,4.3,6,3,2,4,Government,60.0,Semi-Urban,8156,26448.0
33,Male,17.5,No,0,0,0,0,High,14903,4.3,1,4,0,1,,0.0,Urban,6393,5703.0
63,Male,25.6,No,0,0,0,0,Medium,1697,5.2,5,9,3,0,Government,57.0,Semi-Urban,4767,26058.0
56,Female,30.1,No,0,0,1,0,Low,7080,4.2,3,7,3,1,Private,86.0,Urban,10749,32448.0
48,Male,30.7,Yes,1,0,0,0,Medium,12122,8.3,2,6,0,2,Government,70.0,Urban,4070,13002.0
18,Male,28.5,No,0,1,0,0,Medium,5055,6.4,3,5,1,2,,0.0,Urban,6298,15304.0
28,Female,23.3,Yes,0,0,0,0,Medium,8231,8.1,2,6,0,3,Private,82.0,Semi-Urban,6252,11335.0
21,Female,16.1,No,0,0,0,0,High,14890,8.7,10,3,1,5,Private,76.0,Urban,5293,15691.0
88,Female,23.5,No,0,1,0,0,Medium,13383,9.0,2,3,3,5,Private,93.0,Rural,19006,33767.0
43,Male,24.5,Yes,0,0,0,0,Low,12809,8.7,1,4,1,0,Private,94.0,Semi-Urban,6974,14487.0
67,Male,24.4,No,1,1,0,0,Low,4440,7.6,3,3,0,3,,0.0,Rural,5617,12457.0
29,Male,29.1,Yes,0,1,0,0,Medium,4416,6.2,3,6,1,6,Government,68.0,Semi-Urban,1653,20749.0
82,Female,35.9,Yes,1,0,0,0,Low,12242,7.0,4,5,1,3,Government,63.0,Urban,2188,20073.0
64,Male,26.6,No,0,0,0,0,Medium,3489,8.1,3,8,0,6,,0.0,Urban,14965,15168.0
70,Male,24.9,No,0,0,0,0,Medium,7594,8.5,8,6,0,3,,0.0,Urban,14693,12955.0
88,Female,24.7,Yes,0,0,0,0,Medium,7377,8.8,4,3,1,5,Government,66.0,Semi-Urban,9782,20436.0
19,Female,26.6,Yes,0,0,0,0,Medium,14986,7.7,10,1,0,1,Private,73.0,Rural,14706,11790.0
41,Female,21.9,Yes,0,0,0,0,Medium,14468,6.7,1,3,1,4,Private,93.0,Semi-Urban,14670,19478.0
21,Male,26.6,No,0,1,0,0,Low,7119,8.8,2,5,4,4,Private,81.0,Urban,18745,38441.0
36,Female,28.3,No,0,1,0,1,Medium,1792,8.8,7,6,0,0,Government,60.0,Urban,13609,12952.0
43,Male,27.0,Yes,0,1,0,0,Medium,11267,6.4,6,3,0,1,Private,78.0,Rural,9778,12803.0
57,Male,28.3,Yes,0,0,0,0,Medium,12735,7.2,9,2,1,7,Private,78.0,Semi-Urban,19029,24898.0
67,Female,28.2,No,0,0,0,0,Low,8748,8.0,6,5,2,5,Government,65.0,Urban,16764,26415.0
60,Female,17.1,No,0,0,0,0,Medium,1922,6.2,2,2,2,4,Government,50.0,Rural,690,18320.0
84,Female,29.2,No,0,0,0,0,Medium,2481,8.1,8,4,4,2,Government,71.0,Semi-Urban,9034,34066.0
29,Female,22.6,No,1,1,0,0,Low,7987,4.6,9,3,0,5,Private,85.0,Rural,576,12931.0
84,Female,20.5,Yes,1,1,0,1,High,8505,6.4,5,6,2,5,Government,75.0,Semi-Urban,18196,36154.0
44,Male,20.5,No,0,0,0,0,Medium,9933,6.4,6,4,1,3,,0.0,Semi-Urban,13617,16780.0
71,Male,28.2,No,1,1,0,0,Medium,14191,7.4,4,3,1,5,Government,64.0,Semi-Urban,13825,22914.0
83,Male,24.9,No,1,0,1,0,Medium,3033,4.6,2,4,0,4,,0.0,Semi-Urban,4572,16479.0
66,Female,17.6,No,0,0,0,0,High,2445,4.5,5,0,0,5,Government,68.0,Urban,1833,7398.0
33,Male,28.4,No,1,0,0,0,Medium,9566,8.5,5,3,0,3,Government,72.0,Rural,19798,14551.0
19,Female,18.8,No,0,0,0,0,Medium,3909,5.5,1,5,1,1,Private,70.0,Rural,5230,11513.0
77,Female,26.7,No,0,1,0,0,Medium,6768,5.6,5,4,1,6,Private,91.0,Urban,7339,19943.0
71,Male,27.2,No,0,1,0,0,Low,9815,7.9,1,5,2,4,Private,82.0,Rural,11329,25035.0
47,Male,30.4,No,0,0,0,0,Low,7442,6.1,3,2,1,3,Government,70.0,Rural,12384,15367.0
55,Female,34.9,No,0,0,0,0,Low,10240,8.2,9,2,2,4,,0.0,Urban,6966,22037.0
45,Male,19.2,No,0,0,0,0,Low,1605,6.0,4,3,1,4,Private,83.0,Urban,4589,14053.0
42,Female,25.7,No,0,1,1,0,Medium,3113,7.8,9,6,1,0,Private,84.0,Semi-Urban,14660,23209.0
27,Male,24.6,Yes,0,1,0,0,Low,3576,6.6,6,8,1,5,Private,83.0,Urban,15124,25215.0
77,Male,28.2,No,0,1,1,0,Medium,6740,8.7,1,4,1,0,Private,88.0,Rural,19497,23035.0
59,Male,27.1,No,0,1,1,0,Medium,6510,5.6,3,8,1,7,Private,93.0,Urban,11704,27904.0
57,Male,24.2,No,0,0,0,0,Low,1277,5.8,3,4,0,1,Private,92.0,Urban,12632,8656.0
59,Male,23.8,No,0,0,0,1,Low,3057,8.8,4,1,3,3,Government,69.0,Semi-Urban,13199,28954.0
64,Female,20.4,No,0,0,0,0,Medium,2164,7.7,10,7,2,5,Private,91.0,Semi-Urban,14462,27031.0
54,Male,30.9,No,0,0,1,0,Low,13073,7.9,4,4,2,0,Private,74.0,Urban,5278,22990.0
39,Male,28.3,Yes,0,1,0,0,Medium,13315,5.5,8,3,0,0,Private,88.0,Urban,5140,10971.0
74,Male,30.6,No,0,1,0,0,Medium,4171,6.7,3,8,1,1,Private,93.0,Urban,9376,17811.0
44,Female,24.4,Yes,0,0,0,0,Medium,6306,5.6,4,4,1,2,Private,79.0,Semi-Urban,11059,17930.0
58,Female,22.7,No,0,0,0,0,Medium,7536,5.3,3,1,1,2,Government,55.0,Semi-Urban,19163,16190.0
51,Female,20.6,Yes,0,0,0,0,Medium,11959,6.7,7,2,1,4,,0.0,Semi-Urban,11219,19404.0
49,Female,27.8,Yes,0,0,0,0,High,14136,8.9,6,3,2,7,Government,61.0,Rural,7608,27096.0
83,Female,20.8,No,0,0,1,1,Low,1260,5.1,1,5,1,1,Private,91.0,Urban,4541,19146.0
29,Male,35.2,No,1,0,0,0,High,13325,5.2,10,5,2,3,,0.0,Semi-Urban,3319,23532.0
57,Male,19.5,No,0,1,1,0,Medium,6185,5.2,1,6,0,5,Government,51.0,Urban,13125,19262.0
27,Male,27.4,Yes,0,0,0,0,Medium,14786,8.0,6,3,1,0,Private,74.0,Rural,4145,14005.0
65,Female,33.8,No,0,0,1,0,Medium,4565,6.6,3,5,3,6,Private,89.0,Semi-Urban,6065,34533.0
37,Female,29.0,No,0,0,0,0,Medium,4818,5.9,9,1,0,6,Private,86.0,Urban,1287,8996.0
56,Male,26.9,No,0,1,0,0,High,5562,8.2,2,7,1,2,Government,52.0,Rural,18748,20351.0
77,Female,21.2,No,0,1,0,0,Low,7207,5.5,3,3,0,7,Government,78.0,Rural,10585,14752.0
83,Female,19.1,No,0,0,0,0,Medium,3794,6.0,9,2,1,0,Private,91.0,Urban,13100,14763.0
82,Female,29.9,Yes,0,1,1,0,Low,10395,4.4,6,1,2,4,Private,73.0,Rural,9732,32257.0
68,Male,33.5,No,0,0,0,0,Low,7988,4.6,1,5,1,6,Government,74.0,Rural,2840,16217.0
53,Male,23.8,No,0,0,0,0,Medium,3012,4.7,2,1,1,7,Government,61.0,Semi-Urban,14851,18629.0
41,Female,20.3,No,1,0,0,0,Low,11002,5.7,7,3,2,7,Government,65.0,Urban,11599,27609.0
44,Female,13.7,No,0,0,0,0,High,7242,6.6,6,5,1,0,Government,62.0,Urban,9084,13216.0
19,Female,21.1,No,0,0,0,0,Medium,12800,4.0,1,4,0,1,Private,70.0,Urban,14468,7953.0
48,Female,25.4,No,0,1,0,0,Medium,9495,4.9,10,2,3,7,Private,72.0,Urban,10220,33188.0
74,Male,34.0,No,1,1,0,0,Low,2096,4.9,2,5,0,3,Government,74.0,Urban,19716,17715.0
83,Female,29.4,Yes,1,0,0,0,Low,13220,5.3,6,6,1,6,Government,54.0,Semi-Urban,13282,26427.0
46,Male,27.5,No,0,0,1,0,High,12810,4.8,6,5,1,0,,0.0,Urban,17206,21107.0
32,Male,24.0,No,0,0,0,0,Medium,14234,5.0,6,8,2,5,Private,85.0,Urban,19283,27545.0
29,Male,23.1,No,0,0,0,0,Low,2166,8.9,9,3,0,5,Private,84.0,Urban,6323,10170.0
45,Female,33.0,No,0,0,0,0,Low,5309,7.0,2,3,1,3,,0.0,Semi-Urban,5149,13435.0
41,Male,27.0,No,0,0,0,0,Low,8884,7.8,10,5,0,6,Government,69.0,Urban,8564,12999.0
38,Male,15.5,No,0,1,0,0,Low,3352,8.1,10,3,3,5,Private,81.0,Urban,985,28720.0
27,Female,22.6,No,0,1,0,0,Medium,6533,7.3,9,5,1,1,Government,76.0,Rural,13973,18010.0
35,Female,21.7,No,0,0,1,1,Medium,9084,7.5,9,5,0,4,,0.0,Urban,4931,16330.0
31,Female,23.3,No,0,0,0,0,Medium,6848,7.2,10,4,1,1,Government,76.0,Semi-Urban,10287,14805.0
51,Male,28.8,Yes,0,0,0,0,High,9536,7.2,9,5,0,2,Government,69.0,Rural,15770,15015.0
75,Female,25.5,No,0,0,0,0,Low,1743,8.6,9,7,1,7,Private,78.0,Urban,4587,19841.0
39,Male,25.6,Yes,0,0,0,0,Medium,10813,4.9,3,2,0,7,Private,80.0,Urban,2234,12218.0
87,Male,32.6,No,0,0,1,0,Medium,3541,5.4,10,5,1,6,Government,70.0,Semi-Urban,4427,23846.0
53,Female,22.5,No,0,0,1,0,Low,6800,4.5,9,7,0,4,Private,78.0,Semi-Urban,5956,16322.0
62,Male,35.3,No,0,1,0,0,Low,11114,8.2,10,5,2,0,Private,94.0,Rural,13881,24463.0
53,Male,22.6,Yes,0,0,0,1,Medium,2148,6.2,9,6,1,3,Government,50.0,Urban,4356,20145.0
39,Male,26.4,No,0,1,0,0,Low,12080,8.5,3,4,0,4,Private,74.0,Urban,16183,13827.0
78,Male,24.6,No,1,0,0,0,Medium,14547,6.1,4,4,0,6,Government,74.0,Urban,14513,16352.0
73,Female,26.6,Yes,1,1,0,0,Medium,13142,6.2,4,4,3,4,,0.0,Rural,5950,35143.0
50,Male,28.2,No,0,0,0,0,Low,9848,6.2,4,1,0,6,Government,61.0,Semi-Urban,15902,12617.0
62,Female,28.2,No,1,0,0,0,Low,5712,7.1,7,3,2,2,Private,86.0,Rural,1171,21137.0
53,Male,22.2,No,0,0,0,1,Low,1775,7.8,5,1,3,0,Private,91.0,Urban,12245,26299.0
37,Male,20.4,No,1,0,0,0,Medium,10861,5.8,7,1,5,5,,0.0,Urban,7345,41856.0
35,Female,38.5,No,0,0,0,1,Low,7207,7.2,6,1,1,4,Private,85.0,Rural,17955,19542.0
55,Male,23.6,No,0,1,0,0,High,11199,5.0,7,5,1,2,Government,63.0,Urban,18777,20441.0
84,Male,29.5,Yes,0,1,0,0,High,13789,6.8,8,5,0,3,Government,79.0,Semi-Urban,11739,17087.0
40,Male,18.0,Yes,0,0,0,0,Low,10851,6.7,6,4,1,3,,0.0,Urban,11362,18949.0
33,Male,24.6,No,0,0,0,0,High,8178,8.4,9,4,0,7,Private,79.0,Semi-Urban,1522,10855.0
76,Male,25.4,No,0,0,0,0,Medium,9798,8.5,4,0,0,5,Government,75.0,Rural,15067,11602.0
86,Male,28.4,Yes,0,1,0,0,Low,12895,6.4,5,5,1,0,Government,56.0,Semi-Urban,19934,22552.0
85,Female,12.4,Yes,0,1,0,0,Medium,1429,4.1,9,4,3,5,Government,59.0,Urban,17428,37700.0
38,Female,26.8,No,1,0,0,0,Medium,12564,8.2,9,5,2,6,Private,80.0,Rural,15128,29202.0
87,Female,20.3,No,1,0,0,0,Low,10196,4.0,2,1,2,0,Government,61.0,Urban,19739,23571.0
29,Male,27.6,No,0,1,0,0,Low,14557,6.4,2,3,1,0,,0.0,Urban,3177,11961.0
33,Male,20.8,No,0,0,0,0,Low,2612,4.1,9,3,2,3,Government,62.0,Semi-Urban,15690,23391.0
31,Male,21.7,Yes,1,0,0,0,Low,13381,5.8,6,4,1,1,Government,73.0,Urban,560,16539.0
78,Female,24.6,No,1,0,0,0,Low,11554,7.2,8,3,0,0,,0.0,Urban,5206,9160.0
88,Male,20.7,No,0,1,0,0,Medium,11392,5.9,8,2,0,7,,0.0,Semi-Urban,3772,13513.0
63,Female,23.6,No,0,0,0,0,Low,14551,8.6,8,6,0,1,Private,75.0,Semi-Urban,13061,10686.0
49,Male,20.0,No,0,1,0,1,Low,11379,7.2,5,1,0,1,Private,86.0,Rural,7217,9445.0
32,Male,16.8,No,0,0,0,0,Low,10812,7.2,10,4,1,6,Government,57.0,Urban,15655,20241.0
61,Male,31.1,Yes,0,0,1,0,High,5311,5.9,4,4,1,0,Government,52.0,Urban,12505,22304.0
34,Female,19.5,Yes,0,0,0,0,Low,12033,4.2,3,2,0,1,Government,54.0,Semi-Urban,7281,8649.0
58,Male,25.1,No,0,1,0,0,Medium,5465,7.7,4,7,2,1,Government,50.0,Semi-Urban,18568,25883.0
71,Female,29.8,No,0,0,1,0,Medium,10163,7.6,8,0,0,1,Government,78.0,Semi-Urban,6714,11728.0
61,Male,22.9,No,0,0,0,0,Medium,3288,6.7,4,4,0,5,Private,70.0,Semi-Urban,5186,9863.0
22,Male,21.9,No,0,0,0,1,Medium,14268,6.1,8,4,1,2,Government,54.0,Urban,2012,14001.0
44,Female,27.1,No,1,0,0,1,Low,10750,6.7,8,4,0,4,Private,81.0,Semi-Urban,6137,13934.0
60,Male,31.6,Yes,1,1,0,0,Low,3368,7.7,1,4,3,0,Government,56.0,Urban,13923,33625.0
48,Male,20.2,No,0,0,0,0,Low,3092,7.6,9,8,0,2,,0.0,Semi-Urban,6385,10082.0
34,Male,25.2,No,1,1,1,0,Medium,8753,7.3,3,5,2,0,Private,80.0,Semi-Urban,19097,31265.0
71,Male,17.3,No,0,1,0,0,Low,13901,8.5,6,6,1,6,Private,74.0,Urban,6264,20218.0
79,Female,24.0,No,0,0,0,0,Low,9111,7.0,3,0,0,7,Private,78.0,Semi-Urban,5425,10128.0
49,Female,26.2,No,0,1,1,0,Medium,1283,4.1,9,1,0,4,,0.0,Rural,13110,18099.0
57,Male,21.7,No,0,0,0,0,Low,11226,7.1,1,2,1,7,Government,73.0,Urban,15005,18893.0
30,Male,23.7,No,0,0,0,0,Medium,12847,7.1,7,6,0,1,Government,54.0,Urban,2108,6543.0
52,Female,19.0,No,0,0,0,0,Low,12816,4.3,5,3,2,2,Private,78.0,Urban,3598,18489.0
22,Male,26.4,No,0,1,0,0,High,11006,6.1,3,7,4,0,Government,60.0,Urban,12937,34513.0
46,Female,31.3,No,0,0,0,0,High,14523,7.3,7,1,0,1,Government,68.0,Rural,4510,5812.0
87,Male,20.5,No,0,0,0,0,Medium,9863,7.5,1,7,0,3,Government,58.0,Rural,12057,11372.0
42,Female,22.9,No,1,1,0,0,High,3134,8.5,6,4,2,2,Government,73.0,Urban,5267,24007.0
39,Female,28.5,No,0,1,0,0,Low,8174,8.2,7,4,1,5,,0.0,Semi-Urban,13868,20795.0
83,Female,32.1,No,0,0,0,0,Medium,2482,4.6,9,3,1,7,Private,73.0,Urban,6926,19301.0
62,Female,18.5,No,0,0,0,0,Low,7326,7.0,9,6,3,2,Private,80.0,Semi-Urban,13698,29704.0
86,Male,25.2,No,1,0,0,0,Medium,14639,7.0,7,6,0,6,Private,75.0,Semi-Urban,3293,14564.0
89,Male,27.4,No,0,0,0,0,Low,3346,5.5,5,5,0,3,Private,78.0,Urban,7459,10240.0
18,Female,25.5,No,0,0,0,0,Low,7541,4.9,7,4,2,6,Private,82.0,Semi-Urban,13764,25054.0
61,Female,13.6,Yes,0,0,1,0,High,1013,5.0,1,3,2,1,Government,78.0,Rural,13728,27946.0
56,Female,28.5,No,0,0,0,0,Low,7243,4.9,7,6,0,4,Private,84.0,Rural,5731,10694.0
71,Female,33.6,No,0,1,0,0,Medium,1755,8.0,10,2,3,3,Private,87.0,Urban,1849,28183.0
46,Male,26.6,No,0,0,0,0,Medium,9360,4.7,4,4,0,3,Government,73.0,Rural,1347,6922.0
71,Female,20.8,No,0,0,0,0,Low,3279,5.3,2,4,1,0,Government,57.0,Semi-Urban,5184,11599.0
33,Female,23.4,No,0,0,0,0,Medium,2134,5.1,6,1,0,2,Private,92.0,Semi-Urban,14359,8870.0
37,Female,34.8,Yes,0,0,0,0,Low,3661,7.6,7,4,0,6,Government,76.0,Urban,11906,16156.0
63,Female,30.5,No,0,0,0,0,High,5824,4.8,7,1,0,4,Private,91.0,Semi-Urban,13665,11274.0
84,Female,29.2,Yes,0,0,0,0,High,1239,4.1,8,4,2,4,Government,55.0,Urban,11527,27414.0
82,Female,27.8,Yes,1,0,0,0,Medium,3287,5.9,5,2,1,7,Government,56.0,Urban,8911,24047.0
75,Female,22.7,No,0,0,0,0,High,5365,5.5,10,9,2,4,,0.0,Urban,9629,25870.0
70,Male,25.0,No,0,0,0,1,Low,3587,6.0,10,3,0,2,Government,59.0,Urban,15353,13056.0
18,Female,25.6,No,0,0,1,0,Low,2309,7.8,8,3,1,4,Private,85.0,Semi-Urban,19878,24091.0
83,Female,28.7,No,0,0,0,0,Low,7478,4.1,4,6,1,0,Government,75.0,Semi-Urban,8856,14378.0
46,Female,33.5,No,1,0,0,0,Medium,14877,4.2,10,6,0,1,Government,52.0,Urban,2550,10390.0
87,Male,31.6,No,0,0,1,1,Low,1442,5.3,1,8,1,6,Government,71.0,Semi-Urban,16835,28439.0
25,Male,18.9,No,0,0,1,0,Medium,9916,8.4,8,3,0,0,,0.0,Rural,9418,11692.0
46,Male,27.1,Yes,0,1,0,1,Medium,1907,4.8,4,7,0,1,Government,59.0,Urban,8015,15038.0
68,Female,29.7,Yes,0,0,0,0,Low,2526,9.0,5,3,3,5,,0.0,Urban,9846,32405.0
50,Female,29.1,No,1,1,0,0,Low,11609,8.0,4,6,2,2,Private,70.0,Urban,19296,28962.0
20,Female,22.9,Yes,0,1,0,0,Low,10335,6.3,7,6,2,3,Government,51.0,Semi-Urban,10515,27442.0
77,Male,40.6,No,0,1,0,0,Medium,9266,7.7,10,4,0,3,Government,70.0,Semi-Urban,12917,14633.0
52,Female,19.6,No,0,0,0,0,Low,3470,6.6,3,4,0,4,Government,64.0,Semi-Urban,16964,12117.0
86,Male,20.6,Yes,1,1,0,0,Low,1069,6.8,2,2,2,4,Government,69.0,Semi-Urban,4758,27665.0
37,Male,27.2,No,1,1,0,0,Medium,5840,6.9,10,4,1,2,Government,53.0,Urban,9773,20188.0
56,Male,36.6,Yes,0,0,1,0,Low,7414,7.2,2,2,0,3,Private,93.0,Semi-Urban,15570,18489.0
21,Male,21.8,No,0,0,0,0,Medium,13257,4.3,7,1,2,1,Government,52.0,Urban,11268,19054.0
36,Male,24.7,No,0,1,0,0,Medium,9323,7.1,10,1,1,2,Private,78.0,Semi-Urban,1196,13820.0
62,Female,31.4,No,0,0,0,0,Medium,10313,7.6,6,7,1,3,Government,63.0,Urban,16682,19587.0
60,Female,25.9,Yes,1,0,0,0,Medium,13389,5.6,2,11,1,1,Government,59.0,Urban,9249,21852.0
30,Male,24.3,No,1,1,1,0,Low,8595,8.9,8,2,0,4,Private,75.0,Urban,16803,21470.0
30,Female,28.8,Yes,0,0,0,0,Low,10382,4.7,6,2,1,6,Private,73.0,Semi-Urban,5230,18833.0
77,Female,27.4,No,0,0,0,0,Medium,2128,8.6,8,1,0,6,Private,77.0,Urban,9722,12079.0
74,Male,31.2,No,0,0,0,1,Low,1597,7.4,6,2,1,4,Private,87.0,Urban,1370,15527.0
69,Male,32.5,No,0,0,0,0,High,10764,7.3,4,3,1,3,Government,69.0,Semi-Urban,10249,15830.0
70,Female,27.5,No,0,1,0,0,Low,6561,8.4,8,0,0,1,Government,63.0,Urban,10016,9630.0
60,Female,27.5,No,0,0,0,0,Medium,9863,8.2,4,3,1,5,Government,76.0,Semi-Urban,7060,16143.0
89,Female,27.1,Yes,1,1,0,0,Low,5730,5.7,6,3,2,7,Government,52.0,Rural,17820,35439.0
89,Female,28.4,No,0,0,0,0,High,6019,7.5,5,5,2,2,Government,76.0,Semi-Urban,13266,23212.0
59,Male,26.3,No,0,0,0,0,Medium,7105,4.3,4,6,1,3,Government,75.0,Semi-Urban,4603,14950.0
43,Female,26.0,Yes,0,0,0,0,Medium,4715,6.3,7,5,0,7,Private,77.0,Urban,13672,17742.0
40,Male,32.0,No,0,0,0,0,Medium,4337,8.7,8,3,1,3,Private,94.0,Semi-Urban,6458,14897.0
60,Male,33.6,No,0,1,0,0,Low,13058,5.4,6,3,1,5,Government,70.0,Urban,19321,22404.0
45,Female,18.5,No,0,0,0,0,Medium,3899,4.2,1,4,1,5,,0.0,Urban,14795,17694.0
26,Female,26.1,No,1,1,0,0,Low,7563,6.9,7,1,2,0,Government,70.0,Rural,2170,20254.0
37,Female,22.6,No,1,0,0,0,Medium,3308,5.8,4,5,2,5,Private,73.0,Urban,13275,26701.0
73,Male,24.4,No,0,0,0,0,Low,14745,5.9,2,5,0,0,Government,61.0,Semi-Urban,9418,7417.0
56,Male,28.0,No,0,0,0,0,Low,3463,6.9,3,4,1,5,Private,77.0,Urban,17918,19535.0
68,Male,29.3,No,0,1,0,0,Low,6474,7.1,10,7,1,0,Government,57.0,Rural,6445,16973.0
29,Male,25.4,No,0,0,0,0,Low,4990,6.2,4,4,1,7,Government,77.0,Semi-Urban,13564,19411.0
72,Female,16.4,No,0,0,1,0,Low,12724,6.5,7,3,0,6,Private,89.0,Rural,16884,19397.0
28,Male,21.2,No,0,0,0,0,High,3748,9.0,9,2,0,7,Government,75.0,Semi-Urban,14129,13635.0
43,Male,30.5,No,0,0,0,0,Medium,6504,8.8,10,6,1,6,Government,64.0,Urban,5917,18750.0
59,Female,12.3,No,0,0,1,0,High,11782,7.5,6,4,1,3,Government,63.0,Rural,8086,20175.0
44,Male,31.9,No,0,0,0,0,Low,14586,4.8,10,6,1,6,,0.0,Urban,6790,19074.0
28,Male,28.6,No,1,1,0,0,Medium,12222,5.8,5,6,0,1,,0.0,Rural,6786,12154.0
55,Female,32.6,No,0,0,0,0,Medium,12573,8.4,9,3,1,2,Private,76.0,Rural,9002,15379.0
60,Male,25.0,Yes,1,0,0,0,Medium,8073,6.1,8,5,1,2,Private,73.0,Semi-Urban,2017,19255.0
36,Male,15.7,No,1,0,0,0,Medium,10903,8.8,8,4,3,4,Private,70.0,Semi-Urban,10890,31358.0
81,Male,28.2,No,0,0,1,0,Medium,13336,6.4,8,3,3,3,,0.0,Urban,17311,35859.0
23,Male,32.4,No,0,0,0,0,Medium,13731,8.3,8,2,1,0,Private,71.0,Semi-Urban,15052,14348.0
63,Female,30.6,No,0,1,0,0,Medium,9363,4.2,8,3,0,2,Private,75.0,Semi-Urban,14017,12783.0
59,Male,22.7,Yes,0,1,0,0,Medium,14217,6.2,10,6,1,6,,0.0,Urban,5864,23820.0
82,Female,26.4,No,0,0,0,0,High,12229,7.5,10,3,1,1,,0.0,Rural,9668,15332.0
89,Male,23.3,No,0,0,0,0,High,6943,8.3,7,3,0,1,Government,62.0,Urban,13865,10038.0
76,Female,21.9,No,0,1,0,0,Medium,4401,7.0,2,4,1,7,Government,54.0,Semi-Urban,7731,20096.0
69,Female,30.8,No,0,1,0,0,Low,5101,4.9,2,2,0,3,Government,65.0,Rural,19343,13707.0
64,Female,20.0,Yes,0,0,0,0,Low,8755,8.4,5,1,1,7,,0.0,Rural,7452,20116.0
24,Male,21.5,No,0,0,1,0,Low,2227,6.9,6,5,4,5,Government,67.0,Rural,3465,38364.0
28,Male,20.5,No,0,1,0,0,Low,3416,4.5,9,1,0,1,,0.0,Rural,990,6472.0
78,Male,18.5,No,0,0,0,0,Low,1721,6.3,1,3,1,4,,0.0,Rural,11473,16157.0
85,Female,26.7,No,0,0,0,0,Low,12811,7.5,7,3,0,3,,0.0,Semi-Urban,9433,10331.0
42,Male,31.8,No,0,1,0,0,Medium,1930,6.3,7,3,0,3,,0.0,Urban,14295,13082.0
29,Male,25.1,No,0,1,0,0,Low,11520,8.4,8,0,0,5,,0.0,Urban,10397,12052.0
43,Male,18.5,No,0,0,0,0,Medium,10270,6.1,1,4,0,6,Government,51.0,Semi-Urban,7145,10158.0
29,Male,30.2,No,0,0,0,0,Low,6288,6.9,10,5,1,7,Government,57.0,Semi-Urban,3635,18177.0
60,Female,34.4,No,0,0,0,0,High,12576,5.1,4,0,1,4,,0.0,Urban,5444,13865.0
68,Female,22.8,No,0,1,1,0,Medium,12157,6.6,10,3,1,4,,0.0,Rural,17844,26797.0
54,Male,23.6,No,0,1,0,0,Low,12741,5.1,5,5,1,7,,0.0,Urban,1999,18988.0
63,Male,28.6,No,0,1,0,0,High,3475,5.1,2,0,0,5,Private,91.0,Urban,3332,9518.0
70,Male,34.1,No,0,0,0,0,Low,10727,5.4,2,3,1,1,Government,63.0,Rural,14152,15069.0
30,Female,23.4,No,0,0,0,0,High,9604,4.2,4,3,1,7,Government,75.0,Semi-Urban,19064,20621.0
71,Male,19.3,No,0,0,1,0,Medium,1838,4.8,3,5,3,0,Private,76.0,Urban,9488,30445.0
74,Female,29.2,No,0,0,0,0,Low,4687,6.1,7,5,3,2,,0.0,Urban,842,25609.0
21,Female,30.0,No,0,0,0,0,Low,2026,4.7,7,6,0,6,,0.0,Semi-Urban,1786,10456.0
66,Male,26.0,No,0,0,0,0,Low,12860,4.7,2,5,1,3,Government,53.0,Urban,19088,18626.0
24,Male,23.2,No,0,0,0,0,High,13972,8.8,5,6,0,3,Government,51.0,Urban,16658,11973.0
28,Male,31.0,No,1,1,0,0,Medium,3835,6.1,5,5,1,2,Government,65.0,Semi-Urban,8996,19289.0
71,Female,28.6,No,1,0,1,0,Low,7472,6.0,8,7,1,1,Private,86.0,Urban,3569,22049.0
62,Female,22.2,No,0,1,0,0,Medium,7376,5.3,8,6,1,7,Government,53.0,Urban,10221,22572.0
40,Male,26.2,No,0,0,0,0,Low,6795,6.6,4,2,1,6,,0.0,Urban,18032,19396.0
45,Female,19.2,Yes,1,1,0,0,Low,9251,7.0,10,4,0,2,Private,91.0,Urban,11069,17497.0
74,Male,29.4,No,0,0,0,0,High,1589,6.1,1,5,2,7,Government,72.0,Urban,10525,25319.0
43,Male,24.7,No,0,0,0,0,Medium,11769,6.0,6,3,2,0,Private,72.0,Urban,5635,17691.0
42,Female,23.8,No,0,0,0,0,Low,4168,7.5,7,4,1,7,,0.0,Urban,8398,18673.0
71,Female,25.8,Yes,0,0,0,0,High,3034,8.7,1,5,1,1,Government,62.0,Semi-Urban,19257,19971.0
46,Female,26.2,Yes,0,0,0,1,Low,6185,8.4,8,3,1,3,,0.0,Urban,10710,20619.0
53,Female,30.5,No,1,1,0,0,Low,13260,4.6,9,3,3,2,Government,58.0,Urban,14079,33299.0
31,Male,29.0,Yes,0,0,1,0,Low,6150,7.3,8,3,1,2,Private,93.0,Rural,5374,21502.0
52,Male,25.2,No,0,0,0,0,Medium,6077,4.0,3,4,0,1,Government,70.0,Semi-Urban,9734,7716.0
47,Male,29.8,No,0,0,0,0,Medium,1776,7.2,9,4,1,3,,0.0,Semi-Urban,10589,16811.0
34,Female,28.0,No,0,0,0,0,Low,9339,6.3,10,4,1,2,,0.0,Urban,19821,18666.0
84,Male,23.9,Yes,0,1,0,0,Medium,9238,6.5,3,5,1,7,Private,93.0,Semi-Urban,2381,22311.0
47,Female,25.4,No,0,0,0,0,Medium,10459,6.9,4,3,2,4,,0.0,Urban,13435,22932.0
62,Female,25.3,No,1,0,0,0,Medium,2501,7.7,6,5,2,2,Private,76.0,Urban,1153,21645.0
68,Female,28.5,No,0,1,0,0,High,10810,7.6,7,4,0,6,Government,76.0,Urban,8068,14435.0
64,Male,24.2,No,0,0,0,1,Low,7499,4.2,8,7,2,2,Government,55.0,Semi-Urban,2119,22142.0
70,Female,24.0,No,0,1,0,0,Low,2664,7.7,7,1,1,0,Private,84.0,Urban,9637,14811.0
81,Female,35.8,Yes,0,0,0,0,Medium,7596,8.1,3,2,1,7,Government,73.0,Semi-Urban,16791,23731.0
55,Female,30.7,No,0,0,0,1,Low,7665,4.3,2,4,0,0,Private,87.0,Urban,17510,10774.0
81,Female,22.2,No,0,0,0,0,Low,13232,5.6,2,3,2,6,,0.0,Urban,16305,25578.0
24,Female,28.9,No,0,0,0,0,Low,7320,8.0,9,4,0,2,Private,79.0,Semi-Urban,16842,11400.0
39,Female,26.6,No,0,1,1,0,Medium,12195,6.5,7,4,0,2,Government,67.0,Urban,9343,15981.0
58,Female,28.0,No,0,0,0,0,Low,3022,7.5,7,4,3,0,Private,83.0,Semi-Urban,5202,24561.0
27,Female,26.7,Yes,0,0,0,0,Low,9401,6.5,5,3,0,4,Private,71.0,Semi-Urban,3274,10723.0
74,Female,31.9,No,0,0,0,0,Low,8209,8.9,6,8,0,7,Private,79.0,Urban,2529,13196.0
24,Female,27.7,No,1,0,0,0,Medium,8291,8.7,7,4,1,3,Private,77.0,Semi-Urban,16134,20051.0
67,Female,25.7,No,0,1,0,0,Medium,13474,5.4,9,5,1,1,,0.0,Rural,2842,15564.0
69,Female,31.2,No,0,0,0,0,Low,14336,5.9,10,4,1,2,Private,84.0,Semi-Urban,11357,16923.0
50,Male,27.2,No,0,1,0,0,Medium,10379,6.2,4,2,0,3,Private,91.0,Urban,1443,8249.0
18,Male,26.6,No,0,1,0,0,Medium,9030,4.5,6,0,1,2,Private,78.0,Urban,14530,16317.0
70,Female,27.6,No,0,0,0,0,Medium,4053,6.0,1,7,2,0,,0.0,Rural,5765,18958.0
77,Female,25.5,Yes,0,1,0,0,Low,1034,7.9,7,3,0,5,Private,86.0,Urban,12474,17647.0
51,Female,26.0,No,0,0,0,0,Medium,3043,8.2,4,4,0,2,Private,72.0,Urban,4903,7271.0
21,Male,23.1,No,0,0,0,0,High,10468,8.4,2,4,0,6,Government,55.0,Urban,17248,13087.0
34,Male,22.2,No,0,0,0,0,Low,13762,4.1,4,4,1,3,,0.0,Semi-Urban,19653,18042.0
21,Male,21.0,Yes,0,0,0,0,Low,5854,7.9,8,2,0,5,Private,74.0,Semi-Urban,10945,13734.0
60,Female,19.0,No,0,1,0,0,Low,13757,6.5,2,2,0,1,Private,92.0,Semi-Urban,15269,10351.0
21,Female,21.6,No,0,0,0,0,Medium,3954,5.0,1,1,1,0,Private,74.0,Semi-Urban,13146,11612.0
18,Female,25.1,No,0,0,1,0,Medium,9455,6.5,1,4,0,4,Private,78.0,Urban,2421,11839.0
88,Female,26.5,No,1,0,0,0,Low,10320,8.2,7,2,2,2,Government,75.0,Urban,3057,21772.0
67,Male,24.6,No,0,0,0,0,Low,4291,6.2,7,4,0,7,Government,53.0,Urban,10662,13877.0
78,Female,14.2,No,0,0,0,1,High,14054,9.0,4,3,1,1,Private,91.0,Urban,14512,16640.0
52,Male,33.9,No,0,1,0,0,Medium,9598,7.1,5,3,0,3,Government,68.0,Semi-Urban,3350,9662.0
25,Male,31.4,No,0,0,0,1,High,11885,6.4,5,5,0,5,Government,54.0,Semi-Urban,1245,10316.0
41,Female,28.2,Yes,0,1,0,0,High,10421,5.5,7,4,0,0,Government,72.0,Rural,10935,12946.0
53,Male,35.5,No,1,1,0,0,Medium,7779,4.1,3,6,0,6,Private,78.0,Urban,5164,15974.0
67,Male,21.1,Yes,0,0,0,1,Low,14527,7.1,5,4,1,1,Private,88.0,Semi-Urban,17169,21024.0
60,Male,35.4,No,0,0,1,0,Medium,3111,6.9,7,1,0,6,,0.0,Urban,3978,15055.0
44,Male,21.2,No,0,0,0,0,Low,4016,6.6,7,5,0,4,,0.0,Rural,13677,12219.0
49,Female,27.2,Yes,0,1,0,0,Medium,7957,6.7,9,3,1,2,Government,70.0,Urban,11033,20706.0
35,Female,19.6,No,1,0,0,0,Medium,10063,8.2,4,5,1,0,Private,73.0,Semi-Urban,4247,13862.0
45,Male,26.1,No,0,0,0,0,High,5133,5.6,1,5,1,7,Government,77.0,Rural,4555,16849.0
46,Female,27.9,No,0,0,1,0,Low,5855,6.8,5,4,1,6,,0.0,Urban,7353,22363.0
33,Male,25.2,Yes,0,0,0,0,Low,5760,7.4,4,0,1,1,Government,56.0,Urban,6345,13920.0
64,Female,29.6,No,0,0,0,1,Medium,13509,5.0,3,4,1,6,Government,70.0,Urban,17660,21966.0
76,Female,26.5,No,0,0,0,0,High,14653,8.6,7,1,2,3,,0.0,Rural,2878,19378.0
48,Female,23.4,Yes,0,0,0,0,High,5865,7.7,9,5,2,3,,0.0,Semi-Urban,16903,27933.0
21,Female,23.2,Yes,0,0,0,0,Medium,1472,4.3,4,6,0,5,,0.0,Rural,7356,13523.0
54,Female,30.1,No,0,0,0,0,Low,8703,8.3,6,4,2,5,Government,56.0,Semi-Urban,13975,24976.0
34,Male,22.7,Yes,0,0,0,0,Low,12769,8.6,1,7,0,5,Government,68.0,Urban,2598,12140.0
56,Female,30.6,Yes,0,1,1,0,High,5674,8.0,1,2,0,4,Government,62.0,Urban,13775,20370.0
65,Male,32.1,No,0,0,0,0,Medium,4832,6.1,3,5,2,5,Government,65.0,Urban,18750,26488.0
63,Male,17.7,No,0,0,0,0,Medium,5330,9.0,5,4,0,2,Government,51.0,Urban,17364,11200.0
65,Female,31.7,Yes,1,0,0,0,Low,3141,4.6,6,6,1,4,Private,87.0,Urban,8295,23040.0
56,Male,36.3,No,0,0,0,0,Low,3908,6.7,9,3,1,1,Private,77.0,Semi-Urban,11093,15337.0
21,Female,27.3,No,0,0,0,0,Medium,12078,4.9,9,4,0,5,Government,51.0,Urban,15593,13317.0
47,Male,29.0,Yes,0,0,1,0,High,7332,6.2,10,2,1,0,Government,76.0,Urban,18751,24235.0
47,Male,31.2,No,0,1,0,0,High,13936,8.6,1,5,1,0,Private,87.0,Urban,4435,13406.0
39,Female,24.6,Yes,0,0,0,0,High,14996,8.0,2,3,3,1,,0.0,Semi-Urban,12260,28596.0
83,Female,26.9,Yes,1,0,0,0,Medium,5111,7.9,8,2,1,0,Government,56.0,Semi-Urban,8944,19050.0
29,Female,19.4,No,1,1,1,0,Medium,2398,5.8,5,1,1,5,Private,88.0,Rural,5187,23618.0
53,Female,26.7,Yes,1,0,0,1,High,9555,8.7,3,3,3,1,Private,88.0,Urban,1424,29888.0
35,Male,28.5,Yes,0,0,0,0,Low,9935,5.8,9,2,0,5,Private,85.0,Rural,6042,12968.0
70,Female,28.6,No,0,0,0,0,High,4469,4.2,2,6,0,7,,0.0,Rural,17181,15812.0
88,Male,31.3,No,0,1,0,0,Medium,3457,7.2,7,7,2,4,Government,56.0,Urban,3145,25043.0
18,Male,22.1,No,0,0,0,0,High,7317,5.8,10,1,1,2,Private,80.0,Rural,9284,13808.0
75,Male,23.3,No,0,0,0,0,Medium,4684,4.8,8,1,0,3,Private,71.0,Urban,17307,11791.0
23,Male,35.5,No,0,0,1,0,Low,3233,8.7,2,5,0,3,Private,76.0,Urban,14953,15811.0
87,Male,25.2,No,0,1,1,0,Low,13233,7.2,1,7,2,6,Government,74.0,Rural,15730,34015.0
61,Male,27.0,No,0,1,0,0,Low,1469,8.7,3,2,0,3,Private,90.0,Semi-Urban,7114,9964.0
89,Female,25.7,No,0,0,0,0,Low,6499,6.9,8,4,1,0,Private,70.0,Urban,17451,16986.0
41,Male,21.9,No,0,0,0,0,Medium,9503,4.3,4,1,2,4,Private,74.0,Urban,1661,18375.0
36,Male,34.1,Yes,0,0,0,0,Medium,9029,4.1,5,3,0,6,Private,84.0,Urban,10897,15012.0
35,Male,23.4,No,0,0,0,0,Medium,12039,8.5,9,2,0,4,Government,51.0,Rural,16927,12280.0
47,Female,20.4,No,0,1,0,0,Low,12341,4.2,4,5,2,7,Private,76.0,Semi-Urban,17689,29259.0
59,Female,23.7,No,0,0,1,0,High,13822,7.1,9,5,0,3,Government,66.0,Urban,11526,16549.0
50,Male,16.0,No,1,0,0,0,Medium,7672,5.5,6,1,0,6,,0.0,Urban,19358,16187.0
29,Female,22.7,No,1,0,0,0,High,11361,7.4,7,5,1,5,Private,93.0,Semi-Urban,12677,20964.0
44,Male,21.2,No,0,0,0,0,Low,5323,5.4,8,7,0,4,Private,88.0,Rural,7099,11246.0
56,Female,29.1,No,0,0,0,1,High,1988,4.2,10,3,0,1,Private,84.0,Rural,9840,10445.0
26,Male,22.6,No,0,1,0,0,Low,2431,7.7,10,8,1,3,Government,65.0,Rural,7679,19102.0
38,Female,30.4,No,1,0,0,0,Medium,14486,5.6,1,4,2,3,,0.0,Rural,13965,24562.0
46,Female,33.0,No,0,0,1,0,Medium,7696,6.8,9,5,1,7,,0.0,Urban,5602,23991.0
50,Female,29.9,No,0,0,0,0,High,13302,7.9,2,5,1,2,Government,75.0,Rural,18565,17466.0
79,Male,24.9,No,1,0,0,0,Low,1213,7.5,3,7,2,3,Government,75.0,Rural,4571,23998.0
32,Male,26.7,Yes,0,0,0,0,Low,13890,5.7,1,4,0,0,Private,93.0,Semi-Urban,1103,6572.0
19,Male,18.4,No,1,0,0,0,High,13339,7.7,10,6,0,5,Government,55.0,Urban,10164,14881.0
69,Female,25.3,No,0,0,0,0,Low,6025,8.6,3,6,1,1,Government,51.0,Rural,6651,13934.0
61,Female,21.7,No,0,0,0,0,Low,8483,7.0,2,5,0,4,Private,72.0,Semi-Urban,1690,7978.0
71,Male,29.5,No,0,0,0,0,Medium,13344,7.5,7,3,2,5,,0.0,Rural,7312,23099.0
35,Female,38.9,No,1,0,0,0,Low,10504,8.3,7,5,0,0,Private,89.0,Urban,18894,13435.0
20,Male,28.5,Yes,1,1,0,0,Low,4220,8.2,6,6,0,1,Private,73.0,Urban,13633,17245.0
24,Male,16.0,No,0,0,0,1,Low,11647,5.8,10,3,2,5,Private,91.0,Rural,8500,24210.0
60,Male,24.2,No,0,1,0,1,Low,5627,9.0,4,2,0,5,,0.0,Rural,10406,14148.0
55,Male,26.6,No,0,0,1,0,Medium,4440,4.1,3,4,1,2,,0.0,Rural,11637,20189.0
54,Female,26.4,No,1,0,0,0,Low,6732,8.9,7,3,0,7,,0.0,Rural,14498,16921.0
75,Female,22.3,No,0,1,0,0,Medium,3404,5.2,3,2,0,7,Government,65.0,Urban,14631,15558.0
50,Female,27.2,No,0,0,0,0,High,9891,6.2,9,8,0,3,Private,81.0,Semi-Urban,3288,10202.0
76,Male,19.8,No,0,0,0,0,Low,8597,8.4,10,5,3,4,,0.0,Rural,19225,33082.0
28,Female,21.3,No,0,0,0,0,High,6152,5.2,8,5,0,5,,0.0,Urban,663,8998.0
85,Male,29.2,Yes,0,1,0,0,High,10758,5.1,7,3,2,3,Government,62.0,Urban,3020,25482.0
85,Male,20.9,No,0,0,1,0,Medium,13961,7.2,2,2,2,0,Private,84.0,Urban,12819,24373.0
39,Male,28.7,No,1,0,0,1,High,8957,7.5,10,3,0,3,Government,71.0,Urban,16142,16084.0
83,Male,19.2,No,0,0,0,0,Low,8017,4.0,3,4,1,1,Government,69.0,Urban,11224,14603.0
61,Male,34.8,Yes,0,1,0,0,High,10501,6.3,8,7,1,7,,0.0,Urban,7933,25644.0
23,Male,22.1,No,0,0,0,0,Medium,5612,6.4,3,4,1,3,,0.0,Urban,4378,13036.0
59,Female,24.9,No,0,0,1,0,Low,1680,5.4,8,6,0,3,Government,62.0,Rural,2218,13992.0
42,Female,27.7,No,1,0,0,1,Medium,10900,6.7,4,2,0,2,Private,90.0,Urban,19755,14798.0
74,Female,23.2,No,0,1,0,0,Medium,5822,4.8,5,3,2,6,Private,87.0,Semi-Urban,3096,24105.0
72,Female,26.7,No,1,0,0,0,Low,4900,5.6,9,7,0,3,Government,65.0,Rural,17331,16940.0
33,Male,28.9,No,0,0,0,0,Low,11356,7.6,10,3,2,2,Government,51.0,Semi-Urban,7194,20485.0
31,Male,30.8,No,0,1,0,0,Medium,5364,8.4,2,6,0,6,Government,69.0,Urban,14430,15473.0
56,Female,30.0,No,1,0,0,0,Medium,2787,6.9,3,1,1,0,Private,90.0,Urban,11182,14875.0
45,Female,25.1,No,0,0,0,0,Medium,1717,4.4,1,7,1,7,Government,65.0,Rural,8015,18657.0
68,Female,25.3,No,1,1,1,0,Medium,9912,7.4,8,2,0,6,,0.0,Urban,3051,19734.0
66,Female,37.7,Yes,0,1,0,0,Low,12426,8.5,9,3,0,2,,0.0,Urban,8563,14620.0
26,Female,30.7,No,0,0,0,0,Medium,4857,6.5,10,5,0,7,Government,67.0,Rural,1652,11537.0
75,Female,21.4,No,0,0,0,0,High,9062,6.5,9,2,2,2,Private,82.0,Semi-Urban,7440,20574.0
62,Female,26.5,No,0,0,0,0,High,3187,9.0,3,5,0,6,Private,84.0,Semi-Urban,2269,10116.0
39,Female,24.3,Yes,0,1,0,0,Medium,13150,7.2,5,2,1,6,,0.0,Semi-Urban,9365,21918.0
49,Male,25.3,Yes,0,1,0,0,High,4752,8.0,9,9,0,0,Government,65.0,Semi-Urban,1041,12451.0
86,Male,19.9,No,1,0,0,0,High,13431,7.2,5,2,0,2,,0.0,Semi-Urban,7476,10460.0
86,Male,23.9,No,0,0,0,0,Low,11461,5.1,1,6,2,6,Government,64.0,Semi-Urban,8339,24339.0
59,Male,35.1,No,0,1,0,1,Low,1780,5.4,1,3,2,3,,0.0,Urban,1264,21912.0
70,Female,28.9,No,0,0,0,0,Low,14179,7.3,4,0,2,6,Private,71.0,Urban,15648,24561.0
76,Male,13.5,No,0,0,0,1,Medium,1629,6.3,7,3,2,0,Government,73.0,Urban,13175,21977.0
56,Female,32.1,No,0,0,0,0,Medium,6729,6.0,7,2,1,7,Government,74.0,Rural,17307,21075.0
32,Male,31.4,No,0,0,0,0,Low,5530,4.1,7,4,1,0,Private,94.0,Semi-Urban,1805,11123.0
88,Female,24.2,Yes,0,1,0,0,High,6664,8.4,6,5,0,7,Government,60.0,Rural,16777,21319.0
46,Female,29.6,Yes,0,1,0,0,Medium,8621,8.4,1,1,1,2,Government,56.0,Semi-Urban,15667,19708.0
20,Male,21.7,Yes,0,0,0,0,Medium,4921,6.3,3,5,1,2,Government,61.0,Urban,8331,16750.0
27,Male,23.6,No,0,0,0,0,Low,8234,7.5,5,1,2,1,Private,75.0,Rural,7015,17552.0
46,Female,33.5,Yes,0,0,1,0,Low,12269,4.9,4,1,0,0,Government,55.0,Rural,15617,15810.0
52,Female,24.6,Yes,1,1,0,0,Medium,4312,6.5,4,2,1,4,Government,63.0,Semi-Urban,19215,25842.0
23,Female,16.7,No,0,0,0,0,High,12318,6.2,9,9,2,3,Government,53.0,Semi-Urban,14588,25137.0
29,Male,25.7,Yes,0,0,0,1,High,3430,7.3,7,4,1,5,Government,71.0,Semi-Urban,9114,21585.0
55,Male,25.6,No,0,0,0,0,Medium,7577,6.3,9,4,3,5,Government,62.0,Urban,19673,33170.0
36,Female,32.0,No,0,0,0,1,Low,12733,6.5,7,5,0,2,Government,65.0,Semi-Urban,17249,13355.0
84,Male,26.1,No,0,0,0,0,Low,12334,5.5,10,4,2,6,Private,84.0,Rural,9576,25736.0
25,Female,23.9,Yes,0,1,0,0,High,10821,4.2,3,2,1,5,Private,85.0,Semi-Urban,4555,18984.0
25,Male,31.2,Yes,0,0,0,1,Low,2473,8.6,10,4,0,0,Private,83.0,Urban,19633,15426.0
64,Male,26.6,No,0,0,0,0,Medium,9671,4.1,4,3,1,7,Government,76.0,Rural,16995,20776.0
21,Male,22.2,No,0,0,1,0,Medium,14454,5.4,9,4,1,0,,0.0,Rural,11941,19068.0
68,Male,31.8,No,0,0,0,0,Medium,3069,6.2,1,8,0,6,Government,73.0,Rural,13985,14709.0
84,Male,27.0,No,0,0,0,0,Medium,1560,5.6,3,9,0,7,Private,91.0,Urban,4877,13753.0
62,Female,26.0,No,0,0,0,0,High,3695,6.8,4,2,2,3,Private,88.0,Urban,2172,18672.0
25,Female,26.9,No,0,1,1,0,High,14703,6.3,4,4,0,0,,0.0,Urban,1281,11091.0
33,Male,20.6,No,0,0,0,1,High,8910,5.3,7,5,1,4,Private,89.0,Urban,17864,20737.0
84,Female,23.4,No,0,0,0,0,Medium,11851,4.4,4,2,2,1,Government,74.0,Semi-Urban,15839,21534.0
26,Female,26.0,No,1,0,0,0,Low,8460,4.7,10,4,0,6,,0.0,Semi-Urban,8830,14849.0
77,Male,25.0,No,0,1,1,0,High,11951,6.4,8,3,1,3,Government,73.0,Rural,11329,23889.0
88,Female,32.4,Yes,0,0,0,1,Low,3003,8.2,1,3,2,4,,0.0,Urban,14228,28100.0
32,Male,27.1,No,0,1,0,0,Medium,13408,4.5,3,4,1,0,Government,72.0,Semi-Urban,19099,17383.0
88,Female,30.3,No,0,0,0,1,Low,11978,7.4,10,3,1,6,Government,53.0,Urban,1114,18503.0
58,Female,26.0,No,1,0,1,0,Medium,4992,8.0,10,3,1,0,Government,73.0,Urban,18535,24201.0
39,Female,31.3,No,0,0,0,0,Low,2461,5.4,6,3,0,7,Private,74.0,Rural,17678,15022.0
41,Female,28.0,No,0,1,1,0,High,14038,7.3,3,5,1,2,Government,73.0,Urban,8731,21479.0
61,Female,26.1,No,0,0,0,0,High,14076,7.4,8,3,0,3,Government,62.0,Urban,2161,7851.0
18,Female,25.9,Yes,0,0,0,0,Medium,14412,7.5,7,2,1,1,Private,84.0,Urban,12856,16994.0
27,Female,21.2,Yes,0,0,0,0,Low,1894,8.5,5,7,1,2,Government,56.0,Rural,18619,21162.0
89,Male,28.5,No,0,0,0,0,Medium,10198,6.0,2,3,0,5,Government,57.0,Urban,5305,9827.0
73,Male,25.8,No,0,0,0,0,Low,13474,5.2,5,6,0,0,Government,53.0,Urban,9859,8592.0
67,Male,23.5,No,0,0,1,0,High,6278,6.7,9,3,1,1,,0.0,Semi-Urban,5021,18351.0
29,Male,31.5,No,0,0,0,0,Low,1517,4.3,5,3,2,3,Government,63.0,Urban,12039,21737.0
77,Female,19.7,Yes,0,0,0,0,Low,7825,5.7,3,3,0,4,Government,77.0,Semi-Urban,17154,15277.0
43,Female,23.9,Yes,0,0,0,0,Medium,9054,8.4,7,4,0,1,,0.0,Urban,4797,9816.0
58,Female,31.1,No,0,0,0,0,Medium,6299,6.7,3,6,1,2,Private,81.0,Semi-Urban,16543,17656.0
53,Male,27.6,No,0,0,0,0,Medium,8379,6.2,8,4,0,4,Private,88.0,Urban,11310,11681.0
40,Male,25.8,No,0,0,0,0,Low,2000,5.3,5,2,1,4,Government,63.0,Urban,17078,17697.0
